{
"type": "FeatureCollection",
"name": "zona_potensial_35m_Focal_35m_2_25_False",
"crs": { "type": "name", "properties": { "name": "urn:ogc:def:crs:OGC:1.3:CRS84" } },
"features": [
{ "type": "Feature", "properties": { "zone_id": 1, "pixel_count": 633, "area_m2": 253200, "area_ha": 25.32, "salinity_min": 33.114, "salinity_max": 33.114, "salinity_mean": 33.114, "salinity_median": 33.114, "depth_min": 6.235, "depth_max": 19.118, "depth_mean": 11.093, "depth_median": 11.203, "temperature_min": 28.978, "temperature_max": 28.978, "temperature_mean": 28.978, "temperature_median": 28.978, "sedimentation_min": 18.567, "sedimentation_max": 18.567, "sedimentation_mean": 18.567, "sedimentation_median": 18.567, "depth_group": "35m", "source_zone_tif": "zone_Focal_35m_2_25_False.tif", "source_csv": "ringkasan_Focal_35m_2_25_False.csv" }, "geometry": { "type": "Polygon", "coordinates": [ [ [ 137.369137312962323, -5.167411300044924 ], [ 137.369135254236141, -5.167772431945815 ], [ 137.368955155277717, -5.167771399851699 ], [ 137.368946918508385, -5.16921592711607 ], [ 137.361382778130604, -5.16917252098972 ], [ 137.361381746236759, -5.169353085368082 ], [ 137.364443415212207, -5.169370665955094 ], [ 137.364438259513435, -5.170273490914932 ], [ 137.372362639354236, -5.170318933231932 ], [ 137.372361610340761, -5.170499499815524 ], [ 137.374522817696686, -5.170511876491461 ], [ 137.374500183605306, -5.174484350577976 ], [ 137.374859358438499, -5.174666981298767 ], [ 137.374895356655401, -5.168347133390744 ], [ 137.371473457629918, -5.168327543790977 ], [ 137.371475515254303, -5.16796641095527 ], [ 137.371295415771357, -5.167965379486893 ], [ 137.371296444579713, -5.167784813103424 ], [ 137.369495452262271, -5.167774495981288 ], [ 137.369496481542029, -5.16759392995896 ], [ 137.369137312962323, -5.167411300044924 ] ] ] } },
{ "type": "Feature", "properties": { "zone_id": 2, "pixel_count": 340, "area_m2": 136000, "area_ha": 13.6, "salinity_min": 33.099, "salinity_max": 33.099, "salinity_mean": 33.099, "salinity_median": 33.099, "depth_min": 7.396, "depth_max": 17.535, "depth_mean": 10.874, "depth_median": 10.525, "temperature_min": 29.066, "temperature_max": 29.066, "temperature_mean": 29.066, "temperature_median": 29.066, "sedimentation_min": 4.725, "sedimentation_max": 4.725, "sedimentation_mean": 4.725, "sedimentation_median": 4.725, "depth_group": "35m", "source_zone_tif": "zone_Focal_35m_2_25_False.tif", "source_csv": "ringkasan_Focal_35m_2_25_False.csv" }, "geometry": { "type": "Polygon", "coordinates": [ [ [ 137.191755732578173, -5.166731150481075 ], [ 137.191754653159592, -5.16691167985636 ], [ 137.191574590929946, -5.166910597592904 ], [ 137.191555153945586, -5.170160125450113 ], [ 137.19119502777383, -5.170157959402077 ], [ 137.19118314240248, -5.172143780945751 ], [ 137.190821934447229, -5.172322143005408 ], [ 137.190805717570072, -5.175030080070806 ], [ 137.189185140035249, -5.175020320177898 ], [ 137.189184058146878, -5.175200848963326 ], [ 137.192785346779687, -5.175222532770007 ], [ 137.192812357115514, -5.170709293749756 ], [ 137.192632293590663, -5.170708210993506 ], [ 137.192633373558067, -5.170527681454438 ], [ 137.192093183365131, -5.170524432994253 ], [ 137.192114777733593, -5.16691384423066 ], [ 137.191755732578173, -5.166731150481075 ] ] ] } },
{ "type": "Feature", "properties": { "zone_id": 3, "pixel_count": 603, "area_m2": 241200, "area_ha": 24.12, "salinity_min": 33.099, "salinity_max": 33.099, "salinity_mean": 33.099, "salinity_median": 33.099, "depth_min": 7.374, "depth_max": 15.082, "depth_mean": 8.746, "depth_median": 8.385, "temperature_min": 29.066, "temperature_max": 29.066, "temperature_mean": 29.066, "temperature_median": 29.066, "sedimentation_min": 4.725, "sedimentation_max": 4.725, "sedimentation_mean": 4.725, "sedimentation_median": 4.725, "depth_group": "35m", "source_zone_tif": "zone_Focal_35m_2_25_False.tif", "source_csv": "ringkasan_Focal_35m_2_25_False.csv" }, "geometry": { "type": "Polygon", "coordinates": [ [ [ 137.193857090438826, -5.176673272082788 ], [ 137.193843035616567, -5.179020158897729 ], [ 137.194023101746467, -5.179021243045113 ], [ 137.19401769458068, -5.179923891953695 ], [ 137.194376746017696, -5.180106590329291 ], [ 137.194368093074161, -5.181550829115667 ], [ 137.199049846358577, -5.181579010216178 ], [ 137.199047685386745, -5.181940071874276 ], [ 137.199587889654424, -5.181943321548088 ], [ 137.199588970006744, -5.181762790605857 ], [ 137.199949106274204, -5.181764956724095 ], [ 137.199954506954754, -5.180862301614838 ], [ 137.20013457489128, -5.180863384407783 ], [ 137.200138894545603, -5.180141260146126 ], [ 137.199238556261946, -5.180135846429948 ], [ 137.199239636334539, -5.179955315551068 ], [ 137.198879501389854, -5.179953149783449 ], [ 137.198881661624029, -5.179592088173687 ], [ 137.198161392599502, -5.179587756329984 ], [ 137.198162472862805, -5.179407225675002 ], [ 137.197982405752924, -5.17940614262453 ], [ 137.197989966883512, -5.178142428270238 ], [ 137.195649102556843, -5.17812834742795 ], [ 137.195656666444165, -5.176864636466762 ], [ 137.195476600580633, -5.17686355323398 ], [ 137.195477681034077, -5.176683023129635 ], [ 137.193857090438826, -5.176673272082788 ] ] ] } },
{ "type": "Feature", "properties": { "zone_id": 4, "pixel_count": 640, "area_m2": 256000, "area_ha": 25.6, "salinity_min": 33.099, "salinity_max": 33.099, "salinity_mean": 33.099, "salinity_median": 33.099, "depth_min": 6.919, "depth_max": 15.802, "depth_mean": 9.759, "depth_median": 9.38, "temperature_min": 29.066, "temperature_max": 29.066, "temperature_mean": 29.066, "temperature_median": 29.066, "sedimentation_min": 6.706, "sedimentation_max": 6.706, "sedimentation_mean": 6.706, "sedimentation_median": 6.706, "depth_group": "35m", "source_zone_tif": "zone_Focal_35m_2_25_False.tif", "source_csv": "ringkasan_Focal_35m_2_25_False.csv" }, "geometry": { "type": "Polygon", "coordinates": [ [ [ 137.210054523683453, -5.178214862127149 ], [ 137.210045909499399, -5.179659127407213 ], [ 137.208785422569093, -5.17965156827899 ], [ 137.208784345268782, -5.17983210116852 ], [ 137.208604275808653, -5.179831021051213 ], [ 137.208603198419439, -5.180011553901648 ], [ 137.209683616056253, -5.180018034067483 ], [ 137.209674998014606, -5.181462298642198 ], [ 137.209855068160948, -5.18146337879398 ], [ 137.209851835920176, -5.182004978102356 ], [ 137.210031906257228, -5.182006058316612 ], [ 137.210032983657982, -5.18182552517724 ], [ 137.212914113409568, -5.181842801060926 ], [ 137.212915189958011, -5.181662267315253 ], [ 137.215616257175668, -5.181678451026426 ], [ 137.215617332922761, -5.181497916712686 ], [ 137.215797404323695, -5.181498995180812 ], [ 137.215802782235073, -5.180596323404484 ], [ 137.218323782274098, -5.180611413957839 ], [ 137.218331304768952, -5.179347669717999 ], [ 137.219051590436777, -5.179351978411395 ], [ 137.219052664723591, -5.179171443364015 ], [ 137.214190749629751, -5.179142344867808 ], [ 137.214191825251959, -5.178961810838817 ], [ 137.210230286405988, -5.178938074297323 ], [ 137.210234592990219, -5.178215941495975 ], [ 137.210054523683453, -5.178214862127149 ] ] ] } },
{ "type": "Feature", "properties": { "zone_id": 5, "pixel_count": 1015, "area_m2": 406000, "area_ha": 40.6, "salinity_min": 33.114, "salinity_max": 33.114, "salinity_mean": 33.114, "salinity_median": 33.114, "depth_min": 6.815, "depth_max": 17.49, "depth_mean": 12.586, "depth_median": 12.448, "temperature_min": 28.978, "temperature_max": 28.978, "temperature_mean": 28.978, "temperature_median": 28.978, "sedimentation_min": 18.567, "sedimentation_max": 18.567, "sedimentation_mean": 18.567, "sedimentation_median": 18.567, "depth_group": "35m", "source_zone_tif": "zone_Focal_35m_2_25_False.tif", "source_csv": "ringkasan_Focal_35m_2_25_False.csv" }, "geometry": { "type": "Polygon", "coordinates": [ [ [ 137.368489753507077, -5.18618704483269 ], [ 137.368461841899432, -5.191062318682301 ], [ 137.368101631104963, -5.191060244783011 ], [ 137.368100596729192, -5.191240810391337 ], [ 137.368280702159211, -5.191241847402818 ], [ 137.368249655458555, -5.196658816165776 ], [ 137.372752341342135, -5.196684752006157 ], [ 137.372786448795296, -5.190726056409882 ], [ 137.372606342607185, -5.190725020785875 ], [ 137.372609441470985, -5.190183321228163 ], [ 137.370268066330425, -5.190169854874506 ], [ 137.370276333668926, -5.188725326433995 ], [ 137.369015598615817, -5.188718073770286 ], [ 137.369030065841685, -5.186190152361361 ], [ 137.368489753507077, -5.18618704483269 ] ] ] } },
{ "type": "Feature", "properties": { "zone_id": 6, "pixel_count": 1778, "area_m2": 711200, "area_ha": 71.12, "salinity_min": 33.099, "salinity_max": 33.114, "salinity_mean": 33.107, "salinity_median": 33.114, "depth_min": 6.919, "depth_max": 19.029, "depth_mean": 10.243, "depth_median": 9.719, "temperature_min": 28.978, "temperature_max": 29.066, "temperature_mean": 29.02, "temperature_median": 28.978, "sedimentation_min": 6.706, "sedimentation_max": 10.766, "sedimentation_mean": 8.823, "sedimentation_median": 10.766, "depth_group": "35m", "source_zone_tif": "zone_Focal_35m_2_25_False.tif", "source_csv": "ringkasan_Focal_35m_2_25_False.csv" }, "geometry": { "type": "Polygon", "coordinates": [ [ [ 137.24309599070088, -5.193939051109876 ], [ 137.243084212849482, -5.195924990902658 ], [ 137.240202918484442, -5.195907805961069 ], [ 137.240201846727757, -5.196088345334457 ], [ 137.239841685509333, -5.196086196220644 ], [ 137.239655172705142, -5.197168357125426 ], [ 137.239295011100722, -5.197166207254124 ], [ 137.239293938824545, -5.197346746431075 ], [ 137.239113858027906, -5.197345671381111 ], [ 137.239110640819661, -5.197887288791833 ], [ 137.238750479033371, -5.197885138313091 ], [ 137.238742970177753, -5.19914891170202 ], [ 137.238562888983779, -5.199147836123039 ], [ 137.238561816088009, -5.199328375136047 ], [ 137.239102059936357, -5.199331601832021 ], [ 137.239103132678935, -5.199151062706378 ], [ 137.239463295331177, -5.199153213505931 ], [ 137.239468657966995, -5.198250517483539 ], [ 137.250273592373929, -5.198314934988614 ], [ 137.250248986927915, -5.202467388162175 ], [ 137.250429071492277, -5.202468461086741 ], [ 137.250426931049304, -5.202829544014985 ], [ 137.250787100495415, -5.20283168986012 ], [ 137.250783889855256, -5.203373314467671 ], [ 137.250963974788107, -5.203374387425654 ], [ 137.250962904550533, -5.203554928996429 ], [ 137.251323074631415, -5.203557074833506 ], [ 137.251322004458444, -5.203737616477874 ], [ 137.254203371341816, -5.20375477639333 ], [ 137.254248251874628, -5.19617200111564 ], [ 137.244883956301777, -5.196116265187659 ], [ 137.244894658902069, -5.194310861645429 ], [ 137.244714577803478, -5.194309788819426 ], [ 137.244715647907185, -5.194129248495813 ], [ 137.243275000883926, -5.19412066434618 ], [ 137.243276071358082, -5.193940124321264 ], [ 137.24309599070088, -5.193939051109876 ] ] ] } },
{ "type": "Feature", "properties": { "zone_id": 7, "pixel_count": 274, "area_m2": 109600, "area_ha": 10.96, "salinity_min": 33.114, "salinity_max": 33.114, "salinity_mean": 33.114, "salinity_median": 33.114, "depth_min": 7.08, "depth_max": 18.712, "depth_mean": 11.982, "depth_median": 12.18, "temperature_min": 28.978, "temperature_max": 28.978, "temperature_mean": 28.978, "temperature_median": 28.978, "sedimentation_min": 10.766, "sedimentation_max": 10.766, "sedimentation_mean": 10.766, "sedimentation_median": 10.766, "depth_group": "35m", "source_zone_tif": "zone_Focal_35m_2_25_False.tif", "source_csv": "ringkasan_Focal_35m_2_25_False.csv" }, "geometry": { "type": "Polygon", "coordinates": [ [ [ 137.264317013334988, -5.198940035317207 ], [ 137.264282898180653, -5.2047174544273 ], [ 137.258340011642133, -5.204682136279489 ], [ 137.258333600649991, -5.205765394830333 ], [ 137.2646366741821, -5.205802859515105 ], [ 137.264677186319631, -5.198942171630262 ], [ 137.264317013334988, -5.198940035317207 ] ] ] } },
{ "type": "Feature", "properties": { "zone_id": 8, "pixel_count": 15805, "area_m2": 6322000, "area_ha": 632.2, "salinity_min": 33.127, "salinity_max": 33.127, "salinity_mean": 33.127, "salinity_median": 33.127, "depth_min": 6.069, "depth_max": 20.746, "depth_mean": 12.72, "depth_median": 12.541, "temperature_min": 28.861, "temperature_max": 28.861, "temperature_mean": 28.861, "temperature_median": 28.861, "sedimentation_min": 19.635, "sedimentation_max": 19.635, "sedimentation_mean": 19.635, "sedimentation_median": 19.635, "depth_group": "35m", "source_zone_tif": "zone_Focal_35m_2_25_False.tif", "source_csv": "ringkasan_Focal_35m_2_25_False.csv" }, "geometry": { "type": "Polygon", "coordinates": [ [ [ 137.397361650950984, -5.208382882896653 ], [ 137.397359591923077, -5.208744025651228 ], [ 137.391956121031342, -5.208713038000448 ], [ 137.391954058786553, -5.209074178590171 ], [ 137.393214866463012, -5.209081413678478 ], [ 137.393161215879076, -5.218471080384703 ], [ 137.391900389547487, -5.218463832185274 ], [ 137.391890057306625, -5.220269534415767 ], [ 137.392070175758334, -5.220270570387364 ], [ 137.392248227568558, -5.220632746882844 ], [ 137.393869296514339, -5.220642068497442 ], [ 137.39383725880063, -5.226239756828933 ], [ 137.394017379345257, -5.226240793422837 ], [ 137.39401117478539, -5.227324217049222 ], [ 137.394371416599853, -5.227326290514562 ], [ 137.394382789500042, -5.225340013039982 ], [ 137.405190077319673, -5.225402097452726 ], [ 137.405135403811926, -5.234972456402391 ], [ 137.404414903008757, -5.234968315598797 ], [ 137.404396307867813, -5.238218622807662 ], [ 137.404036055829636, -5.238216550803728 ], [ 137.40403502232013, -5.238397123342831 ], [ 137.403854896303727, -5.238396087227517 ], [ 137.403807313449136, -5.24670242103069 ], [ 137.403447056783023, -5.246700345341378 ], [ 137.403446021421047, -5.246880917714308 ], [ 137.412272353835164, -5.246931714315065 ], [ 137.412262023509101, -5.248737455551906 ], [ 137.41244215415972, -5.248738491282639 ], [ 137.412450418296118, -5.247293898016518 ], [ 137.416593423709514, -5.247317698957383 ], [ 137.416594455377833, -5.24713712397005 ], [ 137.416054062441788, -5.247134021158416 ], [ 137.416106637681906, -5.237924700631942 ], [ 137.416647022731951, -5.237927797968512 ], [ 137.416649082289069, -5.237566647863426 ], [ 137.416468954006035, -5.237565615541093 ], [ 137.416469983782122, -5.237385040522472 ], [ 137.413948192320987, -5.237370583090631 ], [ 137.413951283595679, -5.236828859530743 ], [ 137.413592059013638, -5.236646219121452 ], [ 137.413688761017511, -5.219672215208597 ], [ 137.41639060406817, -5.219687653853232 ], [ 137.416391630332157, -5.21950707874775 ], [ 137.416571753438916, -5.219508107543384 ], [ 137.416575857929701, -5.218785806965963 ], [ 137.414594507993087, -5.218774488959423 ], [ 137.414616058969557, -5.214982418871141 ], [ 137.407411229937395, -5.214941240122432 ], [ 137.407413285684299, -5.214580093428689 ], [ 137.404171133293033, -5.214561537454759 ], [ 137.404204035125133, -5.208783210353808 ], [ 137.404023917530253, -5.208782180127097 ], [ 137.404024945167862, -5.208601607420703 ], [ 137.403124357991203, -5.208596455696692 ], [ 137.40312538584871, -5.208415883168612 ], [ 137.397361650950984, -5.208382882896653 ] ] ] } },
{ "type": "Feature", "properties": { "zone_id": 9, "pixel_count": 2590, "area_m2": 1036000, "area_ha": 103.6, "salinity_min": 33.114, "salinity_max": 33.114, "salinity_mean": 33.114, "salinity_median": 33.114, "depth_min": 7.388, "depth_max": 20.904, "depth_mean": 10.837, "depth_median": 10.923, "temperature_min": 28.978, "temperature_max": 28.978, "temperature_mean": 28.978, "temperature_median": 28.978, "sedimentation_min": 6.419, "sedimentation_max": 6.419, "sedimentation_mean": 6.419, "sedimentation_median": 6.419, "depth_group": "35m", "source_zone_tif": "zone_Focal_35m_2_25_False.tif", "source_csv": "ringkasan_Focal_35m_2_25_False.csv" }, "geometry": { "type": "Polygon", "coordinates": [ [ [ 137.272792777814004, -5.227517527207093 ], [ 137.272740353838458, -5.236364277614351 ], [ 137.270579170162819, -5.23635139247711 ], [ 137.270573812637252, -5.237254119707645 ], [ 137.269133024458142, -5.237245524000438 ], [ 137.269131952429035, -5.237426069144861 ], [ 137.268951854023783, -5.237424994412077 ], [ 137.268948637557202, -5.237966629726056 ], [ 137.270029229477018, -5.237973078019315 ], [ 137.270015291573372, -5.240320167154031 ], [ 137.270735689612479, -5.240324466920518 ], [ 137.270733545169662, -5.240685557835636 ], [ 137.27109374461989, -5.240687707558098 ], [ 137.271085166174316, -5.242132071763895 ], [ 137.276848390924272, -5.24216644876465 ], [ 137.276884776760596, -5.236027859862353 ], [ 137.277064876401113, -5.236028932027907 ], [ 137.277080914463426, -5.233320730022303 ], [ 137.287346611745306, -5.233381726468994 ], [ 137.287347677719453, -5.233201177542948 ], [ 137.279783470118417, -5.233156250589182 ], [ 137.2798005551779, -5.230267492534866 ], [ 137.279620456622098, -5.230266422331467 ], [ 137.279621524172143, -5.230085874979547 ], [ 137.27926239489085, -5.229903187213593 ], [ 137.279266664979019, -5.229180998085502 ], [ 137.279086566843603, -5.229179927950423 ], [ 137.279087634323645, -5.228999380702412 ], [ 137.274225000185083, -5.228970468589179 ], [ 137.274229275279595, -5.228248283599072 ], [ 137.273870150436608, -5.228065594588717 ], [ 137.273873356560557, -5.227523956052381 ], [ 137.272792777814004, -5.227517527207093 ] ] ] } },
{ "type": "Feature", "properties": { "zone_id": 10, "pixel_count": 2945, "area_m2": 1178000, "area_ha": 117.8, "salinity_min": 33.125, "salinity_max": 33.125, "salinity_mean": 33.125, "salinity_median": 33.125, "depth_min": 5.402, "depth_max": 20.683, "depth_mean": 10.518, "depth_median": 10.478, "temperature_min": 28.956, "temperature_max": 28.956, "temperature_mean": 28.956, "temperature_median": 28.956, "sedimentation_min": 19.696, "sedimentation_max": 19.696, "sedimentation_mean": 19.696, "sedimentation_median": 19.696, "depth_group": "35m", "source_zone_tif": "zone_Focal_35m_2_25_False.tif", "source_csv": "ringkasan_Focal_35m_2_25_False.csv" }, "geometry": { "type": "Polygon", "coordinates": [ [ [ 137.574211834642057, -5.250008900838282 ], [ 137.574205912803251, -5.251092534410429 ], [ 137.573485262202695, -5.251088575984834 ], [ 137.57348328756774, -5.251449786891972 ], [ 137.574744427203427, -5.251456714072 ], [ 137.574687123877794, -5.261931842134832 ], [ 137.570723481854884, -5.261910018772116 ], [ 137.570722491712161, -5.262090623639018 ], [ 137.579010128231658, -5.262136227231977 ], [ 137.578959706826026, -5.271347154071296 ], [ 137.57913987628865, -5.271348145976691 ], [ 137.579156692477653, -5.268277836804928 ], [ 137.579336861093196, -5.268278828077482 ], [ 137.57933784991954, -5.268098221610371 ], [ 137.579698187150029, -5.268100203931262 ], [ 137.579739682466652, -5.260514728332168 ], [ 137.580460348638354, -5.260518686611729 ], [ 137.580469230741102, -5.258893226042999 ], [ 137.58209072744566, -5.25890212637078 ], [ 137.582106503529445, -5.256012413530319 ], [ 137.583367663762829, -5.256019329279932 ], [ 137.583377515731087, -5.254213256205842 ], [ 137.583197350397484, -5.254212268738403 ], [ 137.583218029441184, -5.250419515600187 ], [ 137.583037865227141, -5.250418528797612 ], [ 137.583038849617509, -5.250237921525955 ], [ 137.580336391302836, -5.250223113785117 ], [ 137.580337376433647, -5.250042507024366 ], [ 137.574211834642057, -5.250008900838282 ] ] ] } },
{ "type": "Feature", "properties": { "zone_id": 11, "pixel_count": 6061, "area_m2": 2424400, "area_ha": 242.44, "salinity_min": 33.125, "salinity_max": 33.125, "salinity_mean": 33.125, "salinity_median": 33.125, "depth_min": 5.898, "depth_max": 19.522, "depth_mean": 11.071, "depth_median": 10.752, "temperature_min": 28.956, "temperature_max": 28.956, "temperature_mean": 28.956, "temperature_median": 28.956, "sedimentation_min": 19.696, "sedimentation_max": 19.696, "sedimentation_mean": 19.696, "sedimentation_median": 19.696, "depth_group": "35m", "source_zone_tif": "zone_Focal_35m_2_25_False.tif", "source_csv": "ringkasan_Focal_35m_2_25_False.csv" }, "geometry": { "type": "Polygon", "coordinates": [ [ [ 137.543043258720076, -5.2500175771916 ], [ 137.543017355148919, -5.254713167716333 ], [ 137.542837197344198, -5.254712168503381 ], [ 137.542836200532378, -5.254892768087802 ], [ 137.541935411771419, -5.25488777107307 ], [ 137.541919453921565, -5.25777736149369 ], [ 137.541739295446263, -5.257776361382661 ], [ 137.54170435482655, -5.264097338119069 ], [ 137.548730631739062, -5.264136351126856 ], [ 137.548727640907373, -5.26467815309968 ], [ 137.549988774206838, -5.264685147799907 ], [ 137.549969831915433, -5.2681165646205 ], [ 137.550149994938437, -5.268117564310394 ], [ 137.550151989349558, -5.267756362491856 ], [ 137.55429574605904, -5.267779339435712 ], [ 137.55433157886398, -5.261277677346007 ], [ 137.556493523784525, -5.261289639544102 ], [ 137.556537231189566, -5.25334314332436 ], [ 137.559599956334665, -5.25336005126672 ], [ 137.559605905974308, -5.252276434454891 ], [ 137.548436034722954, -5.252214710723709 ], [ 137.548446974395603, -5.250228103259636 ], [ 137.547726344386831, -5.250224115763075 ], [ 137.547727338901041, -5.250043515215048 ], [ 137.543043258720076, -5.2500175771916 ] ] ] } },
{ "type": "Feature", "properties": { "zone_id": 12, "pixel_count": 217, "area_m2": 86800, "area_ha": 8.68, "salinity_min": 33.113, "salinity_max": 33.113, "salinity_mean": 33.113, "salinity_median": 33.113, "depth_min": 7.73, "depth_max": 9.874, "depth_mean": 8.588, "depth_median": 8.608, "temperature_min": 29.096, "temperature_max": 29.096, "temperature_mean": 29.096, "temperature_median": 29.096, "sedimentation_min": 4.12, "sedimentation_max": 4.12, "sedimentation_mean": 4.12, "sedimentation_median": 4.12, "depth_group": "35m", "source_zone_tif": "zone_Focal_35m_2_25_False.tif", "source_csv": "ringkasan_Focal_35m_2_25_False.csv" }, "geometry": { "type": "Polygon", "coordinates": [ [ [ 137.287175575611116, -5.262269538450113 ], [ 137.287171287476355, -5.262991733336664 ], [ 137.286991178021765, -5.262990658587839 ], [ 137.286989033627208, -5.263351755949407 ], [ 137.286628814623043, -5.263349606147935 ], [ 137.28662666987239, -5.263710703356167 ], [ 137.288607877379093, -5.263722525513193 ], [ 137.288600373560115, -5.264986368556214 ], [ 137.288780483919282, -5.264987443246025 ], [ 137.288779411847742, -5.265167992284178 ], [ 137.289319743304105, -5.265171216153576 ], [ 137.289317599359691, -5.265532314448397 ], [ 137.28949771002317, -5.26553338904189 ], [ 137.289503069346011, -5.264630643110142 ], [ 137.290043400784015, -5.264633866023752 ], [ 137.290050901184344, -5.26337002088842 ], [ 137.290951452515827, -5.263375390077625 ], [ 137.290952523593944, -5.263194840582356 ], [ 137.290772413304836, -5.263193766885244 ], [ 137.290777768395088, -5.262291019575133 ], [ 137.287175575611116, -5.262269538450113 ] ] ] } },
{ "type": "Feature", "properties": { "zone_id": 13, "pixel_count": 117, "area_m2": 46800, "area_ha": 4.68, "salinity_min": 33.125, "salinity_max": 33.125, "salinity_mean": 33.125, "salinity_median": 33.125, "depth_min": 6.104, "depth_max": 16.895, "depth_mean": 9.254, "depth_median": 8.308, "temperature_min": 28.956, "temperature_max": 28.956, "temperature_mean": 28.956, "temperature_median": 28.956, "sedimentation_min": 15.974, "sedimentation_max": 15.974, "sedimentation_mean": 15.974, "sedimentation_median": 15.974, "depth_group": "35m", "source_zone_tif": "zone_Focal_35m_2_25_False.tif", "source_csv": "ringkasan_Focal_35m_2_25_False.csv" }, "geometry": { "type": "Polygon", "coordinates": [ [ [ 137.578982114419631, -5.300064549798718 ], [ 137.578799946621615, -5.300424764819543 ], [ 137.577718880325676, -5.300418779280112 ], [ 137.577717884928177, -5.300599385252885 ], [ 137.578618773682933, -5.300604373504011 ], [ 137.578612802140498, -5.301688010340024 ], [ 137.57915333674498, -5.301691003278405 ], [ 137.579152341524036, -5.301871609515926 ], [ 137.579332519846474, -5.301872607091634 ], [ 137.579330529405809, -5.302233819631297 ], [ 137.579871064892416, -5.302236812249638 ], [ 137.579873055020045, -5.301875599504982 ], [ 137.580233411974319, -5.301877594185733 ], [ 137.580239380906193, -5.300793955512121 ], [ 137.583302415246408, -5.300810898369932 ], [ 137.583303409061386, -5.300630291339551 ], [ 137.582943051669218, -5.300628298914713 ], [ 137.582944045554115, -5.300447691951357 ], [ 137.579520658173351, -5.300428754133533 ], [ 137.579521653014893, -5.300248147817772 ], [ 137.579161297274567, -5.300246153333679 ], [ 137.579162292186055, -5.300065547085015 ], [ 137.578982114419631, -5.300064549798718 ] ] ] } },
{ "type": "Feature", "properties": { "zone_id": 14, "pixel_count": 1211, "area_m2": 484400, "area_ha": 48.44, "salinity_min": 33.123, "salinity_max": 33.123, "salinity_mean": 33.123, "salinity_median": 33.123, "depth_min": 7.296, "depth_max": 20.464, "depth_mean": 14.123, "depth_median": 14.675, "temperature_min": 29.046, "temperature_max": 29.046, "temperature_mean": 29.046, "temperature_median": 29.046, "sedimentation_min": 16.472, "sedimentation_max": 16.472, "sedimentation_mean": 16.472, "sedimentation_median": 16.472, "depth_group": "35m", "source_zone_tif": "zone_Focal_35m_2_25_False.tif", "source_csv": "ringkasan_Focal_35m_2_25_False.csv" }, "geometry": { "type": "Polygon", "coordinates": [ [ [ 137.478681412254957, -5.321894735802941 ], [ 137.478677298676359, -5.322617082928017 ], [ 137.474533512139601, -5.322593358970203 ], [ 137.474532482452275, -5.322773944938961 ], [ 137.474352318192985, -5.322772912797578 ], [ 137.474348198879937, -5.323495256519221 ], [ 137.473087048590941, -5.323488029073974 ], [ 137.473058187255845, -5.328544427660244 ], [ 137.47107636703322, -5.328533054197599 ], [ 137.471070175385847, -5.329616565726733 ], [ 137.470709844268328, -5.329614496718491 ], [ 137.47070881209811, -5.329795081898453 ], [ 137.473951798206173, -5.32981369604001 ], [ 137.473935293760633, -5.332703068895684 ], [ 137.474115460831342, -5.332704103078901 ], [ 137.474135057853999, -5.329272972107869 ], [ 137.476837553222197, -5.329288468514114 ], [ 137.476845794482927, -5.327843777429603 ], [ 137.479728458282324, -5.327860289396126 ], [ 137.479729487442057, -5.327679702442131 ], [ 137.479008820852329, -5.327675575851905 ], [ 137.479038657168616, -5.32243855771917 ], [ 137.478858492128666, -5.322437526960138 ], [ 137.478861577102464, -5.321895766508945 ], [ 137.478681412254957, -5.321894735802941 ] ] ] } },
{ "type": "Feature", "properties": { "zone_id": 15, "pixel_count": 4550, "area_m2": 1820000, "area_ha": 182.0, "salinity_min": 33.104, "salinity_max": 33.125, "salinity_mean": 33.116, "salinity_median": 33.125, "depth_min": 5.436, "depth_max": 18.204, "depth_mean": 11.503, "depth_median": 11.337, "temperature_min": 28.956, "temperature_max": 29.077, "temperature_mean": 29.005, "temperature_median": 28.956, "sedimentation_min": 14.336, "sedimentation_max": 18.34, "sedimentation_mean": 16.74, "sedimentation_median": 18.34, "depth_group": "35m", "source_zone_tif": "zone_Focal_35m_2_25_False.tif", "source_csv": "ringkasan_Focal_35m_2_25_False.csv" }, "geometry": { "type": "Polygon", "coordinates": [ [ [ 137.622651303137133, -5.354310017780824 ], [ 137.622650310748469, -5.354490631909229 ], [ 137.622470108949415, -5.354489637206496 ], [ 137.622469116474093, -5.354670251299913 ], [ 137.622107720257759, -5.354848875693164 ], [ 137.622095806231982, -5.357016243892171 ], [ 137.620654187701518, -5.35700827974299 ], [ 137.620653194223394, -5.35718889348145 ], [ 137.615967947652564, -5.357162985757779 ], [ 137.615965957852296, -5.357524211474221 ], [ 137.615425353641939, -5.357521219619531 ], [ 137.615424358532579, -5.357701832374452 ], [ 137.622812644727418, -5.357742681264633 ], [ 137.622754995683152, -5.368218299233749 ], [ 137.611942705231485, -5.368158372641418 ], [ 137.611973630096287, -5.362559398828593 ], [ 137.607108183587968, -5.362532398009161 ], [ 137.60709919594612, -5.36415789842851 ], [ 137.606738792539801, -5.364155896223441 ], [ 137.606737793636739, -5.364336507307105 ], [ 137.607999206525477, -5.36434351433599 ], [ 137.607950236601141, -5.373193467529009 ], [ 137.608490850404706, -5.373196474728517 ], [ 137.608487850061465, -5.373738308804855 ], [ 137.609388874542901, -5.373743320251997 ], [ 137.609383874611211, -5.374646377867797 ], [ 137.610465106701099, -5.374652390870878 ], [ 137.610492087639102, -5.369775873887363 ], [ 137.610852495752937, -5.369777875969072 ], [ 137.610860484487404, -5.368332981331146 ], [ 137.622934206662876, -5.368399910494757 ], [ 137.622871459619546, -5.379778596264571 ], [ 137.614401660985749, -5.379731570824069 ], [ 137.614388664041883, -5.382079532343566 ], [ 137.617452211261934, -5.382096562551764 ], [ 137.617450213022749, -5.382457788531612 ], [ 137.620333562259191, -5.382473804025315 ], [ 137.62032158014145, -5.384641166284719 ], [ 137.620501790393661, -5.384642167206851 ], [ 137.620500791715926, -5.384822780754089 ], [ 137.621762264803976, -5.384829785957791 ], [ 137.621761266463324, -5.385010399740072 ], [ 137.623743585262446, -5.385021403028754 ], [ 137.623691655076669, -5.394413337279774 ], [ 137.624953152128398, -5.394420348301242 ], [ 137.624963142116968, -5.392614205001694 ], [ 137.624782928681554, -5.392613203924072 ], [ 137.624840806752587, -5.382137572270149 ], [ 137.625021017112033, -5.382138571392047 ], [ 137.625053895023285, -5.376178295216606 ], [ 137.624873686411263, -5.376177297207418 ], [ 137.624971111162893, -5.358477078393433 ], [ 137.624790907762531, -5.358476083635668 ], [ 137.624791900265393, -5.358295469129924 ], [ 137.624431493671977, -5.358293479523235 ], [ 137.624453322468156, -5.354319961565305 ], [ 137.622651303137133, -5.354310017780824 ] ] ] } },
{ "type": "Feature", "properties": { "zone_id": 16, "pixel_count": 5261, "area_m2": 2104400, "area_ha": 210.44, "salinity_min": 33.104, "salinity_max": 33.125, "salinity_mean": 33.118, "salinity_median": 33.125, "depth_min": 6.998, "depth_max": 22.684, "depth_mean": 12.896, "depth_median": 13.203, "temperature_min": 28.956, "temperature_max": 29.077, "temperature_mean": 28.997, "temperature_median": 28.956, "sedimentation_min": 8.861, "sedimentation_max": 12.472, "sedimentation_mean": 11.245, "sedimentation_median": 12.472, "depth_group": "35m", "source_zone_tif": "zone_Focal_35m_2_25_False.tif", "source_csv": "ringkasan_Focal_35m_2_25_False.csv" }, "geometry": { "type": "Polygon", "coordinates": [ [ [ 137.553600061076168, -5.360426833554945 ], [ 137.553581807045788, -5.363677651892151 ], [ 137.553041232785915, -5.363674601463362 ], [ 137.5530402181856, -5.363855202366883 ], [ 137.552860026782156, -5.363854185417047 ], [ 137.552837695643973, -5.367827404219242 ], [ 137.547431934817126, -5.367796848378913 ], [ 137.547422780251992, -5.369422246590778 ], [ 137.550305856415406, -5.369438553932961 ], [ 137.550284502587772, -5.373231160948017 ], [ 137.552987411206175, -5.373246447618929 ], [ 137.552970127057364, -5.376316661675549 ], [ 137.554772079461145, -5.376326852016953 ], [ 137.554728338783974, -5.384092700751138 ], [ 137.554908536491638, -5.384093720973489 ], [ 137.554910572256262, -5.383732518689584 ], [ 137.555090769892615, -5.383733538790001 ], [ 137.555100946107245, -5.381927526950748 ], [ 137.561768263390519, -5.381965220613933 ], [ 137.561770294298441, -5.381604015686851 ], [ 137.562310889349675, -5.381607068538583 ], [ 137.562337274438107, -5.376911401349677 ], [ 137.562517471481215, -5.376912417967906 ], [ 137.562520514252014, -5.376370610057606 ], [ 137.568647228876529, -5.37640514002076 ], [ 137.568648241265379, -5.376224536214986 ], [ 137.563963104335841, -5.376198137356214 ], [ 137.564007675768494, -5.368251607899039 ], [ 137.558962234947273, -5.368223180586638 ], [ 137.558965275910197, -5.367681374556784 ], [ 137.558424695048728, -5.367678326620521 ], [ 137.558426722501252, -5.367317122800599 ], [ 137.556264403438036, -5.367304927115944 ], [ 137.556284683022284, -5.363692896894102 ], [ 137.553942190058962, -5.363679685246828 ], [ 137.553958414729635, -5.360790067865553 ], [ 137.553778224050006, -5.360789051765459 ], [ 137.553780251615677, -5.36042784963906 ], [ 137.553600061076168, -5.360426833554945 ] ] ] } },
{ "type": "Feature", "properties": { "zone_id": 17, "pixel_count": 3824, "area_m2": 1529600, "area_ha": 152.96, "salinity_min": 33.104, "salinity_max": 33.104, "salinity_mean": 33.104, "salinity_median": 33.104, "depth_min": 7.367, "depth_max": 19.169, "depth_mean": 12.141, "depth_median": 12.113, "temperature_min": 29.077, "temperature_max": 29.077, "temperature_mean": 29.077, "temperature_median": 29.077, "sedimentation_min": 14.336, "sedimentation_max": 14.336, "sedimentation_mean": 14.336, "sedimentation_median": 14.336, "depth_group": "35m", "source_zone_tif": "zone_Focal_35m_2_25_False.tif", "source_csv": "ringkasan_Focal_35m_2_25_False.csv" }, "geometry": { "type": "Polygon", "coordinates": [ [ [ 137.596171702808704, -5.384867780157118 ], [ 137.596162648461302, -5.386493260845439 ], [ 137.595441823745432, -5.386489226655479 ], [ 137.595421688803071, -5.390101402877852 ], [ 137.589474870806868, -5.390068065901876 ], [ 137.589455696649907, -5.393499611502851 ], [ 137.58585156253929, -5.393479366138917 ], [ 137.585850551968377, -5.393659973107742 ], [ 137.589454687140716, -5.393680219153478 ], [ 137.589448629365421, -5.394763865030819 ], [ 137.589989251780707, -5.394766900715227 ], [ 137.589987232566472, -5.395128116202023 ], [ 137.593951808710074, -5.3951503647502 ], [ 137.593925576830287, -5.399846185095416 ], [ 137.594105786612261, -5.39984719666568 ], [ 137.594107805165009, -5.39948597967821 ], [ 137.594288014874934, -5.399486991127152 ], [ 137.594289024046816, -5.399306382597501 ], [ 137.606002725128889, -5.399372010309404 ], [ 137.605987635787017, -5.402081171239048 ], [ 137.606167848498131, -5.402082179646913 ], [ 137.606213091090495, -5.3939546944832 ], [ 137.60837561759206, -5.393966772917057 ], [ 137.608378629395872, -5.393424939262076 ], [ 137.599728560538637, -5.393376584434313 ], [ 137.599750693761166, -5.389403173112382 ], [ 137.596687166439267, -5.389386030756744 ], [ 137.596712320273781, -5.384870804323564 ], [ 137.596171702808704, -5.384867780157118 ] ] ] } },
{ "type": "Feature", "properties": { "zone_id": 18, "pixel_count": 5281, "area_m2": 2112400, "area_ha": 211.24, "salinity_min": 33.104, "salinity_max": 33.104, "salinity_mean": 33.104, "salinity_median": 33.104, "depth_min": 7.275, "depth_max": 19.885, "depth_mean": 12.158, "depth_median": 12.064, "temperature_min": 29.077, "temperature_max": 29.077, "temperature_mean": 29.077, "temperature_median": 29.077, "sedimentation_min": 9.106, "sedimentation_max": 14.336, "sedimentation_mean": 13.457, "sedimentation_median": 14.336, "depth_group": "35m", "source_zone_tif": "zone_Focal_35m_2_25_False.tif", "source_csv": "ringkasan_Focal_35m_2_25_False.csv" }, "geometry": { "type": "Polygon", "coordinates": [ [ [ 137.620263597570954, -5.39511674799358 ], [ 137.62025859371974, -5.39601981518466 ], [ 137.619177312862746, -5.396013795770859 ], [ 137.619175310446821, -5.396375022233246 ], [ 137.618814883554023, -5.396373015200956 ], [ 137.618812880789619, -5.396734241523204 ], [ 137.617911813621504, -5.396729222672889 ], [ 137.617910811922684, -5.396909835663203 ], [ 137.617550385187286, -5.396907827682775 ], [ 137.617547379567839, -5.39744966644344 ], [ 137.615565033202756, -5.397438617628423 ], [ 137.615493769287497, -5.410262105260887 ], [ 137.615133335564195, -5.410260090891391 ], [ 137.615127304758403, -5.411343765206074 ], [ 137.610621886723067, -5.411318562496008 ], [ 137.610620880137816, -5.411499174031372 ], [ 137.613504346079822, -5.411515308151427 ], [ 137.613453008530684, -5.420726522403702 ], [ 137.612912349844322, -5.420723493120239 ], [ 137.612911342179899, -5.420904105030092 ], [ 137.613452001026388, -5.420907134415069 ], [ 137.613449985915537, -5.421268358434017 ], [ 137.61399064538881, -5.421271387540626 ], [ 137.61399568210993, -5.420368326976309 ], [ 137.617419860821087, -5.420387496926879 ], [ 137.61742489162171, -5.419484433118836 ], [ 137.618145771848901, -5.419488465761988 ], [ 137.618151806406445, -5.418404788339708 ], [ 137.624819962452932, -5.418442042236739 ], [ 137.624870104204547, -5.409411332840794 ], [ 137.62505032261879, -5.409412337001078 ], [ 137.625051324534809, -5.409231722747337 ], [ 137.62469088784681, -5.409229714440834 ], [ 137.624512673603448, -5.4088674818986 ], [ 137.62307092933338, -5.408859446650488 ], [ 137.623080951803985, -5.407053307728883 ], [ 137.622540299860304, -5.407050294642521 ], [ 137.622548316668514, -5.405605384224455 ], [ 137.619484635336022, -5.405588305590334 ], [ 137.619536738594377, -5.396196415754452 ], [ 137.620437806495801, -5.396201431702172 ], [ 137.620443810900525, -5.395117750874052 ], [ 137.620263597570954, -5.39511674799358 ] ] ] } },
{ "type": "Feature", "properties": { "zone_id": 19, "pixel_count": 448930, "area_m2": 179572000, "area_ha": 17957.2, "salinity_min": 33.031, "salinity_max": 33.099, "salinity_mean": 33.076, "salinity_median": 33.08, "depth_min": 3.386, "depth_max": 24.504, "depth_mean": 10.794, "depth_median": 10.7, "temperature_min": 28.626, "temperature_max": 29.037, "temperature_mean": 28.897, "temperature_median": 28.874, "sedimentation_min": 7.334, "sedimentation_max": 24.106, "sedimentation_mean": 15.957, "sedimentation_median": 16.128, "depth_group": "35m", "source_zone_tif": "zone_Focal_35m_2_25_False.tif", "source_csv": "ringkasan_Focal_35m_2_25_False.csv" }, "geometry": { "type": "Polygon", "coordinates": [ [ [ 137.684667044539651, -5.416605542225781 ], [ 137.684666058952473, -5.416786167493468 ], [ 137.652765581357045, -5.416610497252148 ], [ 137.652764586295802, -5.416791116627119 ], [ 137.641049982477682, -5.416726182376422 ], [ 137.641044989331704, -5.417629268344252 ], [ 137.640684541711494, -5.41762726645053 ], [ 137.640671554191385, -5.419975288947026 ], [ 137.63111970479531, -5.419922137691257 ], [ 137.631060522625376, -5.430578439702133 ], [ 137.629979168269301, -5.430572401195532 ], [ 137.629973141209632, -5.431656091467452 ], [ 137.629072011907738, -5.431651056894785 ], [ 137.629062966622911, -5.433276590702016 ], [ 137.626900253981518, -5.433264498622356 ], [ 137.626899248138358, -5.433445113079217 ], [ 137.627079474058718, -5.433446121081079 ], [ 137.627078468235112, -5.433626735570378 ], [ 137.630142314980731, -5.433643863972015 ], [ 137.630127237200185, -5.436353089749511 ], [ 137.632470195875356, -5.436366184047494 ], [ 137.632457131342846, -5.438714185179567 ], [ 137.636962854592014, -5.438739351969636 ], [ 137.636959842903167, -5.439281200876227 ], [ 137.638942369601125, -5.439292264746444 ], [ 137.63892329969687, -5.44272398124482 ], [ 137.63964422358228, -5.442728005412181 ], [ 137.639625145544414, -5.446159724006138 ], [ 137.642328630209875, -5.446174816545744 ], [ 137.642317588301154, -5.448161606323978 ], [ 137.644840855773595, -5.448175686949362 ], [ 137.644795675582969, -5.456303482848412 ], [ 137.648039929827263, -5.456321598167967 ], [ 137.648031898374057, -5.457766544217951 ], [ 137.654520455111992, -5.457802732157412 ], [ 137.654487366432477, -5.463763173507918 ], [ 137.659534101528038, -5.463791302289746 ], [ 137.659522078273397, -5.465958746389695 ], [ 137.660783770687232, -5.46596577478326 ], [ 137.66076372871089, -5.469578185883079 ], [ 137.667432741510993, -5.469615316720817 ], [ 137.667418732038186, -5.472144021455795 ], [ 137.675710035850784, -5.47219010249019 ], [ 137.675697053403013, -5.474538205125119 ], [ 137.677499527134529, -5.474548211936667 ], [ 137.677493536563986, -5.475631953534648 ], [ 137.678034280306122, -5.475634955122074 ], [ 137.677950299528533, -5.4908073410635 ], [ 137.676508280594533, -5.490799313436889 ], [ 137.676493252710458, -5.493508663141582 ], [ 137.686046710998966, -5.49356180790788 ], [ 137.686028719237015, -5.496813058814401 ], [ 137.691977178425645, -5.496846091665593 ], [ 137.691975182247376, -5.497207343924651 ], [ 137.692155439261086, -5.49720834406392 ], [ 137.692159431267896, -5.496485839408493 ], [ 137.692700201859083, -5.496488839104104 ], [ 137.69270419268355, -5.495766334031702 ], [ 137.702438102816785, -5.495820237928863 ], [ 137.70240326741532, -5.502142218997118 ], [ 137.710875542280064, -5.502189060735369 ], [ 137.71086660096293, -5.503814726680292 ], [ 137.711948176162423, -5.503820699615736 ], [ 137.711940228676298, -5.505265737502328 ], [ 137.714463914848068, -5.505279670424447 ], [ 137.714411249522755, -5.514853068740496 ], [ 137.709724334141356, -5.514827139557455 ], [ 137.709723338150411, -5.515007768825686 ], [ 137.714770787931968, -5.515035691956975 ], [ 137.71476283098329, -5.516480733416961 ], [ 137.714943097961395, -5.516481730144907 ], [ 137.714976898528647, -5.510340302261237 ], [ 137.724350730891217, -5.510391999112735 ], [ 137.724309090333122, -5.51797854023636 ], [ 137.724489359496346, -5.517979534339982 ], [ 137.72453099777286, -5.510392991841456 ], [ 137.728496877508007, -5.510414818110699 ], [ 137.728522593396804, -5.505718367203924 ], [ 137.737716213011254, -5.505768819908538 ], [ 137.737700434755936, -5.508658970286623 ], [ 137.743288782012371, -5.50868958469062 ], [ 137.743285827701044, -5.509231490879883 ], [ 137.743826637661471, -5.509234451083469 ], [ 137.743825652988306, -5.509415086574988 ], [ 137.744186193234327, -5.509417059837177 ], [ 137.744183239343869, -5.509958966499368 ], [ 137.744363509678919, -5.509959953146489 ], [ 137.744365478863443, -5.509598681974555 ], [ 137.754821208017745, -5.509655810664164 ], [ 137.754817282112128, -5.510378360539506 ], [ 137.755358099332881, -5.510381310883701 ], [ 137.755294240700493, -5.522122749837696 ], [ 137.751147901604327, -5.522100069508189 ], [ 137.751109471338879, -5.529144901197764 ], [ 137.74498006001167, -5.529111277828741 ], [ 137.74497907211375, -5.529291913408246 ], [ 137.752730983349807, -5.529334427915122 ], [ 137.752722111880701, -5.530960160648363 ], [ 137.753984060077386, -5.530967074105469 ], [ 137.753971246018011, -5.533315357491026 ], [ 137.757396555515299, -5.533334117109786 ], [ 137.757392615760494, -5.534056668264883 ], [ 137.763702434891542, -5.534091178362525 ], [ 137.763652254644683, -5.543303761598485 ], [ 137.763471970760321, -5.543302774874872 ], [ 137.763470985932003, -5.543483413696394 ], [ 137.762749850501962, -5.543479466125213 ], [ 137.762748865422537, -5.543660104816049 ], [ 137.762929149285782, -5.543661091823303 ], [ 137.762918311861824, -5.545648117694328 ], [ 137.763098596358674, -5.545649105002731 ], [ 137.763103522676204, -5.544745911282342 ], [ 137.775362926255326, -5.544812908815155 ], [ 137.775351146318769, -5.5469806000404 ], [ 137.77571172059973, -5.546982567497132 ], [ 137.775702883562786, -5.548608336375823 ], [ 137.778046625950424, -5.548621123273523 ], [ 137.778035829376478, -5.55060817859194 ], [ 137.778396406818359, -5.550610145693594 ], [ 137.778388553174011, -5.552055277252657 ], [ 137.780912605027225, -5.55206904443074 ], [ 137.780853682515357, -5.562907555560597 ], [ 137.780673389600366, -5.562906570616466 ], [ 137.780671423396967, -5.563267854177329 ], [ 137.783736409223934, -5.563284591850443 ], [ 137.783683323085143, -5.573039275588333 ], [ 137.781159174943042, -5.573025468462147 ], [ 137.781155235802828, -5.573748035678611 ], [ 137.781335532107761, -5.573749022388311 ], [ 137.781314844265438, -5.577542500614545 ], [ 137.78203603442509, -5.577546449605144 ], [ 137.782027165809637, -5.579172226973126 ], [ 137.78238776207354, -5.579174201716915 ], [ 137.782392688856447, -5.578270991759199 ], [ 137.784375967600823, -5.578281847142515 ], [ 137.784381875042612, -5.577197993028972 ], [ 137.786184855821801, -5.577207853847388 ], [ 137.786185839732411, -5.57702721116932 ], [ 137.786546436166816, -5.577029182607869 ], [ 137.786549387374663, -5.576487254373253 ], [ 137.786729685475535, -5.57648823991356 ], [ 137.786757214497186, -5.571430241602755 ], [ 137.788379885017406, -5.571439100895647 ], [ 137.788383813686892, -5.570716528470606 ], [ 137.789645891032279, -5.570723415052092 ], [ 137.789653743744452, -5.569278268343319 ], [ 137.801913976164002, -5.569345008860645 ], [ 137.801905175315284, -5.570970818503652 ], [ 137.802265773632172, -5.570972778185537 ], [ 137.802216838011475, -5.580005055293142 ], [ 137.811051671622579, -5.580053076961152 ], [ 137.811049717913107, -5.580414371107259 ], [ 137.811590628931015, -5.580417307102275 ], [ 137.811588675423053, -5.580778601434515 ], [ 137.817538719316559, -5.580810866744701 ], [ 137.817524091148613, -5.583520589835432 ], [ 137.817704396879662, -5.583521567112302 ], [ 137.817724873139838, -5.579727954036779 ], [ 137.825658306176933, -5.579770870269567 ], [ 137.825842500931117, -5.579049245649363 ], [ 137.825301583638094, -5.579046323477796 ], [ 137.825302555907598, -5.5788656738825 ], [ 137.825122250262211, -5.578864699746847 ], [ 137.82512419481526, -5.578503400615898 ], [ 137.824583278400922, -5.578500478068777 ], [ 137.824584250794459, -5.578319828596609 ], [ 137.824403945441986, -5.578318854335787 ], [ 137.824458351509378, -5.568202483637092 ], [ 137.826441678304832, -5.56821317792815 ], [ 137.826442648326463, -5.568032528066011 ], [ 137.826622950899349, -5.568033499912607 ], [ 137.826627800253533, -5.567130250424209 ], [ 137.83960964962867, -5.567200067461551 ], [ 137.839603854016957, -5.568283980519471 ], [ 137.839784158973231, -5.568284948383138 ], [ 137.839788988454785, -5.56738168734676 ], [ 137.8405102075005, -5.567385557619724 ], [ 137.840534337486304, -5.562869248802454 ], [ 137.842517677400906, -5.562879878834022 ], [ 137.842699909444008, -5.56251953937345 ], [ 137.852256051523113, -5.562570657359833 ], [ 137.852232974220271, -5.566906363078695 ], [ 137.85241328096123, -5.566907326840733 ], [ 137.852438279122083, -5.562210311460864 ], [ 137.858027759593739, -5.562240135473018 ], [ 137.858030637518709, -5.561698169181175 ], [ 137.867406599956638, -5.561748073101079 ], [ 137.867352991535626, -5.571864866658389 ], [ 137.8641074010892, -5.571847577452971 ], [ 137.864106441907921, -5.572028233880634 ], [ 137.862844270224201, -5.572021505265467 ], [ 137.862843310626772, -5.572202161472377 ], [ 137.862663000457701, -5.572201199990122 ], [ 137.862661081058235, -5.572562512337409 ], [ 137.86248077081089, -5.572561550737383 ], [ 137.862470211249757, -5.574548768211618 ], [ 137.862109589641051, -5.574546844156374 ], [ 137.862101906678902, -5.575992092630091 ], [ 137.861741284317162, -5.575990167852672 ], [ 137.861709567085057, -5.581951814876059 ], [ 137.851612090707306, -5.581897773593721 ], [ 137.851614020106922, -5.58153646521171 ], [ 137.851433709041743, -5.581535498680394 ], [ 137.851408615520256, -5.58623250643072 ], [ 137.851047990622476, -5.586230571565891 ], [ 137.851046059243203, -5.586591879692787 ], [ 137.848521686970457, -5.586578328577334 ], [ 137.848520720462176, -5.586758982197988 ], [ 137.849422281549494, -5.586763823281149 ], [ 137.849418416300551, -5.587486438381005 ], [ 137.849959353994763, -5.587489342746619 ], [ 137.849947757184452, -5.589657189057498 ], [ 137.851029637396493, -5.58966299856549 ], [ 137.85102190629641, -5.591108230848635 ], [ 137.852464418549403, -5.591115975781648 ], [ 137.852443157260495, -5.595090369678376 ], [ 137.853344734514707, -5.595095211927338 ], [ 137.853293465744315, -5.604669893932359 ], [ 137.851849950476236, -5.604842786421221 ], [ 137.851846075625872, -5.605565402773355 ], [ 137.851665757162948, -5.605564432166569 ], [ 137.851636677950381, -5.610984053210913 ], [ 137.850374437986574, -5.610977250802183 ], [ 137.850373467800608, -5.61115790459679 ], [ 137.854881476189917, -5.611182187229889 ], [ 137.854825231398081, -5.621660150749379 ], [ 137.854103935877191, -5.621656260560466 ], [ 137.854102964982815, -5.621836914940314 ], [ 137.861496270366871, -5.621876748544215 ], [ 137.861488520254341, -5.623321993840475 ], [ 137.862570474506668, -5.623327816823942 ], [ 137.86256950593301, -5.623508472668434 ], [ 137.863290809621986, -5.623512353671887 ], [ 137.863288872823347, -5.623873665607926 ], [ 137.86382985125465, -5.623876575965366 ], [ 137.863825977943549, -5.624599200198339 ], [ 137.866711204595219, -5.624614715666072 ], [ 137.86670926952479, -5.624976028777723 ], [ 137.875004346246953, -5.625020559392671 ], [ 137.875086258808523, -5.609664625313983 ], [ 137.874905935052539, -5.609663661163018 ], [ 137.874934792713844, -5.604243918455699 ], [ 137.874574148613476, -5.604241991862167 ], [ 137.874643299336554, -5.591234609179072 ], [ 137.875003935489303, -5.591236531273589 ], [ 137.875088221695165, -5.575338604643489 ], [ 137.874907908447227, -5.575337646373038 ], [ 137.874970966754006, -5.563414197007668 ], [ 137.874430038070813, -5.563411328051977 ], [ 137.874430992609746, -5.563230669779511 ], [ 137.874070373754762, -5.563228756930099 ], [ 137.874071328371912, -5.563048098718855 ], [ 137.873530400490068, -5.563045229126335 ], [ 137.873535173926115, -5.56214193851989 ], [ 137.872273011890144, -5.562135241974801 ], [ 137.872274921811794, -5.561773926160996 ], [ 137.870652145306565, -5.56176531292438 ], [ 137.870653100713611, -5.561584655297048 ], [ 137.868128787548216, -5.561571248521993 ], [ 137.868172737483633, -5.553261016449401 ], [ 137.867451516366827, -5.553257189725738 ], [ 137.867462018653583, -5.55126996129784 ], [ 137.865298365557351, -5.551258479995794 ], [ 137.865331779498717, -5.544935492590526 ], [ 137.863348455877514, -5.544924973195067 ], [ 137.863363727559545, -5.542034469667786 ], [ 137.859577411441478, -5.542014379324341 ], [ 137.859579322127587, -5.541653067678353 ], [ 137.851826437357971, -5.541611857689556 ], [ 137.851825479681764, -5.541792512161672 ], [ 137.850743686136354, -5.541786753695775 ], [ 137.850741770033324, -5.542148062258517 ], [ 137.850561471110808, -5.542147102259662 ], [ 137.85055763830556, -5.542869719244043 ], [ 137.840641234443154, -5.542816828072671 ], [ 137.840646040394148, -5.54191356551008 ], [ 137.838662774166039, -5.54190296914091 ], [ 137.838663735861672, -5.541722316972088 ], [ 137.829468645597302, -5.541673103430918 ], [ 137.829519717423494, -5.532098622210278 ], [ 137.831683225902907, -5.532110194525433 ], [ 137.831684188005966, -5.531929543522041 ], [ 137.831503895511673, -5.531928579494609 ], [ 137.831553883740554, -5.522534727223498 ], [ 137.833176491842096, -5.522543386685552 ], [ 137.8331822512244, -5.521459478724776 ], [ 137.832100514162278, -5.521453707380669 ], [ 137.832104354418732, -5.520731102808062 ], [ 137.830481752937715, -5.52072244325134 ], [ 137.830482713411811, -5.520541792390085 ], [ 137.830302424572295, -5.520540829976184 ], [ 137.830319708627457, -5.517289114828111 ], [ 137.830139420798957, -5.517288152929984 ], [ 137.830147099717067, -5.515842946319784 ], [ 137.829966812355451, -5.515841984620645 ], [ 137.829967772130971, -5.515661333820379 ], [ 137.824378881446222, -5.515631495111442 ], [ 137.824390416480611, -5.513463697207198 ], [ 137.821866420531677, -5.513450209837502 ], [ 137.821871229240458, -5.51254696287987 ], [ 137.821330374596471, -5.512544071817311 ], [ 137.821339029722964, -5.510918228071882 ], [ 137.817913632957072, -5.510899912067046 ], [ 137.817916520518764, -5.510357965941131 ], [ 137.814310855465891, -5.510338666620775 ], [ 137.814321452670129, -5.508351537729713 ], [ 137.813059477112489, -5.508344780277503 ], [ 137.813079705339163, -5.504551174834264 ], [ 137.810014933475543, -5.504534764159221 ], [ 137.810038056246583, -5.500199227402919 ], [ 137.798860812379019, -5.500139291111503 ], [ 137.798861778786744, -5.499958645711106 ], [ 137.791650721593527, -5.499919867621488 ], [ 137.791662341981635, -5.497752138092845 ], [ 137.791482066863637, -5.497751167912089 ], [ 137.791489811638542, -5.496306015048655 ], [ 137.791129262366127, -5.496304075037394 ], [ 137.791141844624292, -5.493955702296058 ], [ 137.789879928115909, -5.493948913466121 ], [ 137.789937952049996, -5.48311028075867 ], [ 137.791019575205326, -5.483116088370622 ], [ 137.791020540961199, -5.482935444261321 ], [ 137.791561352812892, -5.482938347240195 ], [ 137.791562318374361, -5.482757703033428 ], [ 137.790841236186168, -5.482753832414931 ], [ 137.790844133325095, -5.482211900171918 ], [ 137.790123052301965, -5.482208029072154 ], [ 137.790125949798352, -5.48166609720275 ], [ 137.789765409804716, -5.48166416152057 ], [ 137.789820413138983, -5.471367457510381 ], [ 137.790721747986481, -5.471372287167394 ], [ 137.790758348318008, -5.464507809466627 ], [ 137.791119840817714, -5.464329094275198 ], [ 137.791136197170715, -5.461258142027041 ], [ 137.791316461285646, -5.461259105892466 ], [ 137.791317423079562, -5.461078461599231 ], [ 137.791678912952705, -5.46089974474556 ], [ 137.791681797721054, -5.460357811662185 ], [ 137.791501533810589, -5.460356848064932 ], [ 137.791503456935658, -5.45999555940055 ], [ 137.791323193165056, -5.459994595813515 ], [ 137.791326077771828, -5.459452662903752 ], [ 137.791145814194891, -5.45945169935901 ], [ 137.790967473775169, -5.459089447275869 ], [ 137.79060694699794, -5.459087520045149 ], [ 137.790607908619535, -5.458906875865169 ], [ 137.789886855667874, -5.458903020885221 ], [ 137.789887817472277, -5.458722376832299 ], [ 137.789527291297873, -5.458720449083094 ], [ 137.789529215024857, -5.458359161101831 ], [ 137.780335846771209, -5.458309933932449 ], [ 137.780334882181165, -5.458490576285031 ], [ 137.766635113225533, -5.458416955619346 ], [ 137.76663414451599, -5.458597595520068 ], [ 137.766272657857797, -5.458776293700823 ], [ 137.76626878213375, -5.459498853027632 ], [ 137.759058442563258, -5.459459968206889 ], [ 137.759054557712403, -5.460182522337208 ], [ 137.758874299676165, -5.460181548982193 ], [ 137.758873328328121, -5.460362187479245 ], [ 137.7579720383672, -5.460357319733613 ], [ 137.757968151572925, -5.461079873061364 ], [ 137.757787893463444, -5.461078899220913 ], [ 137.757786921629474, -5.46125953751731 ], [ 137.757426405400821, -5.461257589609861 ], [ 137.757425433426619, -5.461438227840197 ], [ 137.757064917220873, -5.461436279652269 ], [ 137.757062000779712, -5.461978194141298 ], [ 137.747508360385609, -5.461926483416438 ], [ 137.747511285381705, -5.461384574087898 ], [ 137.74570872363924, -5.461374801337451 ], [ 137.745722377255987, -5.458845895539731 ], [ 137.745542122014854, -5.458844918423462 ], [ 137.745543097081338, -5.458664282318148 ], [ 137.736710633057669, -5.458616339202723 ], [ 137.736711610726161, -5.458435704691925 ], [ 137.722651936974444, -5.458359122735419 ], [ 137.722650955112073, -5.458539754697124 ], [ 137.710213714935747, -5.458471733602619 ], [ 137.710214700507834, -5.458291103904976 ], [ 137.708231967216534, -5.458280236617141 ], [ 137.708251683529539, -5.454667649634153 ], [ 137.708071436322058, -5.454666662033533 ], [ 137.708121655686398, -5.445454564624517 ], [ 137.708301900156243, -5.445455550547537 ], [ 137.708407956868626, -5.425947565219877 ], [ 137.708227718180581, -5.425946582849261 ], [ 137.708254173442782, -5.421069585119485 ], [ 137.708073936229994, -5.421068603583428 ], [ 137.708077853688337, -5.420346085455164 ], [ 137.707356906022653, -5.420342159302228 ], [ 137.707358864980165, -5.419980900493763 ], [ 137.706637918271554, -5.419976973748073 ], [ 137.706655546768332, -5.416725646615687 ], [ 137.684667044539651, -5.416605542225781 ] ] ] } },
{ "type": "Feature", "properties": { "zone_id": 20, "pixel_count": 55, "area_m2": 22000, "area_ha": 2.2, "salinity_min": 33.099, "salinity_max": 33.099, "salinity_mean": 33.099, "salinity_median": 33.099, "depth_min": 7.413, "depth_max": 11.491, "depth_mean": 9.245, "depth_median": 9.124, "temperature_min": 28.951, "temperature_max": 28.951, "temperature_mean": 28.951, "temperature_median": 28.951, "sedimentation_min": 13.535, "sedimentation_max": 13.535, "sedimentation_mean": 13.535, "sedimentation_median": 13.535, "depth_group": "35m", "source_zone_tif": "zone_Focal_35m_2_25_False.tif", "source_csv": "ringkasan_Focal_35m_2_25_False.csv" }, "geometry": { "type": "Polygon", "coordinates": [ [ [ 137.628423387851569, -5.418642763834757 ], [ 137.628419376976865, -5.419365223141658 ], [ 137.630401821112656, -5.419376274600814 ], [ 137.630400818896106, -5.419556889794827 ], [ 137.630941486350594, -5.419559902807201 ], [ 137.630944492418365, -5.419018056918412 ], [ 137.630584047734942, -5.419016048498945 ], [ 137.630586051824082, -5.418654818034771 ], [ 137.628423387851569, -5.418642763834757 ] ] ] } },
{ "type": "Feature", "properties": { "zone_id": 21, "pixel_count": 317, "area_m2": 126800, "area_ha": 12.68, "salinity_min": 33.055, "salinity_max": 33.055, "salinity_mean": 33.055, "salinity_median": 33.055, "depth_min": 7.003, "depth_max": 15.373, "depth_mean": 9.631, "depth_median": 9.013, "temperature_min": 28.874, "temperature_max": 28.874, "temperature_mean": 28.874, "temperature_median": 28.874, "sedimentation_min": 10.106, "sedimentation_max": 16.234, "sedimentation_mean": 15.286, "sedimentation_median": 16.234, "depth_group": "35m", "source_zone_tif": "zone_Focal_35m_2_25_False.tif", "source_csv": "ringkasan_Focal_35m_2_25_False.csv" }, "geometry": { "type": "Polygon", "coordinates": [ [ [ 137.833939118046914, -5.615766146801382 ], [ 137.833934237321927, -5.616669401224724 ], [ 137.832672006786566, -5.616662553705811 ], [ 137.832670053498049, -5.617023855022965 ], [ 137.832309416267918, -5.617021897963041 ], [ 137.83230843946501, -5.617202548556362 ], [ 137.832128120842441, -5.617201569911511 ], [ 137.832123236072306, -5.618104822700519 ], [ 137.833926426503126, -5.618114608235332 ], [ 137.833925450007229, -5.618295259105882 ], [ 137.837171201817227, -5.618312859654219 ], [ 137.837170226286474, -5.618493511092913 ], [ 137.837531841544774, -5.618314814160834 ], [ 137.837539643757566, -5.61686960209921 ], [ 137.836818366202209, -5.616865693875804 ], [ 137.836823242657061, -5.615962436927961 ], [ 137.834479097723545, -5.615949731127654 ], [ 137.834480073638645, -5.615769080145474 ], [ 137.833939118046914, -5.615766146801382 ] ] ] } },
{ "type": "Feature", "properties": { "zone_id": 22, "pixel_count": 295, "area_m2": 118000, "area_ha": 11.8, "salinity_min": 33.007, "salinity_max": 33.007, "salinity_mean": 33.007, "salinity_median": 33.007, "depth_min": 7.36, "depth_max": 30.756, "depth_mean": 15.912, "depth_median": 14.31, "temperature_min": 28.916, "temperature_max": 28.916, "temperature_mean": 28.916, "temperature_median": 28.916, "sedimentation_min": 9.87, "sedimentation_max": 9.87, "sedimentation_mean": 9.87, "sedimentation_median": 9.87, "depth_group": "35m", "source_zone_tif": "zone_Focal_35m_2_25_False.tif", "source_csv": "ringkasan_Focal_35m_2_25_False.csv" }, "geometry": { "type": "Polygon", "coordinates": [ [ [ 137.798018759582163, -5.655313220071402 ], [ 137.79801776544187, -5.655493864372477 ], [ 137.803788163031726, -5.655525705215854 ], [ 137.803727568394038, -5.666545067558676 ], [ 137.805350529301819, -5.666554030028506 ], [ 137.805353510660126, -5.666012093425876 ], [ 137.804451866227254, -5.666007115314766 ], [ 137.804510457183937, -5.655349035847369 ], [ 137.798018759582163, -5.655313220071402 ] ] ] } },
{ "type": "Feature", "properties": { "zone_id": 23, "pixel_count": 369, "area_m2": 147600, "area_ha": 14.76, "salinity_min": 33.007, "salinity_max": 33.007, "salinity_mean": 33.007, "salinity_median": 33.007, "depth_min": 5.81, "depth_max": 26.38, "depth_mean": 14.071, "depth_median": 14.14, "temperature_min": 28.916, "temperature_max": 28.916, "temperature_mean": 28.916, "temperature_median": 28.916, "sedimentation_min": 8.81, "sedimentation_max": 9.87, "sedimentation_mean": 9.832, "sedimentation_median": 9.87, "depth_group": "35m", "source_zone_tif": "zone_Focal_35m_2_25_False.tif", "source_csv": "ringkasan_Focal_35m_2_25_False.csv" }, "geometry": { "type": "Polygon", "coordinates": [ [ [ 137.832605219633763, -5.66218746549025 ], [ 137.832604235017897, -5.662368115856386 ], [ 137.830981242592998, -5.662359236291143 ], [ 137.830974345870288, -5.663623786822366 ], [ 137.828630022965314, -5.663610949901507 ], [ 137.828624105886945, -5.664694847834201 ], [ 137.828443773244402, -5.664693859796913 ], [ 137.828441800517538, -5.665055159034037 ], [ 137.828261467795244, -5.66505417087738 ], [ 137.828260481328016, -5.665234820462294 ], [ 137.832227809828481, -5.66525654767997 ], [ 137.832217955688861, -5.667063050429685 ], [ 137.832578623800089, -5.667065024921651 ], [ 137.832577638322306, -5.667245675252839 ], [ 137.833118640896174, -5.667248636665952 ], [ 137.833146217515917, -5.662190424243593 ], [ 137.832605219633763, -5.66218746549025 ] ] ] } },
{ "type": "Feature", "properties": { "zone_id": 24, "pixel_count": 3451736, "area_m2": 1380694400, "area_ha": 138069.44, "salinity_min": 32.86, "salinity_max": 33.009, "salinity_mean": 32.906, "salinity_median": 32.889, "depth_min": 1.877, "depth_max": 31.565, "depth_mean": 9.782, "depth_median": 9.252, "temperature_min": 28.593, "temperature_max": 29.149, "temperature_mean": 28.972, "temperature_median": 29.014, "sedimentation_min": 2.743, "sedimentation_max": 25.707, "sedimentation_mean": 10.954, "sedimentation_median": 10.883, "depth_group": "35m", "source_zone_tif": "zone_Focal_35m_2_25_False.tif", "source_csv": "ringkasan_Focal_35m_2_25_False.csv" }, "geometry": { "type": "Polygon", "coordinates": [ [ [ 137.910310362958825, -5.666581984891867 ], [ 137.910309401724845, -5.666762648711125 ], [ 137.877306340788891, -5.666585493977748 ], [ 137.877305369296352, -5.666766152112262 ], [ 137.856205596793501, -5.666651903081449 ], [ 137.856203640637318, -5.667013212016195 ], [ 137.856023302455014, -5.667012232163063 ], [ 137.856022324273511, -5.667192886597064 ], [ 137.85151387862237, -5.667168371288436 ], [ 137.851510939696254, -5.667710332223491 ], [ 137.851330602114899, -5.667709350788934 ], [ 137.851318842883614, -5.669877194035018 ], [ 137.855466630708435, -5.669899761547742 ], [ 137.855462715093211, -5.670622378816016 ], [ 137.856184072104298, -5.670626301079264 ], [ 137.856178199072758, -5.671710227697327 ], [ 137.856899557933019, -5.671714149818575 ], [ 137.85689857920724, -5.671894804376106 ], [ 137.857980618783586, -5.671900686065636 ], [ 137.857900283010622, -5.686714370836629 ], [ 137.856457527089333, -5.686706507522767 ], [ 137.856410380898893, -5.695377916643791 ], [ 137.855869339869543, -5.695374962447777 ], [ 137.855867373523409, -5.695736270907644 ], [ 137.856228067735998, -5.695738240553655 ], [ 137.856224135112825, -5.696460857709273 ], [ 137.856945524817036, -5.696464796828956 ], [ 137.856887472992753, -5.70712340487611 ], [ 137.857789227424064, -5.707128336778951 ], [ 137.857784304115171, -5.708031609224808 ], [ 137.857964655377913, -5.708032595593318 ], [ 137.857962685945211, -5.708393904625384 ], [ 137.859044794862427, -5.708399822029184 ], [ 137.859037903214755, -5.70966440491967 ], [ 137.859759311369459, -5.709668349606912 ], [ 137.859756358006933, -5.710210314060133 ], [ 137.864445527747222, -5.710235934975732 ], [ 137.864436679129909, -5.711861835606873 ], [ 137.864796403168867, -5.712044461113148 ], [ 137.864794436623839, -5.712405772472992 ], [ 137.866417622397734, -5.71241463473571 ], [ 137.866415656740401, -5.712775946654473 ], [ 137.867317428284053, -5.7127808684718 ], [ 137.867316445689738, -5.712961524585867 ], [ 137.867496800149553, -5.712962508811339 ], [ 137.867476159555906, -5.716756287563787 ], [ 137.867836870937623, -5.716758257160838 ], [ 137.867835887817563, -5.716938913340224 ], [ 137.868016243612146, -5.716939898085348 ], [ 137.868015260516898, -5.717120554294748 ], [ 137.868375972313629, -5.717122523678185 ], [ 137.868374989299582, -5.717303179948912 ], [ 137.869096413497488, -5.71730711816323 ], [ 137.869091499081406, -5.718210400123515 ], [ 137.869452211933719, -5.718212369204806 ], [ 137.869432548633881, -5.721825497972408 ], [ 137.869612906235716, -5.721826483054343 ], [ 137.869608972286358, -5.72254910887052 ], [ 137.870150045958496, -5.722552064152729 ], [ 137.870140210569133, -5.724358629540861 ], [ 137.872845591656869, -5.724373403011697 ], [ 137.872785579150502, -5.735393477677999 ], [ 137.882525195934136, -5.735446659649975 ], [ 137.882484919054207, -5.742853661475961 ], [ 137.882845652006068, -5.742855630561333 ], [ 137.882840737142544, -5.74375892362844 ], [ 137.88302110394892, -5.743759908241861 ], [ 137.882956157837441, -5.75568337572085 ], [ 137.880791713316682, -5.755671531919911 ], [ 137.880790727550249, -5.755852190100072 ], [ 137.877724437935967, -5.755835396833471 ], [ 137.877690870323732, -5.761977756141788 ], [ 137.872640476721159, -5.761950031068805 ], [ 137.872637508350635, -5.762492001251389 ], [ 137.871735654098671, -5.762487045179644 ], [ 137.871721793969499, -5.765016237019458 ], [ 137.866671402454529, -5.764988444441803 ], [ 137.866670410616365, -5.765169100115344 ], [ 137.872442290473515, -5.765200860417559 ], [ 137.87240662880231, -5.771704499852066 ], [ 137.873488872164415, -5.771710455169423 ], [ 137.873477971146372, -5.773697680054137 ], [ 137.874560219402184, -5.773703635381659 ], [ 137.874556255816543, -5.774426263323257 ], [ 137.876540383072438, -5.774437177464595 ], [ 137.876483882916887, -5.784734642936059 ], [ 137.87630350430436, -5.784733649246218 ], [ 137.876294573355722, -5.786359564174949 ], [ 137.875753436166235, -5.786356581919003 ], [ 137.875751450821866, -5.78671789614568 ], [ 137.874849555565561, -5.786712924263177 ], [ 137.874848562560658, -5.786893581218301 ], [ 137.874668183546873, -5.786892586639021 ], [ 137.874660237916004, -5.788337841982573 ], [ 137.878989353906405, -5.788361702100739 ], [ 137.878977448125596, -5.790529593952856 ], [ 137.883486980367138, -5.79055442256819 ], [ 137.883448311, -5.79760010018577 ], [ 137.883628694927893, -5.797601093802033 ], [ 137.883626710708739, -5.797962410611211 ], [ 137.884348247192264, -5.797966384752693 ], [ 137.88434427929198, -5.798689018853803 ], [ 137.884524663720271, -5.798690012370576 ], [ 137.884505810413202, -5.802122524654556 ], [ 137.888654685942811, -5.802145373332475 ], [ 137.888602105004793, -5.811720311455361 ], [ 137.88625704688522, -5.811707379265075 ], [ 137.88625605319902, -5.811888038034614 ], [ 137.886075664275438, -5.811887042817613 ], [ 137.886073676694139, -5.812248360290446 ], [ 137.885532509767813, -5.812245374108009 ], [ 137.885531515758004, -5.81242603274901 ], [ 137.886253071952012, -5.812430014335302 ], [ 137.88625108429693, -5.812791331862483 ], [ 137.887153030819775, -5.812796307864426 ], [ 137.887152037231829, -5.812976966781711 ], [ 137.887512816175558, -5.812978956842678 ], [ 137.887510829134897, -5.813340274797796 ], [ 137.889314726884464, -5.813350222278586 ], [ 137.889304795533576, -5.81515681508666 ], [ 137.890928311354656, -5.815165765707 ], [ 137.890877638999171, -5.824379401246202 ], [ 137.890697245298384, -5.824378405376859 ], [ 137.890696250849658, -5.824559064831729 ], [ 137.895566893329033, -5.824585933941253 ], [ 137.895565900400641, -5.824766594233736 ], [ 137.900616962775217, -5.824794415044961 ], [ 137.90058720865764, -5.830214249262631 ], [ 137.901308797899532, -5.830218223699648 ], [ 137.9012412666834, -5.842503185275421 ], [ 137.899617656347743, -5.842494222524272 ], [ 137.899616661643904, -5.842674883399162 ], [ 137.902503082692164, -5.842690814441619 ], [ 137.902472259963673, -5.848291316277579 ], [ 137.904997909979897, -5.84830525725422 ], [ 137.904987968836565, -5.85011187481287 ], [ 137.905529182082603, -5.850114861619793 ], [ 137.905522222636165, -5.851379494481802 ], [ 137.905883032431291, -5.851381485830618 ], [ 137.905881043967923, -5.851742809617313 ], [ 137.906240859955943, -5.851925462811844 ], [ 137.906243842351387, -5.851383476948131 ], [ 137.906063437375735, -5.851382481418288 ], [ 137.906114098046373, -5.842168721484641 ], [ 137.909180936854852, -5.842185610812611 ], [ 137.909182919932903, -5.84182428577175 ], [ 137.910084932486654, -5.841829249736639 ], [ 137.910094843123517, -5.840022622907375 ], [ 137.90251798613096, -5.839980893740501 ], [ 137.902585460176851, -5.827695916154188 ], [ 137.911785736902459, -5.827746466766304 ], [ 137.911964158809212, -5.828108782631832 ], [ 137.912324955920468, -5.828110761964776 ], [ 137.912323967745209, -5.828291425111772 ], [ 137.912504366405102, -5.828292414722729 ], [ 137.912503378256162, -5.828473077899282 ], [ 137.912864175784421, -5.828475057010159 ], [ 137.912863187719353, -5.828655720247144 ], [ 137.913765182372714, -5.828660667170691 ], [ 137.913762218853407, -5.829202657336771 ], [ 137.913942618050072, -5.829203646641272 ], [ 137.913941630205557, -5.829384310058185 ], [ 137.914302428807332, -5.82938628855609 ], [ 137.914299465432038, -5.829928278984071 ], [ 137.914840664086, -5.829931246576586 ], [ 137.914836713173372, -5.830653900832338 ], [ 137.917001513352233, -5.830665767497624 ], [ 137.916976826130252, -5.835182365369931 ], [ 137.917157227786419, -5.835183354654998 ], [ 137.917181913569408, -5.830666756011853 ], [ 137.920609523604412, -5.83068552683388 ], [ 137.920638103065613, -5.82544625439302 ], [ 137.931462108271859, -5.825505340609405 ], [ 137.931440505602382, -5.829480001765643 ], [ 137.936672184793366, -5.829508505368344 ], [ 137.936657472138393, -5.832218514583667 ], [ 137.938100705466354, -5.832226372795223 ], [ 137.938041812941577, -5.843066421385921 ], [ 137.936418144476761, -5.84305756409687 ], [ 137.936415195373286, -5.84359956557432 ], [ 137.936234787747651, -5.843598581050415 ], [ 137.936224954816225, -5.845405252249439 ], [ 137.933699243229739, -5.845391458558663 ], [ 137.93369629032432, -5.845933458605001 ], [ 137.933335474532271, -5.84593148696936 ], [ 137.933285226636144, -5.855145482803938 ], [ 137.930759478333272, -5.855131652974075 ], [ 137.930742697387558, -5.858202976849175 ], [ 137.920820119555088, -5.85814850682056 ], [ 137.920823091087982, -5.857606513590963 ], [ 137.919741625569969, -5.857419897137526 ], [ 137.919728742801567, -5.859768531994056 ], [ 137.915579321346513, -5.859745687313387 ], [ 137.91557832881665, -5.859926350814748 ], [ 137.923877190833593, -5.859972010957523 ], [ 137.923799885332443, -5.87406387050762 ], [ 137.922897809345443, -5.874058901383645 ], [ 137.922865036730343, -5.880020834446764 ], [ 137.923045453779736, -5.880021829403313 ], [ 137.923044460200146, -5.88020249404971 ], [ 137.923766128940485, -5.880206473417846 ], [ 137.923762155240155, -5.88092913248246 ], [ 137.924303407817945, -5.880932116767534 ], [ 137.924302414489347, -5.881112781622654 ], [ 137.925565338663773, -5.88111974313545 ], [ 137.925554414470383, -5.883107058822113 ], [ 137.925734832972353, -5.883108053429694 ], [ 137.925752705924992, -5.879856081668557 ], [ 137.926835211319172, -5.879862044772587 ], [ 137.926839180328216, -5.879139383584709 ], [ 137.927560850283044, -5.879143357333356 ], [ 137.927561842225657, -5.878962691910115 ], [ 137.937484851185559, -5.879017234986407 ], [ 137.937450226499038, -5.88534058307011 ], [ 137.938171911657804, -5.885344547270749 ], [ 137.938119420214633, -5.894919906325009 ], [ 137.937397722730594, -5.89491593563079 ], [ 137.937376895326139, -5.898709942212163 ], [ 137.933948815811306, -5.898691056453587 ], [ 137.933947822583718, -5.89887172283658 ], [ 137.933767397597336, -5.898870728235582 ], [ 137.93376640428059, -5.899051394586568 ], [ 137.933946829325208, -5.899052389218233 ], [ 137.933933914147502, -5.901401052058127 ], [ 137.934114339980169, -5.90140204703017 ], [ 137.934115333582866, -5.901221380635222 ], [ 137.934295759388249, -5.901222375518269 ], [ 137.934297746384289, -5.900861042663032 ], [ 137.93447817210415, -5.90086203742642 ], [ 137.934482145491813, -5.900139371577247 ], [ 137.945668586053017, -5.900200925406555 ], [ 137.945627983492074, -5.907608327152298 ], [ 137.946349702967638, -5.907612295678911 ], [ 137.946324925699486, -5.912129006012534 ], [ 137.955707399573413, -5.912180551483848 ], [ 137.955706411116722, -5.912361221465771 ], [ 137.957510743136368, -5.912371116244047 ], [ 137.95745438358918, -5.922669320355424 ], [ 137.955469581908943, -5.922658416688826 ], [ 137.955466610922315, -5.923200426306365 ], [ 137.953481811032617, -5.923189514550318 ], [ 137.953480819999015, -5.923370184085031 ], [ 137.953118956393411, -5.923548868779689 ], [ 137.953079283910597, -5.930775646577455 ], [ 137.949650956439115, -5.930756755750759 ], [ 137.949649962883825, -5.930937424588777 ], [ 137.951093468301309, -5.930945381444666 ], [ 137.951042780040495, -5.940159502850297 ], [ 137.945809995620152, -5.940130596247665 ], [ 137.945804016825093, -5.941214604989375 ], [ 137.95500653499488, -5.941265417132373 ], [ 137.954922966864729, -5.956441665124968 ], [ 137.951494474645585, -5.956422704320526 ], [ 137.951492480048415, -5.956784042284471 ], [ 137.958710376026858, -5.956823937473763 ], [ 137.958704405612536, -5.957907958643886 ], [ 137.960689339510282, -5.957918915310663 ], [ 137.960637583267669, -5.967313780817426 ], [ 137.960457131516677, -5.967312783470156 ], [ 137.960448164747589, -5.968938817241043 ], [ 137.950523336608597, -5.968883857218655 ], [ 137.950529334177304, -5.967799844767879 ], [ 137.948544383610908, -5.967788833358341 ], [ 137.94857237574206, -5.962730117344726 ], [ 137.943880732109307, -5.962704084241079 ], [ 137.943860709574324, -5.966317437044303 ], [ 137.943680260981125, -5.966316434363878 ], [ 137.943673249764231, -5.967581107503396 ], [ 137.933026813140657, -5.96752183231904 ], [ 137.93303183868602, -5.966618503404346 ], [ 137.932129604718483, -5.966613471412581 ], [ 137.932158746146058, -5.961374167490598 ], [ 137.931797856190968, -5.961372156061167 ], [ 137.931765694877043, -5.967153454911453 ], [ 137.922382501621058, -5.967101023862718 ], [ 137.922399643332739, -5.964029736195423 ], [ 137.922219199132741, -5.964028726866395 ], [ 137.922220207247847, -5.963848062904582 ], [ 137.919333105219152, -5.96383190611573 ], [ 137.919362354339199, -5.958592664927764 ], [ 137.916294846174168, -5.958575497005178 ], [ 137.916331155000336, -5.952071628680893 ], [ 137.915789837313298, -5.952068600612439 ], [ 137.915786812590653, -5.952610589428673 ], [ 137.898645214351717, -5.952514417929278 ], [ 137.898655351482319, -5.950707817885446 ], [ 137.898294479937704, -5.950705788136051 ], [ 137.898262026333015, -5.956486905814695 ], [ 137.906562190038301, -5.956533576142196 ], [ 137.906505470631032, -5.966650608566187 ], [ 137.896942069682297, -5.966596733325255 ], [ 137.896987795886446, -5.95846704938027 ], [ 137.896446481880304, -5.958463999075554 ], [ 137.896443434911845, -5.959005977811158 ], [ 137.89427817959151, -5.958993770174218 ], [ 137.894276146710723, -5.959355088579166 ], [ 137.89409570885357, -5.959354070831136 ], [ 137.894087575605084, -5.960799344148207 ], [ 137.892102756070045, -5.960788142297688 ], [ 137.89208952684362, -5.963136706808723 ], [ 137.891728649442456, -5.963134668534414 ], [ 137.891727631472207, -5.963315327271287 ], [ 137.891547192759845, -5.963314308014636 ], [ 137.891535992367324, -5.965301553688755 ], [ 137.883957567622531, -5.965258677306914 ], [ 137.88395552583313, -5.965619992069453 ], [ 137.883775087707079, -5.965618969873341 ], [ 137.883774066706309, -5.965799627221403 ], [ 137.883954504891221, -5.965800649448689 ], [ 137.883946336222863, -5.967245908433722 ], [ 137.891344348199368, -5.967287779199135 ], [ 137.891342310547657, -5.967649096484782 ], [ 137.89585332231789, -5.967674580337778 ], [ 137.895821768330222, -5.973275021654166 ], [ 137.904302609358297, -5.973322876682456 ], [ 137.904293467825028, -5.974948824131306 ], [ 137.905917471323079, -5.974957975490148 ], [ 137.905900206098352, -5.978029213997288 ], [ 137.906080652090736, -5.978030231045827 ], [ 137.906081667883228, -5.977849569937076 ], [ 137.907164344139773, -5.97785567080183 ], [ 137.907178556996911, -5.975326412537461 ], [ 137.908983011663622, -5.975336571588303 ], [ 137.909027614842358, -5.967387458846658 ], [ 137.918410694525107, -5.967440120064365 ], [ 137.918354088043912, -5.97755726209524 ], [ 137.916730057736771, -5.977548143525699 ], [ 137.916704742185004, -5.982064716479141 ], [ 137.921757330521871, -5.982093091219194 ], [ 137.921752273344197, -5.982996410022897 ], [ 137.921932723674132, -5.982997422703055 ], [ 137.921931712204383, -5.98317808649052 ], [ 137.922653514071214, -5.983182136742907 ], [ 137.922654525304722, -5.983001472832286 ], [ 137.923016437390771, -5.982822833568518 ], [ 137.923039683749579, -5.978667561802711 ], [ 137.927370471454623, -5.97869182215046 ], [ 137.927384593533475, -5.976162515606655 ], [ 137.937489788062834, -5.976218966645137 ], [ 137.937479734530456, -5.978025631388701 ], [ 137.942712836961164, -5.978054801029579 ], [ 137.942667634856434, -5.986184830648454 ], [ 137.94844220790543, -5.986217004163941 ], [ 137.948624670231936, -5.985856672001652 ], [ 137.9585497865761, -5.985911822041252 ], [ 137.958514770438825, -5.992235270572616 ], [ 137.958695230030713, -5.992236272708648 ], [ 137.95868521909793, -5.994042972288613 ], [ 137.96030936213333, -5.994051991584825 ], [ 137.96030635985241, -5.994594002253709 ], [ 137.960847741949777, -5.994597007892811 ], [ 137.960843739188988, -5.995319689130583 ], [ 137.965174811595489, -5.995343717958765 ], [ 137.965164816754424, -5.997150428250526 ], [ 137.966247591169292, -5.997156431944553 ], [ 137.966215598447832, -6.002937909796107 ], [ 137.96639606285359, -6.002938911175502 ], [ 137.966393062104487, -6.003480924743964 ], [ 137.966573526718719, -6.003481926155059 ], [ 137.96657452693978, -6.003301254936579 ], [ 137.966935456141613, -6.003303257520019 ], [ 137.966937456254698, -6.002941914957599 ], [ 137.967298385342019, -6.002943917182258 ], [ 137.967299385234014, -6.002763245838328 ], [ 137.967118920734322, -6.002762244786016 ], [ 137.966940456194436, -6.002399901103803 ], [ 137.966399063326804, -6.002396897594835 ], [ 137.96646700006238, -5.990111253161817 ], [ 137.975670510942535, -5.990162135083575 ], [ 137.975666530654536, -5.990884826405466 ], [ 137.976027454744127, -5.990886818878238 ], [ 137.976026459714035, -5.991067491765842 ], [ 137.985049604591666, -5.99111722809567 ], [ 137.985042659234637, -5.992381948844224 ], [ 137.987208230315815, -5.99239386606139 ], [ 137.987278556510233, -5.979565955424205 ], [ 138.000632697667527, -5.979639098385501 ], [ 138.000550833341464, -5.994635290646452 ], [ 137.987376794204664, -5.994562956039225 ], [ 137.987361912333483, -5.997273077342325 ], [ 137.989527507344434, -5.997284995079123 ], [ 137.98952651568689, -5.997465670183411 ], [ 137.99620379672217, -5.997502363899048 ], [ 137.996186971154799, -6.000573859389505 ], [ 137.99654790846364, -6.000575841542665 ], [ 137.996545928645503, -6.000937194047823 ], [ 138.003042825215857, -6.000972834383272 ], [ 138.003037885807998, -6.001876221025676 ], [ 138.006286354150234, -6.001894015053368 ], [ 138.006277470912266, -6.003520115779533 ], [ 138.00988690234729, -6.003539869758199 ], [ 138.00983954065768, -6.012212433852326 ], [ 138.010020015394986, -6.012213422363951 ], [ 138.010025939057101, -6.011129351843137 ], [ 138.021395885900262, -6.011191496936006 ], [ 138.021393918948093, -6.011552857543984 ], [ 138.021935348327986, -6.011555811128267 ], [ 138.021928464294348, -6.0128205738394 ], [ 138.023191803477118, -6.012827464915227 ], [ 138.023188853972812, -6.013369506682472 ], [ 138.023730286036965, -6.013372459376847 ], [ 138.023727336796497, -6.013914501399961 ], [ 138.023907814389531, -6.013915485601827 ], [ 138.023914695113803, -6.012650720653843 ], [ 138.033480028503021, -6.012702787220673 ], [ 138.033475129589789, -6.013606198640189 ], [ 138.034738483889328, -6.013613063908871 ], [ 138.034688493385602, -6.022827869051865 ], [ 138.026386338295168, -6.022782631382491 ], [ 138.026385354573364, -6.022963312434344 ], [ 138.032521725976977, -6.022996762133348 ], [ 138.032497173753882, -6.027513813254245 ], [ 138.03285814083381, -6.027515780223933 ], [ 138.032856176084351, -6.027877144395805 ], [ 138.033036659788394, -6.027878127850613 ], [ 138.033035677428217, -6.028058809964206 ], [ 138.035201484929644, -6.028070607128408 ], [ 138.035197558047486, -6.028793336993719 ], [ 138.035378042438936, -6.028794319821913 ], [ 138.035377060703041, -6.028975002314518 ], [ 138.035738029694954, -6.02897696785137 ], [ 138.035916551031534, -6.029339315689483 ], [ 138.038804309664755, -6.029355031393339 ], [ 138.038782727479855, -6.033330058220898 ], [ 138.040046133466859, -6.033336933603509 ], [ 138.040039266290876, -6.034601716180883 ], [ 138.040761214896349, -6.034605644487488 ], [ 138.04072490144074, -6.041290927104455 ], [ 138.043793225869365, -6.04130763037057 ], [ 138.043787339430253, -6.04239173309826 ], [ 138.044328810418108, -6.042394679473472 ], [ 138.044327829419416, -6.042575363345407 ], [ 138.050103538587308, -6.042606758828629 ], [ 138.050057487792856, -6.05109894371781 ], [ 138.050237982004319, -6.051099925227944 ], [ 138.050238962434548, -6.050919240444768 ], [ 138.051682916721461, -6.050927090135301 ], [ 138.051683896643596, -6.050746405114687 ], [ 138.061069642852061, -6.05079733321335 ], [ 138.061064758486907, -6.051700765961407 ], [ 138.06142575092943, -6.051702721796922 ], [ 138.061424774086845, -6.051883408401279 ], [ 138.062146759567582, -6.051887319471672 ], [ 138.062132106952447, -6.054597620138287 ], [ 138.063395588966557, -6.054604465293211 ], [ 138.06339363561716, -6.054965839103849 ], [ 138.06592060568363, -6.054979521433284 ], [ 138.065919629801925, -6.055160208747798 ], [ 138.071154088019654, -6.055188514226538 ], [ 138.071144344923312, -6.056995395804173 ], [ 138.071324844525321, -6.056996371249889 ], [ 138.071323870112678, -6.057177059429497 ], [ 138.072226368865813, -6.057181935905955 ], [ 138.072189330623786, -6.064048091292713 ], [ 138.072369832738701, -6.064049067521585 ], [ 138.072371783065591, -6.063687690912571 ], [ 138.072733762143798, -6.06350895470806 ], [ 138.072736686963935, -6.062966889604507 ], [ 138.08085929922521, -6.063010744527776 ], [ 138.080869991638394, -6.061023157896687 ], [ 138.090075657501927, -6.061072696971853 ], [ 138.090057244593908, -6.064505829312012 ], [ 138.090237749750031, -6.06450679966093 ], [ 138.090236780415353, -6.064687490852284 ], [ 138.091319812329459, -6.064693311860738 ], [ 138.091316905227558, -6.0652353859507 ], [ 138.092038927810961, -6.065239265772463 ], [ 138.092037958957917, -6.06541995724949 ], [ 138.09402352414665, -6.065430622129709 ], [ 138.094009966348864, -6.067960307145661 ], [ 138.098522648703977, -6.067984528681327 ], [ 138.09844712404103, -6.082078539850137 ], [ 138.097364050507736, -6.082072716510965 ], [ 138.097361141066557, -6.082614793175743 ], [ 138.097541653429062, -6.082615763969827 ], [ 138.097543592965621, -6.082254379469905 ], [ 138.106930269963755, -6.082304774831209 ], [ 138.106923502952867, -6.083569631113223 ], [ 138.109089675475474, -6.083581240138665 ], [ 138.109085810854452, -6.08430401651631 ], [ 138.109266325661878, -6.08430498365964 ], [ 138.109261494528539, -6.08520845424577 ], [ 138.109983555253194, -6.085212322795732 ], [ 138.109975825844458, -6.08665787658851 ], [ 138.1112394366057, -6.086664645852654 ], [ 138.111231708695527, -6.08811020117777 ], [ 138.112495324257054, -6.088116969110123 ], [ 138.112435395698952, -6.099320032472338 ], [ 138.111893834795893, -6.099317126915602 ], [ 138.111892867105581, -6.099497821356374 ], [ 138.107379868300285, -6.09947358654179 ], [ 138.107339135597726, -6.107062721449669 ], [ 138.10174296394058, -6.107032580175336 ], [ 138.101733239358907, -6.108839507720211 ], [ 138.093790307855954, -6.108796614093759 ], [ 138.09378640657647, -6.109519379961361 ], [ 138.084218847305209, -6.109467551127838 ], [ 138.08422765331855, -6.107841341791644 ], [ 138.083686097464209, -6.107838403795489 ], [ 138.083692946201779, -6.106573574848093 ], [ 138.082970873832096, -6.106569657491351 ], [ 138.083016832124287, -6.098077238312801 ], [ 138.07038084055651, -6.098008624375416 ], [ 138.07035826141967, -6.102164442354825 ], [ 138.067289518925946, -6.102147722895089 ], [ 138.067288535843744, -6.10232841011824 ], [ 138.071801396922865, -6.10235299225635 ], [ 138.071779794787233, -6.106328126949655 ], [ 138.080264086070173, -6.106374269495611 ], [ 138.080251351311347, -6.108723230291965 ], [ 138.080792906389206, -6.1087261721702 ], [ 138.080789967433361, -6.109268240276426 ], [ 138.080970486032811, -6.109269220869296 ], [ 138.080962648001275, -6.110714735992772 ], [ 138.08186524385647, -6.110719639219009 ], [ 138.081861325339986, -6.111442397332106 ], [ 138.082041844841143, -6.111443377912829 ], [ 138.082038905825101, -6.1119854465709 ], [ 138.087635030606066, -6.112015817301366 ], [ 138.087630141018678, -6.112919269559617 ], [ 138.089615872844291, -6.112930033906667 ], [ 138.089612940732081, -6.113472106206743 ], [ 138.091779199869592, -6.113483841834125 ], [ 138.091771385409288, -6.114929370702706 ], [ 138.092854519466954, -6.114935236647528 ], [ 138.092819344160233, -6.121440121758471 ], [ 138.092999868782812, -6.121441100251638 ], [ 138.093021368001189, -6.117465892254459 ], [ 138.0987981288622, -6.117497151600192 ], [ 138.098813724771901, -6.114606075941463 ], [ 138.099355294742708, -6.114609001934375 ], [ 138.099356269056358, -6.114428309606986 ], [ 138.099536792378217, -6.114429284787948 ], [ 138.099540689097751, -6.1137065153486 ], [ 138.100443304938466, -6.113711389765626 ], [ 138.100445252518028, -6.113350004747513 ], [ 138.10206996179113, -6.113358774365696 ], [ 138.10208261113155, -6.111009768220409 ], [ 138.113455592967881, -6.111070994676587 ], [ 138.11344493186391, -6.113058635336022 ], [ 138.113805982135318, -6.113060575738958 ], [ 138.113803074310937, -6.113602659699835 ], [ 138.116691483584759, -6.113618175600533 ], [ 138.116650787087934, -6.121207369164486 ], [ 138.123691414993175, -6.121245171516096 ], [ 138.123679806293552, -6.12341352558107 ], [ 138.131984226915904, -6.123458010442911 ], [ 138.13196299469098, -6.127433354809742 ], [ 138.132143527588482, -6.127434321079755 ], [ 138.132170546288194, -6.122374790967159 ], [ 138.141919274243378, -6.12242683619364 ], [ 138.141862508432808, -6.133088078977813 ], [ 138.139154466371025, -6.133073614359546 ], [ 138.139112026992251, -6.141024349704038 ], [ 138.137126104256566, -6.141013719775809 ], [ 138.137125138406276, -6.141194417960491 ], [ 138.13694460008881, -6.141193451210162 ], [ 138.13693687175828, -6.142639036409085 ], [ 138.135853639547406, -6.14263323325532 ], [ 138.135840105406913, -6.145163004734929 ], [ 138.141436842740802, -6.145192976574904 ], [ 138.141387587886499, -6.154408615688836 ], [ 138.14662336046851, -6.154436643242994 ], [ 138.146622395699495, -6.154617342842541 ], [ 138.150594378642921, -6.154638571590362 ], [ 138.150555817785602, -6.161866579564341 ], [ 138.151458555304714, -6.161871405872549 ], [ 138.151455662294666, -6.162413506809904 ], [ 138.153261141321906, -6.162423155708609 ], [ 138.153260177536822, -6.162603856303358 ], [ 138.153621273809819, -6.162605785408364 ], [ 138.153622237473058, -6.162425084756628 ], [ 138.153802785591836, -6.162426049189171 ], [ 138.153808566600901, -6.161341845079006 ], [ 138.163016540163142, -6.161390941578304 ], [ 138.163010777795449, -6.16247515439225 ], [ 138.168246728244469, -6.16250300622288 ], [ 138.16823809865943, -6.164129332756316 ], [ 138.168418649653375, -6.164130292504664 ], [ 138.16844548792406, -6.159070608798105 ], [ 138.17169538000951, -6.159087859560769 ], [ 138.171706862098858, -6.156919417239147 ], [ 138.178748298250582, -6.156956712914925 ], [ 138.17877310027319, -6.152258391870739 ], [ 138.179134197570107, -6.152260300503078 ], [ 138.179137057735289, -6.151718186307538 ], [ 138.1800398005646, -6.151722956399488 ], [ 138.180040753591811, -6.151542251523749 ], [ 138.180221302182446, -6.151543205331285 ], [ 138.180223208029673, -6.151181795519251 ], [ 138.180403756527198, -6.151182749209463 ], [ 138.180405662138668, -6.150821339335515 ], [ 138.180586210543112, -6.150822292908411 ], [ 138.180593831361392, -6.149376653132184 ], [ 138.181135475286538, -6.149379512808411 ], [ 138.181146900902661, -6.147211051964262 ], [ 138.186382784250469, -6.147238657455076 ], [ 138.18640273219529, -6.143443833337073 ], [ 138.185861091807197, -6.143440981743577 ], [ 138.185862041578417, -6.143260275902685 ], [ 138.180806745353038, -6.14323363543484 ], [ 138.180825768801185, -6.139619534119199 ], [ 138.180105492510961, -6.139254316769433 ], [ 138.180125458752343, -6.135459512114261 ], [ 138.179944915595996, -6.135458560758099 ], [ 138.179945866116213, -6.13527785578775 ], [ 138.177959893946706, -6.135267387173483 ], [ 138.177964649455816, -6.134363863854347 ], [ 138.177061937491402, -6.134359103671152 ], [ 138.177063840101653, -6.133997694616474 ], [ 138.176883297915737, -6.133996742454243 ], [ 138.17688424923864, -6.133816037953117 ], [ 138.172912329710954, -6.133795075649507 ], [ 138.172919949937636, -6.13234944456832 ], [ 138.172197786177605, -6.132345630989842 ], [ 138.172204454071817, -6.131080704514668 ], [ 138.170218510759696, -6.131070214347891 ], [ 138.170256612776399, -6.123842074238664 ], [ 138.168631774449608, -6.123833496114399 ], [ 138.168616530419314, -6.126724748339848 ], [ 138.157964812852498, -6.126668365613569 ], [ 138.158013559740766, -6.11745258336397 ], [ 138.161443704323545, -6.117470736002161 ], [ 138.161463730718424, -6.113675989762306 ], [ 138.161644263661543, -6.113676943962399 ], [ 138.161649982800498, -6.112592730470359 ], [ 138.16471904106055, -6.112608939720343 ], [ 138.164719993122702, -6.112428236984218 ], [ 138.164358927135567, -6.112426330977628 ], [ 138.164360831415507, -6.112064925614817 ], [ 138.16399976578478, -6.11206301947984 ], [ 138.164001670191709, -6.111701614225127 ], [ 138.163821137540197, -6.111700661123693 ], [ 138.163823041953179, -6.111339255920315 ], [ 138.163642509451165, -6.111338302815186 ], [ 138.163643461675065, -6.111157600239846 ], [ 138.162921332195594, -6.111153787328204 ], [ 138.16292228463243, -6.110973084865075 ], [ 138.162380688005385, -6.110970224631625 ], [ 138.162205871321731, -6.109885056973816 ], [ 138.160761618041477, -6.109877427904106 ], [ 138.16080732776328, -6.101203724046824 ], [ 138.160626799129375, -6.101202771505138 ], [ 138.160617281123422, -6.103009793115969 ], [ 138.155562474150514, -6.102983089475108 ], [ 138.155552936379053, -6.104790102985782 ], [ 138.15212289016921, -6.104771950283697 ], [ 138.152100915998091, -6.108928068393771 ], [ 138.142893930498701, -6.108879201414117 ], [ 138.142969586283556, -6.094603951229472 ], [ 138.131596655206067, -6.094543511694626 ], [ 138.131610096867973, -6.092013744908363 ], [ 138.130888013260602, -6.092009901005659 ], [ 138.130936943509994, -6.082794325604659 ], [ 138.131478496966992, -6.082797204229202 ], [ 138.131483289086816, -6.081893715824121 ], [ 138.132385877259139, -6.081898511610516 ], [ 138.132390667151213, -6.080995022453928 ], [ 138.134556878115774, -6.081006524482618 ], [ 138.134557835286046, -6.080825826302968 ], [ 138.134918870732321, -6.08082774240814 ], [ 138.134919827753407, -6.080647044169783 ], [ 138.135100345459904, -6.080648002103456 ], [ 138.135118522214356, -6.077214734772381 ], [ 138.145588532490962, -6.077270160454298 ], [ 138.145579955110179, -6.078896459980084 ], [ 138.147204625454293, -6.078905044702327 ], [ 138.147155049615577, -6.088301453179887 ], [ 138.14679400530602, -6.088299542915241 ], [ 138.146793051039651, -6.088480242985244 ], [ 138.14498783062146, -6.088470687762173 ], [ 138.144967771721554, -6.092265382920194 ], [ 138.14695352824566, -6.092275899932627 ], [ 138.146954483057698, -6.092095199862555 ], [ 138.147676576964045, -6.09209902230822 ], [ 138.147678486019942, -6.0917376219356 ], [ 138.148039532905329, -6.091739532682602 ], [ 138.148068151287248, -6.086318524729502 ], [ 138.151137023775817, -6.086334741795778 ], [ 138.15116748873146, -6.080552316448743 ], [ 138.15333373358871, -6.08056374236713 ], [ 138.153335635226625, -6.080202340052862 ], [ 138.162722737883371, -6.080251749298791 ], [ 138.162667725045196, -6.090732500000296 ], [ 138.161404047665059, -6.090725846698825 ], [ 138.161403097899978, -6.090906549058347 ], [ 138.160861522129835, -6.090903696654231 ], [ 138.160859622152316, -6.09126510119873 ], [ 138.158151745372635, -6.091250830189439 ], [ 138.15815079443766, -6.091431532033213 ], [ 138.158331319415424, -6.091432483884157 ], [ 138.158330368511912, -6.091613185755019 ], [ 138.162482452312872, -6.091635062345657 ], [ 138.16248150276553, -6.091815764868832 ], [ 138.162842554368979, -6.091817665731035 ], [ 138.162841604913382, -6.09199836830965 ], [ 138.163022130818348, -6.091999318678733 ], [ 138.163018332949946, -6.092722129093227 ], [ 138.171322566644193, -6.092765786127829 ], [ 138.171317832515882, -6.093669305636642 ], [ 138.171678888131481, -6.093671201157967 ], [ 138.171676047672605, -6.094213313016858 ], [ 138.173661857591014, -6.094223735006853 ], [ 138.173711021340722, -6.08482711154124 ], [ 138.174613647705854, -6.084831839043705 ], [ 138.174618369412997, -6.083928316656717 ], [ 138.175520994988858, -6.083933041947136 ], [ 138.175521938943859, -6.083752337324313 ], [ 138.175702464084623, -6.083753282173531 ], [ 138.175704351788738, -6.083391872867292 ], [ 138.187258012425048, -6.083452214393723 ], [ 138.187201562727807, -6.094294599554415 ], [ 138.175828199628256, -6.094235096128893 ], [ 138.175778049232008, -6.103812438107233 ], [ 138.175055921981055, -6.103808646037977 ], [ 138.175054027459538, -6.104170054868489 ], [ 138.174873495597552, -6.104169106643631 ], [ 138.174872548233623, -6.104349811028577 ], [ 138.175053080155948, -6.104350759281711 ], [ 138.17500378099578, -6.113747386898652 ], [ 138.174281640916632, -6.113743587641673 ], [ 138.17427499689839, -6.115008517210112 ], [ 138.173191785098538, -6.115002815321643 ], [ 138.173160432458843, -6.120966048217213 ], [ 138.175326881037762, -6.120977461016094 ], [ 138.175327830849142, -6.120796756671312 ], [ 138.175688905891377, -6.120798657899961 ], [ 138.175709791851375, -6.116823160726756 ], [ 138.176973546083644, -6.116829808766696 ], [ 138.176974494693667, -6.116649104136258 ], [ 138.175891277057389, -6.11664340616746 ], [ 138.175951004758275, -6.105259022393859 ], [ 138.176673134511589, -6.10526281415956 ], [ 138.176686388559176, -6.102732948784362 ], [ 138.191309545777074, -6.102809492104679 ], [ 138.191297302171847, -6.105158682498585 ], [ 138.191477836928158, -6.10515962536734 ], [ 138.191476894973874, -6.105340332339343 ], [ 138.192018499594298, -6.105343160667444 ], [ 138.192017557792695, -6.105523867722417 ], [ 138.193100768162481, -6.10552952291599 ], [ 138.193096060539261, -6.106433059013537 ], [ 138.193998738137253, -6.106437770715613 ], [ 138.193996855492941, -6.106799185426048 ], [ 138.200496159476529, -6.106833067105129 ], [ 138.20044822461773, -6.116049191895792 ], [ 138.204239566937474, -6.116068950030733 ], [ 138.20420197025399, -6.12329730425379 ], [ 138.205104684745891, -6.12330201023352 ], [ 138.205055757159784, -6.132698874749871 ], [ 138.203069751554864, -6.132688503586556 ], [ 138.203067866863819, -6.133049920763457 ], [ 138.202345683371107, -6.13304614738661 ], [ 138.202319279017956, -6.138105984155718 ], [ 138.200694352528103, -6.138097483448092 ], [ 138.200656571669157, -6.145325809753281 ], [ 138.200476021993978, -6.145324863805612 ], [ 138.200475076831168, -6.145505571907284 ], [ 138.20119727594485, -6.145509355445145 ], [ 138.201136742178619, -6.157074678288175 ], [ 138.200414527494587, -6.157070887577142 ], [ 138.200406003439042, -6.158697259644804 ], [ 138.210878192442266, -6.15875214413299 ], [ 138.210852701912216, -6.16363130347694 ], [ 138.216630554662714, -6.16366152090128 ], [ 138.21657300827502, -6.1746848576043 ], [ 138.214406265455182, -6.174673512986439 ], [ 138.214395869022411, -6.176661323580796 ], [ 138.205187223102797, -6.176612995110015 ], [ 138.205222294555256, -6.169926775159405 ], [ 138.198902757192684, -6.169893552833384 ], [ 138.198940714085808, -6.162665244045525 ], [ 138.198760158824172, -6.162664294858727 ], [ 138.198745929389446, -6.165374910490042 ], [ 138.195134811826847, -6.165355905528709 ], [ 138.19511675554827, -6.168789340890586 ], [ 138.194755642098983, -6.168787437985098 ], [ 138.194751838983564, -6.169510266194739 ], [ 138.19384905463707, -6.169505507300943 ], [ 138.193836687409259, -6.171854697005388 ], [ 138.189322756499934, -6.171830870503738 ], [ 138.189321803450269, -6.172011576691664 ], [ 138.194377408970695, -6.172038260595282 ], [ 138.194330758486586, -6.180892900692639 ], [ 138.194691880004058, -6.180894807605557 ], [ 138.194689974699145, -6.1812562215295 ], [ 138.197398391532516, -6.181270516419273 ], [ 138.197366015162203, -6.187414566602039 ], [ 138.200074469565749, -6.187428862029286 ], [ 138.200062093633704, -6.189778062736486 ], [ 138.20222887129421, -6.189789493528941 ], [ 138.202223162117832, -6.19087374194828 ], [ 138.20511221121734, -6.190888971969996 ], [ 138.205069404010118, -6.199020853694631 ], [ 138.205249972576155, -6.199021806309221 ], [ 138.20524902071557, -6.19920251478837 ], [ 138.207235277482937, -6.199212989807211 ], [ 138.207234326268463, -6.199393698592639 ], [ 138.20958172583633, -6.199406068952271 ], [ 138.20950750624894, -6.213501378316705 ], [ 138.20445144060335, -6.213474660513688 ], [ 138.20440464321868, -6.222329363492258 ], [ 138.192667237716051, -6.22226706482293 ], [ 138.192668197443737, -6.222086358454979 ], [ 138.191584751042853, -6.22208059486009 ], [ 138.191578990035055, -6.223164832035105 ], [ 138.191217840723738, -6.223162910006759 ], [ 138.191033424131689, -6.223884773318499 ], [ 138.190672274498581, -6.223882850695627 ], [ 138.190668431572135, -6.224605674866839 ], [ 138.189404407028661, -6.22459894295879 ], [ 138.189403445795023, -6.224779648801221 ], [ 138.189222870912488, -6.224778686825513 ], [ 138.189217102543864, -6.225862921682251 ], [ 138.182355264071475, -6.225826314531999 ], [ 138.182339839303808, -6.228717590110365 ], [ 138.194619014708422, -6.228783065416832 ], [ 138.194567128580331, -6.238541221235854 ], [ 138.190594366546208, -6.238520035851365 ], [ 138.190593403553549, -6.238700741784218 ], [ 138.189148765732426, -6.238693030373714 ], [ 138.189134310023235, -6.241403615824278 ], [ 138.186786765414695, -6.241391070864267 ], [ 138.18678387109702, -6.241933186819018 ], [ 138.191840132184495, -6.241960196124452 ], [ 138.191832426580618, -6.243405844912701 ], [ 138.192013008240167, -6.243406808859881 ], [ 138.191994701311785, -6.246840224910707 ], [ 138.193439364999847, -6.246847938535622 ], [ 138.193432621215038, -6.248112882738968 ], [ 138.194696706461684, -6.248119630291352 ], [ 138.194674548460426, -6.252275879575409 ], [ 138.194855133602516, -6.252276843910062 ], [ 138.194847423444259, -6.253722495887648 ], [ 138.195389180525211, -6.253725389194281 ], [ 138.195305231336135, -6.269446856042059 ], [ 138.19458286706589, -6.269442988402989 ], [ 138.194577068054429, -6.270527226434156 ], [ 138.194396476685768, -6.270526259200722 ], [ 138.194395510022417, -6.270706965506294 ], [ 138.195659650633615, -6.270713735033574 ], [ 138.195644187104051, -6.273605038878845 ], [ 138.197269521725332, -6.27361374213003 ], [ 138.197251159955272, -6.27704716978344 ], [ 138.197612348097664, -6.277049104222487 ], [ 138.197611381529072, -6.277229810983287 ], [ 138.197791975704916, -6.277230778137673 ], [ 138.197728123527185, -6.289157423121906 ], [ 138.193754967974968, -6.289136090605632 ], [ 138.193749148888742, -6.290220327051381 ], [ 138.191943169905727, -6.290210618806807 ], [ 138.19189557855853, -6.299065200793443 ], [ 138.184310369768639, -6.299024300239164 ], [ 138.184291847871009, -6.302457686211104 ], [ 138.182847042423106, -6.302449878873771 ], [ 138.182841188271141, -6.303534104564293 ], [ 138.181757583139131, -6.303528245425708 ], [ 138.181730239700698, -6.308587959908739 ], [ 138.181188432280265, -6.308585027126643 ], [ 138.18118745512777, -6.308765731110352 ], [ 138.181006852648977, -6.308764753363215 ], [ 138.181002943503756, -6.309487569171147 ], [ 138.167457820383333, -6.309414051691044 ], [ 138.167443086792105, -6.312124578941186 ], [ 138.171055122602411, -6.312144226451416 ], [ 138.171031565408413, -6.316481082999657 ], [ 138.176810894509856, -6.316512488769255 ], [ 138.17679423217561, -6.319584443728512 ], [ 138.17860028915311, -6.319594249706688 ], [ 138.178591470198143, -6.321220581181854 ], [ 138.179855715722027, -6.321227443424229 ], [ 138.179850817490973, -6.322130961849833 ], [ 138.180031424421344, -6.322131942061091 ], [ 138.18003240406216, -6.321951238350541 ], [ 138.180574224837073, -6.321954178524163 ], [ 138.180586955129428, -6.319605029058185 ], [ 138.189978513760281, -6.319655883534141 ], [ 138.189970706315052, -6.321101525727108 ], [ 138.190512530856836, -6.321104455153855 ], [ 138.190511554985676, -6.321285160506064 ], [ 138.191775813683648, -6.321291993842159 ], [ 138.191695731327144, -6.336109844090485 ], [ 138.183748759662564, -6.336066739163576 ], [ 138.183747779109638, -6.336247443357081 ], [ 138.184289616521795, -6.336250386270989 ], [ 138.184278830625459, -6.338238133237187 ], [ 138.185001283666224, -6.338242057484742 ], [ 138.184985592941644, -6.341133327299482 ], [ 138.185166207276609, -6.341134308655509 ], [ 138.185137751047819, -6.346374735093542 ], [ 138.185318367231332, -6.346375717204166 ], [ 138.185273183455422, -6.354688116627076 ], [ 138.197735968314163, -6.354755819812018 ], [ 138.197729117601483, -6.356020763480836 ], [ 138.199174090443393, -6.356028595322147 ], [ 138.199132978089722, -6.363618265310317 ], [ 138.199494226869717, -6.363620224997255 ], [ 138.199496185484321, -6.363258812084912 ], [ 138.199676809790958, -6.363259791777805 ], [ 138.199677788992744, -6.363079085291476 ], [ 138.21069592145156, -6.363138725735054 ], [ 138.210652978817109, -6.371089884915974 ], [ 138.211015212839442, -6.370911130641123 ], [ 138.211017165655932, -6.37054971425943 ], [ 138.21173968038201, -6.37055362099524 ], [ 138.211740656495721, -6.370372912690574 ], [ 138.211921285184843, -6.370373889188944 ], [ 138.211939824779222, -6.366940430601719 ], [ 138.213926729053583, -6.366951162088418 ], [ 138.213933552008797, -6.36568620138414 ], [ 138.223145584847316, -6.365735846863977 ], [ 138.223144613436574, -6.365916556960783 ], [ 138.230189160994371, -6.365954411635301 ], [ 138.230136795788383, -6.375712813259284 ], [ 138.222550218750627, -6.375671979721007 ], [ 138.222538539118347, -6.377840498857626 ], [ 138.222357906179212, -6.377839524939677 ], [ 138.222351090746599, -6.379104494147458 ], [ 138.222170457393787, -6.379103519971649 ], [ 138.222169483584821, -6.379284229825011 ], [ 138.221808216837417, -6.379282281228296 ], [ 138.221806268882517, -6.379643700819503 ], [ 138.2216256354248, -6.379642726370768 ], [ 138.221619790505457, -6.380726984943554 ], [ 138.219994087244061, -6.380718210559933 ], [ 138.219987262912014, -6.38198317707718 ], [ 138.20571726412166, -6.381905922483138 ], [ 138.205754483374847, -6.375039044346059 ], [ 138.203406303816053, -6.375026307613063 ], [ 138.20338866397671, -6.378279033066151 ], [ 138.201582363910518, -6.378269223279214 ], [ 138.201580402099239, -6.378630636629882 ], [ 138.201399772122329, -6.378629655247867 ], [ 138.201398791111018, -6.378810361893057 ], [ 138.201218161099405, -6.378809380419874 ], [ 138.201216198865467, -6.379170793649957 ], [ 138.201035568755941, -6.379169812057571 ], [ 138.201031643695188, -6.379892638388653 ], [ 138.205366780208664, -6.379916181865396 ], [ 138.205348158765958, -6.383349619400426 ], [ 138.205528791008049, -6.383350600120879 ], [ 138.205527810712027, -6.383531307373405 ], [ 138.207514767938477, -6.383542091435449 ], [ 138.207511828965039, -6.384084214107697 ], [ 138.209679424846456, -6.384095970824585 ], [ 138.209669634010339, -6.385903049661258 ], [ 138.209850267816137, -6.385904029256288 ], [ 138.209848309435927, -6.386265445062531 ], [ 138.210751479521008, -6.386270342368781 ], [ 138.210735813463543, -6.389161670849913 ], [ 138.211638989312121, -6.389166568809861 ], [ 138.21163115609852, -6.390612234031687 ], [ 138.212173063464377, -6.390615172718748 ], [ 138.212120152211412, -6.400373415118554 ], [ 138.217178062241828, -6.400400857582289 ], [ 138.217188827638466, -6.398413059207524 ], [ 138.22658211154382, -6.398463876070371 ], [ 138.226536244932134, -6.406957263197354 ], [ 138.234484598661311, -6.407000185650285 ], [ 138.2344621948547, -6.411156550959826 ], [ 138.234823487869164, -6.411158500336454 ], [ 138.234822513581065, -6.411339211910033 ], [ 138.239699981958438, -6.411365504390786 ], [ 138.239696091379102, -6.412088353659176 ], [ 138.244573587010251, -6.412114602847083 ], [ 138.244549303597211, -6.416632428904506 ], [ 138.244729953561972, -6.416633400897721 ], [ 138.244728981925789, -6.416814113949186 ], [ 138.245270932178272, -6.416817029630415 ], [ 138.245268989203197, -6.417178455894642 ], [ 138.245810940088063, -6.417181371169583 ], [ 138.245773037179532, -6.424229185415651 ], [ 138.251734595278265, -6.424261251160885 ], [ 138.251679242018099, -6.434561950698837 ], [ 138.241201161883652, -6.434505455433622 ], [ 138.241241137891024, -6.427096246373773 ], [ 138.240157219589662, -6.427090396601955 ], [ 138.240156244742849, -6.427271108880658 ], [ 138.239614285779055, -6.427268183052739 ], [ 138.239613310713423, -6.427448895247091 ], [ 138.240335922975561, -6.427452796334279 ], [ 138.240300811137701, -6.433958438364983 ], [ 138.240481466564574, -6.433959414472668 ], [ 138.240476587370665, -6.434862975858292 ], [ 138.242102490337345, -6.434871759204112 ], [ 138.242100539610391, -6.435233184245745 ], [ 138.242642508151562, -6.435236111046556 ], [ 138.242821214058637, -6.435598511776282 ], [ 138.247518289322642, -6.435623853139772 ], [ 138.247467627695812, -6.445020945125205 ], [ 138.247106306913906, -6.445018994451591 ], [ 138.24708582333588, -6.448813971658273 ], [ 138.246724499985447, -6.448812019571273 ], [ 138.246723524142197, -6.448992732700774 ], [ 138.24654286244504, -6.448991756533916 ], [ 138.2465233384398, -6.452606018273146 ], [ 138.239116180558881, -6.452565917808288 ], [ 138.23911520144668, -6.45274662974805 ], [ 138.244173744992452, -6.452774027833049 ], [ 138.244160059524717, -6.455304005669841 ], [ 138.24668935203843, -6.455317691335463 ], [ 138.246642431816468, -6.463991917479073 ], [ 138.246823098846193, -6.463992895870904 ], [ 138.246840700317449, -6.460740060955988 ], [ 138.258042039229821, -6.460800565532676 ], [ 138.257995272331272, -6.469474872844623 ], [ 138.258175943037116, -6.469475848027929 ], [ 138.258220759650015, -6.461162968989621 ], [ 138.271409581245422, -6.46123389233656 ], [ 138.271401828637295, -6.462679626646554 ], [ 138.274292557178029, -6.462695129430875 ], [ 138.274237326973434, -6.472996008661203 ], [ 138.272791932619441, -6.472988246863847 ], [ 138.272787081015792, -6.473891831447752 ], [ 138.27712327707593, -6.473915107807856 ], [ 138.277076740379215, -6.482589549442117 ], [ 138.28213574208965, -6.482616695145723 ], [ 138.282111523966307, -6.487134651268277 ], [ 138.282292204604005, -6.487135620507408 ], [ 138.282290266538155, -6.487497057013077 ], [ 138.28319367078231, -6.487501902517254 ], [ 138.283187857850322, -6.488586212816514 ], [ 138.284452627647653, -6.488592994966678 ], [ 138.284429376794321, -6.492930240219969 ], [ 138.286055525255733, -6.4929389613745 ], [ 138.286004154094798, -6.50251705469454 ], [ 138.285823467412399, -6.502516084493661 ], [ 138.285638900034797, -6.503237988815223 ], [ 138.285819586947184, -6.503238959189257 ], [ 138.285820557104785, -6.503058240517507 ], [ 138.286181930883401, -6.503060181017986 ], [ 138.286224584894427, -6.495108555651055 ], [ 138.287128005665664, -6.495113399795571 ], [ 138.287141561717618, -6.492583334695264 ], [ 138.297259870899893, -6.492637457980227 ], [ 138.297252154048522, -6.494083221652194 ], [ 138.297432839437818, -6.494084186523425 ], [ 138.297429945359056, -6.494626347958047 ], [ 138.297610630968677, -6.494627312846176 ], [ 138.297608701574376, -6.494988753849589 ], [ 138.298873502509707, -6.494995506644358 ], [ 138.298859035310841, -6.497706316829435 ], [ 138.302653466433696, -6.49772656481912 ], [ 138.302633230378717, -6.501521710462067 ], [ 138.307873218104191, -6.501549641754329 ], [ 138.307865520894012, -6.502995417619903 ], [ 138.308407591446866, -6.502998304620244 ], [ 138.308404705121944, -6.503540470788931 ], [ 138.308766086013435, -6.503542395295552 ], [ 138.308765123979356, -6.503723117402843 ], [ 138.309849267695512, -6.503728889538507 ], [ 138.309844459047554, -6.504632500862134 ], [ 138.31219344465606, -6.504645000951642 ], [ 138.312189600595985, -6.505367891385526 ], [ 138.312550983921795, -6.505369813725231 ], [ 138.312729753818445, -6.505732220168332 ], [ 138.314898057936404, -6.505743748666854 ], [ 138.314916296016236, -6.502310011286661 ], [ 138.315639060032595, -6.502313850013548 ], [ 138.315640978743261, -6.501952403728354 ], [ 138.315821669686699, -6.501953363195287 ], [ 138.315835096709833, -6.499423238662446 ], [ 138.325773090918119, -6.499475889501852 ], [ 138.325729116453033, -6.507789222675886 ], [ 138.328439537206691, -6.507803566674069 ], [ 138.328438581569145, -6.507984291676363 ], [ 138.328619276567395, -6.50798524745399 ], [ 138.328632652124327, -6.505455096917176 ], [ 138.337667391453124, -6.505502784907288 ], [ 138.337668343425577, -6.505322058522432 ], [ 138.337849038837334, -6.505323010612386 ], [ 138.337851894399279, -6.504780831369238 ], [ 138.338032589644769, -6.504781783314752 ], [ 138.338037348052382, -6.50387815108095 ], [ 138.338940823074608, -6.503882909175473 ], [ 138.338941774353032, -6.503702182591118 ], [ 138.33930316442212, -6.503704085324652 ], [ 138.339304115544763, -6.503523358685557 ], [ 138.339484810555405, -6.503524309929039 ], [ 138.339489565441625, -6.502620676578894 ], [ 138.342742074450996, -6.502637785548477 ], [ 138.342761064070743, -6.499023242202266 ], [ 138.344568004419614, -6.499032732845604 ], [ 138.344568952973901, -6.498852005397215 ], [ 138.345833812370756, -6.498858644831023 ], [ 138.345834760447588, -6.498677917195042 ], [ 138.344750595555638, -6.498672226604467 ], [ 138.344800825543757, -6.48909366831573 ], [ 138.345342897643178, -6.489096509671835 ], [ 138.345362775113074, -6.485301229077545 ], [ 138.345724153949163, -6.485303121876725 ], [ 138.345726046165197, -6.484941666442945 ], [ 138.34590673549522, -6.484942612693 ], [ 138.34590768149863, -6.484761884947387 ], [ 138.34644974945752, -6.484764723232384 ], [ 138.346462042547699, -6.482415261373209 ], [ 138.356038572152926, -6.482465290801986 ], [ 138.356005584149869, -6.488790813711936 ], [ 138.356366025729869, -6.488973429190561 ], [ 138.356398068218766, -6.482828633778134 ], [ 138.359469804328597, -6.482844641463762 ], [ 138.359473567629465, -6.482121722448634 ], [ 138.359654257973233, -6.482122663393441 ], [ 138.359658961175654, -6.481219014460319 ], [ 138.36200793390941, -6.481231239181202 ], [ 138.362031419024049, -6.476712985390775 ], [ 138.374499008463204, -6.476777643340711 ], [ 138.374451306964914, -6.485994972907777 ], [ 138.374270613082189, -6.485994036675986 ], [ 138.374269677001905, -6.486174768565085 ], [ 138.375353841083239, -6.486180385149853 ], [ 138.375330440057752, -6.490698685860675 ], [ 138.384907349512304, -6.490748233339839 ], [ 138.384856930622874, -6.500507834962044 ], [ 138.375460536229127, -6.500459150314931 ], [ 138.375452095422787, -6.502085737899168 ], [ 138.375632795216262, -6.502086676021144 ], [ 138.375631857280126, -6.502267407994126 ], [ 138.37671605698651, -6.502273035531029 ], [ 138.376701052571008, -6.505164749428656 ], [ 138.376881753645904, -6.5051656875465 ], [ 138.376832006264465, -6.514744488621427 ], [ 138.375747779709997, -6.514738850589079 ], [ 138.375735561068751, -6.517088365172236 ], [ 138.36886878328724, -6.517052590674953 ], [ 138.368861242260891, -6.518498437680301 ], [ 138.368680537586158, -6.518497494776328 ], [ 138.368641860356405, -6.525907458163864 ], [ 138.361955708179948, -6.525872485278883 ], [ 138.361953815554187, -6.526233944892833 ], [ 138.361773109117593, -6.526232998398551 ], [ 138.361760803599424, -6.528582485406237 ], [ 138.36139938912558, -6.528580591536461 ], [ 138.361393707353471, -6.529664969756684 ], [ 138.351816242305205, -6.529614679524091 ], [ 138.351837146143509, -6.525638656677028 ], [ 138.351475736689252, -6.52563675654222 ], [ 138.351476686683924, -6.525456028267601 ], [ 138.344609929952867, -6.525419877587546 ], [ 138.344633732461517, -6.520901695496811 ], [ 138.343368819137282, -6.520895030636717 ], [ 138.343370723514539, -6.520533576403351 ], [ 138.343190021848073, -6.520532624075336 ], [ 138.343142376833413, -6.529568976861575 ], [ 138.340612511097049, -6.529555618846723 ], [ 138.340611556603818, -6.529736345493122 ], [ 138.355790835625157, -6.529816305650252 ], [ 138.35572243273046, -6.542828781104039 ], [ 138.350662521446367, -6.542802124972438 ], [ 138.350661568611969, -6.542982853003393 ], [ 138.350300147053986, -6.54298094699646 ], [ 138.350275360550313, -6.547679873917387 ], [ 138.34196261689894, -6.547635932402194 ], [ 138.341960703525018, -6.547997385832864 ], [ 138.346478495159971, -6.548021285447762 ], [ 138.346469898236592, -6.549647831801375 ], [ 138.347373461503452, -6.549652608055576 ], [ 138.347361044091372, -6.552002065422045 ], [ 138.348264612249011, -6.552006841781349 ], [ 138.34826079188943, -6.552729752222857 ], [ 138.350971504293, -6.552744073158097 ], [ 138.350967687397372, -6.553466985169848 ], [ 138.351148402032408, -6.553467939485714 ], [ 138.351154126825065, -6.552383571300234 ], [ 138.360551304603348, -6.55243309799758 ], [ 138.360504689295425, -6.561288837499813 ], [ 138.363034755642047, -6.561302159753849 ], [ 138.363010970294283, -6.565820402116115 ], [ 138.371143435065761, -6.565863167033648 ], [ 138.371142486230809, -6.566043897896547 ], [ 138.379636454633072, -6.566088424076956 ], [ 138.379635508828699, -6.566269156174374 ], [ 138.37981623226483, -6.566270102004913 ], [ 138.37981906940297, -6.565727905629587 ], [ 138.381987750368836, -6.565739249577046 ], [ 138.381988695247856, -6.565558517134162 ], [ 138.386687515441054, -6.565583062870764 ], [ 138.38668845860235, -6.565402329745051 ], [ 138.386869182749223, -6.565403272907498 ], [ 138.386873897832629, -6.564499607126481 ], [ 138.389584758340533, -6.564513744794789 ], [ 138.389588526027921, -6.563790810574028 ], [ 138.391937939909724, -6.563803050023288 ], [ 138.391939821903776, -6.563441582224574 ], [ 138.393748005402841, -6.563270255021601 ], [ 138.393932490506216, -6.562548258564081 ], [ 138.394294878844647, -6.562369404536285 ], [ 138.394298638499095, -6.561646467529003 ], [ 138.394479362393042, -6.561647407411159 ], [ 138.394481241931572, -6.561285938846699 ], [ 138.39466196572198, -6.561286878611632 ], [ 138.394665724221568, -6.560563941361087 ], [ 138.395388618607655, -6.560567699353131 ], [ 138.395397071345059, -6.558941089515929 ], [ 138.404613981980475, -6.558988900792085 ], [ 138.40461023872939, -6.55971184382618 ], [ 138.404790963413092, -6.559712779716549 ], [ 138.404781604091085, -6.561520137461547 ], [ 138.404962329451109, -6.561521073546944 ], [ 138.404961393439009, -6.561701809339566 ], [ 138.406045746542361, -6.561707424642647 ], [ 138.406037324758955, -6.563334048115538 ], [ 138.406579503421625, -6.563336855591052 ], [ 138.406573888884935, -6.564421271642939 ], [ 138.406934406520548, -6.564603879335526 ], [ 138.406931599208008, -6.565146087493723 ], [ 138.407292117494023, -6.565328695180207 ], [ 138.407287438632267, -6.56623237566783 ], [ 138.409817624899517, -6.566245471655999 ], [ 138.409818559813743, -6.566064735197823 ], [ 138.410722198690365, -6.56606940911633 ], [ 138.410724067789431, -6.565707935936194 ], [ 138.41506154041835, -6.565730346860042 ], [ 138.415068070509506, -6.564465186329509 ], [ 138.425369602583771, -6.564518251775232 ], [ 138.425362169179181, -6.56596416130582 ], [ 138.426085088985019, -6.565967878086553 ], [ 138.426084159952069, -6.566148616874609 ], [ 138.42915657489587, -6.566164402017401 ], [ 138.429339161119429, -6.565803851464224 ], [ 138.430604274619867, -6.565810344947574 ], [ 138.430605201974231, -6.565629605512458 ], [ 138.431147393670557, -6.565632387380758 ], [ 138.431148320803658, -6.565451647866984 ], [ 138.440727075981158, -6.565500696296501 ], [ 138.440726152295923, -6.565681437171945 ], [ 138.449582050678629, -6.565726622503638 ], [ 138.44958020960604, -6.566088106759018 ], [ 138.450122409878418, -6.5660908682863 ], [ 138.450121489498486, -6.566271610488505 ], [ 138.460423342593515, -6.566323969693533 ], [ 138.460425175910188, -6.565962482380844 ], [ 138.461148115598462, -6.565966148568806 ], [ 138.461149948291506, -6.565604661046855 ], [ 138.463138033129098, -6.565614737136131 ], [ 138.463142610832591, -6.564711016907616 ], [ 138.463684815353446, -6.564713763184335 ], [ 138.463686645864243, -6.564352274930431 ], [ 138.465132524678552, -6.564359595066013 ], [ 138.465133439374966, -6.56417885073366 ], [ 138.475435369838067, -6.564230884742454 ], [ 138.475425347553227, -6.566219088213427 ], [ 138.497113979885114, -6.566327975861483 ], [ 138.497114883321558, -6.566147227075859 ], [ 138.533624892747554, -6.566328399708749 ], [ 138.533625783013207, -6.566147645892297 ], [ 138.541578591518913, -6.566186755917535 ], [ 138.541752040474478, -6.530758767713476 ], [ 138.541571307010258, -6.530757885077128 ], [ 138.541720982116601, -6.500029488182296 ], [ 138.523106699825092, -6.499938662894792 ], [ 138.523105814857246, -6.500119415743024 ], [ 138.487323757758844, -6.499942894977453 ], [ 138.487322860013506, -6.50012364287496 ], [ 138.458228074788792, -6.499978242693632 ], [ 138.458414601608268, -6.462744985786466 ], [ 138.458233903964413, -6.462744082708308 ], [ 138.458255565612006, -6.458406224257699 ], [ 138.432777673364228, -6.458278335791046 ], [ 138.432776762072024, -6.458459076300961 ], [ 138.416695232445619, -6.458377695166678 ], [ 138.416748374277574, -6.4478948764365 ], [ 138.416567687817178, -6.447893960663382 ], [ 138.41672568458651, -6.416626219114705 ], [ 138.413473531147673, -6.416609804911231 ], [ 138.413472618980791, -6.416790542956248 ], [ 138.37498943792977, -6.416594738891519 ], [ 138.375082799288492, -6.398340750782566 ], [ 138.374902136318951, -6.398339827369196 ], [ 138.37507887894327, -6.363639142389783 ], [ 138.37489822812995, -6.363638223961305 ], [ 138.375052083915506, -6.333275086881611 ], [ 138.374329523161038, -6.333271430207235 ], [ 138.374328609323328, -6.33345216317684 ], [ 138.333323973435569, -6.333242996377175 ], [ 138.333419422507262, -6.314628112836408 ], [ 138.333238794856328, -6.314627186997214 ], [ 138.333418726630271, -6.279385382138325 ], [ 138.333238111158465, -6.279384461444113 ], [ 138.333418857698007, -6.243781154188732 ], [ 138.333238254459502, -6.243780238692938 ], [ 138.333418874761009, -6.207996155649397 ], [ 138.333238283746454, -6.207995245378753 ], [ 138.333419666332446, -6.171849658019792 ], [ 138.333239087592489, -6.171848753027728 ], [ 138.333265300214919, -6.166607639125623 ], [ 138.330917802059872, -6.166595878737983 ], [ 138.330916897761142, -6.166776606475304 ], [ 138.291732400195826, -6.166578769076989 ], [ 138.291757164030429, -6.161699277404591 ], [ 138.291576594928216, -6.161698359789129 ], [ 138.291756686535336, -6.126096118207269 ], [ 138.291576129431405, -6.126095205872265 ], [ 138.291744294008964, -6.092661586063283 ], [ 138.291563748109695, -6.092660678683442 ], [ 138.29160541922559, -6.084347448402471 ], [ 138.291424876123244, -6.084346542209483 ], [ 138.291426686716335, -6.083985097404494 ], [ 138.288538002730746, -6.083970590993968 ], [ 138.288539815139359, -6.083609147051685 ], [ 138.287998188034351, -6.083606425546231 ], [ 138.287999094378023, -6.083425703654511 ], [ 138.250085825911214, -6.083233857291432 ], [ 138.250092257961001, -6.0819688441958 ], [ 138.24991172192901, -6.081967924482157 ], [ 138.250089451059551, -6.046908969293931 ], [ 138.249908926686942, -6.046908054860163 ], [ 138.249931755300167, -6.042390145286455 ], [ 138.249751232449313, -6.042389231480992 ], [ 138.24957253540353, -6.042026884923866 ], [ 138.249211490079745, -6.042025057124061 ], [ 138.24921331598469, -6.041663624536976 ], [ 138.235313164944387, -6.041593076627669 ], [ 138.235312247406881, -6.041773790796572 ], [ 138.230077166771082, -6.041747128104204 ], [ 138.229894808426536, -6.042107634476094 ], [ 138.229172729820334, -6.042103952456214 ], [ 138.229171810168197, -6.042284665679258 ], [ 138.228810770913725, -6.042282824255092 ], [ 138.228628411581752, -6.042643329728982 ], [ 138.213825891313917, -6.04256761594455 ], [ 138.213830514958403, -6.041664061647968 ], [ 138.20877604753241, -6.041638119982901 ], [ 138.208766782815246, -6.04344522072768 ], [ 138.199018911609954, -6.043395042900279 ], [ 138.199022630737545, -6.042672208663046 ], [ 138.198842115620891, -6.042671277911633 ], [ 138.198843045391754, -6.042490569377005 ], [ 138.197218411153926, -6.042482190176012 ], [ 138.197219341433936, -6.042301481892429 ], [ 138.196677797377134, -6.042298687833362 ], [ 138.196680588584741, -6.041756563227047 ], [ 138.166715579438147, -6.041601134052717 ], [ 138.166746592833931, -6.03563791709581 ], [ 138.16656608508336, -6.035636976719755 ], [ 138.166713215851956, -6.007266504740608 ], [ 138.165992157620195, -6.00708205681287 ], [ 138.166000572354534, -6.005455724033395 ], [ 138.165639577040736, -6.005453852097916 ], [ 138.165640511986737, -6.005273148505797 ], [ 138.164738024500309, -6.005268467769179 ], [ 138.164738959714327, -6.005087764317567 ], [ 138.164377965039023, -6.005085891663778 ], [ 138.164380770865222, -6.004543781471172 ], [ 138.164200273748548, -6.004542845140294 ], [ 138.164220843231249, -6.000567370651506 ], [ 138.161332914143088, -6.000552391272511 ], [ 138.161333849738725, -6.000371688325577 ], [ 138.153933567421518, -6.000333235465138 ], [ 138.153935443388576, -5.999971831899651 ], [ 138.148881623147588, -5.999945515662382 ], [ 138.148699250579313, -6.000305976848185 ], [ 138.140396590830278, -6.000262636645934 ], [ 138.140394705854419, -6.000624035923859 ], [ 138.139492245926789, -6.000619317177862 ], [ 138.139491303099049, -6.000800016671716 ], [ 138.127037425909293, -6.000734744450177 ], [ 138.12703837282811, -6.000554046935711 ], [ 138.126857882928363, -6.000553098912595 ], [ 138.12686072368848, -6.00001100644741 ], [ 138.123972892088602, -5.999995831385592 ], [ 138.123993737205097, -5.996020496398045 ], [ 138.123813249280829, -5.996019548085349 ], [ 138.12363465593566, -5.995657205706564 ], [ 138.122010267253529, -5.995648668207668 ], [ 138.122075594779687, -5.983180589577053 ], [ 138.123519463049263, -5.983188162809589 ], [ 138.123520408334286, -5.983007465740744 ], [ 138.123700891939677, -5.983008412099699 ], [ 138.123703727442944, -5.982466320798807 ], [ 138.124245177901543, -5.982469159261568 ], [ 138.124248957456473, -5.98174637049634 ], [ 138.124068474177648, -5.981745424516372 ], [ 138.124118512518919, -5.972168472886795 ], [ 138.125020913555346, -5.972173194570193 ], [ 138.125078385842784, -5.9611506519268 ], [ 138.124897909173171, -5.961149709463117 ], [ 138.124911085109261, -5.958619945281733 ], [ 138.12473060929301, -5.958619003161851 ], [ 138.124731550272315, -5.958438305739118 ], [ 138.094953449479021, -5.95828205358099 ], [ 138.094952498787592, -5.958462746232197 ], [ 138.090801673921476, -5.958440837546684 ], [ 138.090800721846961, -5.958621529527546 ], [ 138.090439781170971, -5.958619622892948 ], [ 138.090438828949317, -5.958800314814255 ], [ 138.090258358596571, -5.958799361379444 ], [ 138.090242165330466, -5.961871123342734 ], [ 138.079594407558233, -5.961814737121661 ], [ 138.079604924737254, -5.959827145412881 ], [ 138.076356488351081, -5.959809907764252 ], [ 138.076364143442333, -5.958364390630052 ], [ 138.060302612945833, -5.958278900272242 ], [ 138.060301650924941, -5.95845958730812 ], [ 138.041713875207961, -5.958360063358886 ], [ 138.041744839016047, -5.952578174795551 ], [ 138.041564378607035, -5.952577206426829 ], [ 138.041744722481582, -5.91878927333545 ], [ 138.04156427306404, -5.918788310442691 ], [ 138.041575810959614, -5.916620099597515 ], [ 138.039410428695163, -5.916608544582908 ], [ 138.039409466667053, -5.916789228472022 ], [ 138.000072428807329, -5.916577839262626 ], [ 138.000080226071219, -5.915132420109045 ], [ 137.999899784713563, -5.91513144426825 ], [ 138.000079566442963, -5.881706108139013 ], [ 137.999899135889052, -5.881705137791863 ], [ 138.000079818597214, -5.84791840618517 ], [ 137.99989939890034, -5.847917441391712 ], [ 137.999968688381387, -5.834908636191596 ], [ 137.995638724384264, -5.834885515696906 ], [ 137.995466010256337, -5.833439134406833 ], [ 137.958301308054416, -5.833239355045562 ], [ 137.958416064340412, -5.811920176346806 ], [ 137.958235663109747, -5.811919204166123 ], [ 137.958416658145836, -5.778133694293532 ], [ 137.958236267639961, -5.778132727744242 ], [ 137.958386446098757, -5.749947994094742 ], [ 137.954418057935158, -5.749926820029041 ], [ 137.954417096382286, -5.75010749082991 ], [ 137.916718141213579, -5.749904959092847 ], [ 137.916756081141756, -5.742859046681915 ], [ 137.916575708828731, -5.742858072866708 ], [ 137.916756012998462, -5.709254469106911 ], [ 137.916575651223098, -5.709253500969942 ], [ 137.916755851072054, -5.675469193254144 ], [ 137.916575499827644, -5.675468230826271 ], [ 137.916622540990346, -5.666615652268666 ], [ 137.910310362958825, -5.666581984891867 ] ] ] } },
{ "type": "Feature", "properties": { "zone_id": 25, "pixel_count": 545, "area_m2": 218000, "area_ha": 21.8, "salinity_min": 33.007, "salinity_max": 33.007, "salinity_mean": 33.007, "salinity_median": 33.007, "depth_min": 6.998, "depth_max": 22.323, "depth_mean": 14.114, "depth_median": 14.381, "temperature_min": 28.916, "temperature_max": 28.916, "temperature_mean": 28.916, "temperature_median": 28.916, "sedimentation_min": 15.69, "sedimentation_max": 15.69, "sedimentation_mean": 15.69, "sedimentation_median": 15.69, "depth_group": "35m", "source_zone_tif": "zone_Focal_35m_2_25_False.tif", "source_csv": "ringkasan_Focal_35m_2_25_False.csv" }, "geometry": { "type": "Polygon", "coordinates": [ [ [ 137.843556466826755, -5.671280141006245 ], [ 137.843552535432451, -5.67200274991751 ], [ 137.842109836123001, -5.67199487110572 ], [ 137.842070476273591, -5.679220948977521 ], [ 137.837020982058391, -5.679193309508701 ], [ 137.837019995841587, -5.679373960544179 ], [ 137.841528473025136, -5.679398641535094 ], [ 137.841513696953172, -5.682108418761921 ], [ 137.841694037294843, -5.682109405745904 ], [ 137.841701918309809, -5.680664191008624 ], [ 137.843865999514094, -5.680676027408028 ], [ 137.843917141524884, -5.671282109896459 ], [ 137.843556466826755, -5.671280141006245 ] ] ] } },
{ "type": "Feature", "properties": { "zone_id": 26, "pixel_count": 142, "area_m2": 56800, "area_ha": 5.68, "salinity_min": 32.996, "salinity_max": 32.996, "salinity_mean": 32.996, "salinity_median": 32.996, "depth_min": 7.053, "depth_max": 22.877, "depth_mean": 13.303, "depth_median": 12.978, "temperature_min": 28.974, "temperature_max": 28.974, "temperature_mean": 28.974, "temperature_median": 28.974, "sedimentation_min": 9.209, "sedimentation_max": 9.209, "sedimentation_mean": 9.209, "sedimentation_median": 9.209, "depth_group": "35m", "source_zone_tif": "zone_Focal_35m_2_25_False.tif", "source_csv": "ringkasan_Focal_35m_2_25_False.csv" }, "geometry": { "type": "Polygon", "coordinates": [ [ [ 137.852654347923163, -5.755516817331971 ], [ 137.852642410351422, -5.757684656755082 ], [ 137.85300413715305, -5.757505996446726 ], [ 137.853006126775114, -5.757144689760831 ], [ 137.855350885283599, -5.757157637699998 ], [ 137.855358836597446, -5.755712407632458 ], [ 137.855719568243046, -5.755714398266849 ], [ 137.855720561901023, -5.755533744439616 ], [ 137.852654347923163, -5.755516817331971 ] ] ] } },
{ "type": "Feature", "properties": { "zone_id": 27, "pixel_count": 537, "area_m2": 214800, "area_ha": 21.48, "salinity_min": 32.981, "salinity_max": 32.981, "salinity_mean": 32.981, "salinity_median": 32.981, "depth_min": 5.559, "depth_max": 21.718, "depth_mean": 12.31, "depth_median": 11.892, "temperature_min": 29.06, "temperature_max": 29.06, "temperature_mean": 29.06, "temperature_median": 29.06, "sedimentation_min": 6.814, "sedimentation_max": 6.814, "sedimentation_mean": 6.814, "sedimentation_median": 6.814, "depth_group": "35m", "source_zone_tif": "zone_Focal_35m_2_25_False.tif", "source_csv": "ringkasan_Focal_35m_2_25_False.csv" }, "geometry": { "type": "Polygon", "coordinates": [ [ [ 137.864120603224222, -5.899385729763127 ], [ 137.864110442334237, -5.901192273417731 ], [ 137.863930028590573, -5.901191255786017 ], [ 137.86392901226921, -5.901371910112718 ], [ 137.863567168290956, -5.901550528874237 ], [ 137.863563102096379, -5.902273145911275 ], [ 137.85833110901504, -5.902243600380825 ], [ 137.858330090698132, -5.90242425372623 ], [ 137.858690917067833, -5.902426292986561 ], [ 137.858688880571918, -5.90278759979902 ], [ 137.867529171927913, -5.902837491875529 ], [ 137.867496662120658, -5.908618449338889 ], [ 137.868398746264802, -5.908623537504947 ], [ 137.868433276952572, -5.902481264828897 ], [ 137.868252862041942, -5.90248024837744 ], [ 137.868261996924616, -5.900854352690811 ], [ 137.864473302114817, -5.900832999660603 ], [ 137.86448041381189, -5.899568418658595 ], [ 137.864120603224222, -5.899385729763127 ] ] ] } },
{ "type": "Feature", "properties": { "zone_id": 28, "pixel_count": 1284, "area_m2": 513600, "area_ha": 51.36, "salinity_min": 32.96, "salinity_max": 32.96, "salinity_mean": 32.96, "salinity_median": 32.96, "depth_min": 6.281, "depth_max": 25.587, "depth_mean": 12.696, "depth_median": 12.362, "temperature_min": 28.947, "temperature_max": 28.947, "temperature_mean": 28.947, "temperature_median": 28.947, "sedimentation_min": 7.836, "sedimentation_max": 9.507, "sedimentation_mean": 7.856, "sedimentation_median": 7.836, "depth_group": "35m", "source_zone_tif": "zone_Focal_35m_2_25_False.tif", "source_csv": "ringkasan_Focal_35m_2_25_False.csv" }, "geometry": { "type": "Polygon", "coordinates": [ [ [ 137.881179064894184, -5.913934692346054 ], [ 137.881150690815531, -5.918993094432079 ], [ 137.889811005852749, -5.919041752794321 ], [ 137.889808983796314, -5.919403070179314 ], [ 137.890350256241106, -5.919406107038721 ], [ 137.890349245341071, -5.91958676582252 ], [ 137.891251367002496, -5.919591826240372 ], [ 137.891245302695665, -5.920675779847897 ], [ 137.8937712524299, -5.920689943848097 ], [ 137.893751046279164, -5.924303130893116 ], [ 137.89447275200888, -5.924307178129193 ], [ 137.894464667906988, -5.925752453790576 ], [ 137.894645094885647, -5.925753465701723 ], [ 137.894648126483588, -5.925211487245615 ], [ 137.894828553318149, -5.925212499005015 ], [ 137.894832594775863, -5.924489860920445 ], [ 137.901688828818038, -5.924528259669565 ], [ 137.901695884609239, -5.923263634716935 ], [ 137.904582726967988, -5.923279773847112 ], [ 137.904583733877615, -5.923099112638579 ], [ 137.899351339694704, -5.923069850328917 ], [ 137.89935537380174, -5.92234720907602 ], [ 137.899174947119349, -5.922346199276844 ], [ 137.899175955626305, -5.922165538991272 ], [ 137.898634675942276, -5.922162509335616 ], [ 137.898644761042902, -5.920355907336484 ], [ 137.891788598331544, -5.920317497905908 ], [ 137.891796681918493, -5.918872225650695 ], [ 137.889812016833844, -5.918861094099808 ], [ 137.889819092822336, -5.917596483200533 ], [ 137.881339222237727, -5.917548851641833 ], [ 137.88135948574984, -5.913935706563097 ], [ 137.881179064894184, -5.913934692346054 ] ] ] } },
{ "type": "Feature", "properties": { "zone_id": 29, "pixel_count": 5017, "area_m2": 2006800, "area_ha": 200.68, "salinity_min": 32.96, "salinity_max": 32.96, "salinity_mean": 32.96, "salinity_median": 32.96, "depth_min": 6.856, "depth_max": 27.764, "depth_mean": 15.319, "depth_median": 14.994, "temperature_min": 28.947, "temperature_max": 28.947, "temperature_mean": 28.947, "temperature_median": 28.947, "sedimentation_min": 7.836, "sedimentation_max": 9.79, "sedimentation_mean": 9.783, "sedimentation_median": 9.79, "depth_group": "35m", "source_zone_tif": "zone_Focal_35m_2_25_False.tif", "source_csv": "ringkasan_Focal_35m_2_25_False.csv" }, "geometry": { "type": "Polygon", "coordinates": [ [ [ 137.930904559196733, -5.927220330673459 ], [ 137.930899563610126, -5.928123659061889 ], [ 137.924584393918508, -5.92808860644394 ], [ 137.924578385902038, -5.929172594011984 ], [ 137.917902377747765, -5.929135453503864 ], [ 137.917877278153156, -5.933652039362401 ], [ 137.913186016608819, -5.933625872576426 ], [ 137.913185010697561, -5.933806535191073 ], [ 137.92094364945612, -5.933849790919901 ], [ 137.920924579087341, -5.93728240553772 ], [ 137.921826755685061, -5.937287431161299 ], [ 137.921796630516781, -5.942707352608698 ], [ 137.92197706768863, -5.942708358481086 ], [ 137.9219790767863, -5.942347030360726 ], [ 137.931722723846605, -5.942401256921698 ], [ 137.931779750463193, -5.932103308605956 ], [ 137.940079811858965, -5.932149286138764 ], [ 137.940082802390293, -5.931607284508173 ], [ 137.931061008404754, -5.931557307663597 ], [ 137.931084992882177, -5.927221330968627 ], [ 137.930904559196733, -5.927220330673459 ] ] ] } },
{ "type": "Feature", "properties": { "zone_id": 30, "pixel_count": 145, "area_m2": 58000, "area_ha": 5.8, "salinity_min": 32.96, "salinity_max": 32.96, "salinity_mean": 32.96, "salinity_median": 32.96, "depth_min": 6.131, "depth_max": 16.889, "depth_mean": 12.002, "depth_median": 12.11, "temperature_min": 28.947, "temperature_max": 28.947, "temperature_mean": 28.947, "temperature_median": 28.947, "sedimentation_min": 7.836, "sedimentation_max": 7.836, "sedimentation_mean": 7.836, "sedimentation_median": 7.836, "depth_group": "35m", "source_zone_tif": "zone_Focal_35m_2_25_False.tif", "source_csv": "ringkasan_Focal_35m_2_25_False.csv" }, "geometry": { "type": "MultiPolygon", "coordinates": [ [ [ [ 137.897998427007821, -5.939141522614381 ], [ 137.897817995100667, -5.939140509519793 ], [ 137.897819006930035, -5.938959849576679 ], [ 137.897999438778584, -5.938960862640238 ], [ 137.897998427007821, -5.939141522614381 ] ] ], [ [ [ 137.898000450518055, -5.938780202664745 ], [ 137.89818088233929, -5.93878121563858 ], [ 137.898182905606944, -5.938419895621493 ], [ 137.898543769108954, -5.938421921268977 ], [ 137.898553882395731, -5.9366153204821 ], [ 137.898734313607662, -5.936616332907581 ], [ 137.898726223697651, -5.938061613796053 ], [ 137.899267518927815, -5.938064651464916 ], [ 137.899264485222318, -5.938606632055008 ], [ 137.908827423365807, -5.938660215369158 ], [ 137.908824398699181, -5.939202200871143 ], [ 137.908462522761454, -5.939380843436616 ], [ 137.908464539534037, -5.939019519896361 ], [ 137.897999438778584, -5.938960862640238 ], [ 137.898000450518055, -5.938780202664745 ] ] ] ] } },
{ "type": "Feature", "properties": { "zone_id": 31, "pixel_count": 55, "area_m2": 22000, "area_ha": 2.2, "salinity_min": 32.96, "salinity_max": 32.96, "salinity_mean": 32.96, "salinity_median": 32.96, "depth_min": 5.498, "depth_max": 16.871, "depth_mean": 8.977, "depth_median": 7.944, "temperature_min": 28.947, "temperature_max": 28.947, "temperature_mean": 28.947, "temperature_median": 28.947, "sedimentation_min": 9.79, "sedimentation_max": 9.79, "sedimentation_mean": 9.79, "sedimentation_median": 9.79, "depth_group": "35m", "source_zone_tif": "zone_Focal_35m_2_25_False.tif", "source_csv": "ringkasan_Focal_35m_2_25_False.csv" }, "geometry": { "type": "Polygon", "coordinates": [ [ [ 137.93171971965694, -5.942943254080372 ], [ 137.931717716708874, -5.943304585512757 ], [ 137.932980790743784, -5.943311603415514 ], [ 137.932979789633976, -5.943492269344494 ], [ 137.933160228964425, -5.943493271697724 ], [ 137.9331592278823, -5.943673937656036 ], [ 137.933520106753434, -5.943675942247604 ], [ 137.933698544330383, -5.944038276551908 ], [ 137.934420303037541, -5.944042285040389 ], [ 137.934424305785029, -5.943319620350992 ], [ 137.934604745304512, -5.943320622203565 ], [ 137.934426306972995, -5.942958287998216 ], [ 137.93171971965694, -5.942943254080372 ] ] ] } },
{ "type": "Feature", "properties": { "zone_id": 32, "pixel_count": 314, "area_m2": 125600, "area_ha": 12.56, "salinity_min": 32.96, "salinity_max": 32.96, "salinity_mean": 32.96, "salinity_median": 32.96, "depth_min": 5.759, "depth_max": 26.27, "depth_mean": 15.491, "depth_median": 15.832, "temperature_min": 28.947, "temperature_max": 28.947, "temperature_mean": 28.947, "temperature_median": 28.947, "sedimentation_min": 9.79, "sedimentation_max": 9.79, "sedimentation_mean": 9.79, "sedimentation_median": 9.79, "depth_group": "35m", "source_zone_tif": "zone_Focal_35m_2_25_False.tif", "source_csv": "ringkasan_Focal_35m_2_25_False.csv" }, "geometry": { "type": "Polygon", "coordinates": [ [ [ 137.93707987460931, -5.952548638596318 ], [ 137.937055833958908, -5.956884635795323 ], [ 137.939762503044733, -5.956899678651947 ], [ 137.939763504212152, -5.956719011658089 ], [ 137.939402614716386, -5.956717006770587 ], [ 137.93942563574015, -5.952561666948022 ], [ 137.93707987460931, -5.952548638596318 ] ] ] } },
{ "type": "Feature", "properties": { "zone_id": 33, "pixel_count": 1684, "area_m2": 673600, "area_ha": 67.36, "salinity_min": 32.945, "salinity_max": 32.945, "salinity_mean": 32.945, "salinity_median": 32.945, "depth_min": 5.904, "depth_max": 26.946, "depth_mean": 15.107, "depth_median": 14.338, "temperature_min": 29.083, "temperature_max": 29.083, "temperature_mean": 29.083, "temperature_median": 29.083, "sedimentation_min": 6.234, "sedimentation_max": 7.24, "sedimentation_mean": 6.241, "sedimentation_median": 6.234, "depth_group": "35m", "source_zone_tif": "zone_Focal_35m_2_25_False.tif", "source_csv": "ringkasan_Focal_35m_2_25_False.csv" }, "geometry": { "type": "Polygon", "coordinates": [ [ [ 137.949067596120074, -6.003565181202315 ], [ 137.949064577928908, -6.004107185988624 ], [ 137.948884116059276, -6.004106178698399 ], [ 137.948883109874572, -6.004286846927263 ], [ 137.94671756913246, -6.004274754448427 ], [ 137.946714548259052, -6.004816758027565 ], [ 137.946353624878128, -6.004814741600137 ], [ 137.94633851456706, -6.007524758395921 ], [ 137.939480959990988, -6.007486383726716 ], [ 137.939479950135961, -6.007667050340001 ], [ 137.943991495663198, -6.0076923072484 ], [ 137.943981410244106, -6.009498980955623 ], [ 137.944161873060125, -6.009499990765626 ], [ 137.944160864407735, -6.00968065815944 ], [ 137.945965494859053, -6.009690753297638 ], [ 137.945960454101197, -6.0105940917745 ], [ 137.947404163058053, -6.010602164829399 ], [ 137.947376942459186, -6.015480198615125 ], [ 137.947737873213157, -6.015482217933744 ], [ 137.947736864729791, -6.015662885893764 ], [ 137.948278261270247, -6.015665914517284 ], [ 137.948277252934275, -6.015846582567547 ], [ 137.951525639072884, -6.01586474361797 ], [ 137.951511534104014, -6.018394103868712 ], [ 137.951692001125195, -6.018395112677945 ], [ 137.951716175949485, -6.014059065638572 ], [ 137.95207710723264, -6.014061081614741 ], [ 137.952084154049658, -6.012796400653714 ], [ 137.959483255439949, -6.012837667013518 ], [ 137.959485263670473, -6.012476327086378 ], [ 137.952627562701252, -6.012438085919116 ], [ 137.952634606331344, -6.011173404232109 ], [ 137.950469030771245, -6.011161312804012 ], [ 137.950474064573001, -6.010257970531018 ], [ 137.950113136337819, -6.010255954766148 ], [ 137.950133266214664, -6.006642586554816 ], [ 137.949952803329865, -6.006641579193534 ], [ 137.949953809559474, -6.006460910799213 ], [ 137.949231958565832, -6.006456880882354 ], [ 137.949248057842709, -6.003566188341615 ], [ 137.949067596120074, -6.003565181202315 ] ] ] } },
{ "type": "Feature", "properties": { "zone_id": 34, "pixel_count": 240, "area_m2": 96000, "area_ha": 9.6, "salinity_min": 32.934, "salinity_max": 32.934, "salinity_mean": 32.934, "salinity_median": 32.934, "depth_min": 5.987, "depth_max": 23.698, "depth_mean": 15.643, "depth_median": 15.529, "temperature_min": 29.044, "temperature_max": 29.044, "temperature_mean": 29.044, "temperature_median": 29.044, "sedimentation_min": 8.312, "sedimentation_max": 8.312, "sedimentation_mean": 8.312, "sedimentation_median": 8.312, "depth_group": "35m", "source_zone_tif": "zone_Focal_35m_2_25_False.tif", "source_csv": "ringkasan_Focal_35m_2_25_False.csv" }, "geometry": { "type": "Polygon", "coordinates": [ [ [ 138.006168700002888, -6.02339467135275 ], [ 138.006138971674574, -6.028815001844657 ], [ 138.005056094690502, -6.028809045854518 ], [ 138.005055102919926, -6.028989723336777 ], [ 138.006137980261315, -6.028995679506683 ], [ 138.00613500583998, -6.029537712484617 ], [ 138.006315485681455, -6.029538705060809 ], [ 138.00631449420672, -6.029719382747359 ], [ 138.006494974137979, -6.029720375293885 ], [ 138.006516778283356, -6.025745465217232 ], [ 138.014457867553176, -6.025789049281377 ], [ 138.014460831855303, -6.025247012089795 ], [ 138.014099872340779, -6.02524503367779 ], [ 138.014100860500179, -6.025064354670968 ], [ 138.006340262716805, -6.02502176245588 ], [ 138.006349177820539, -6.023395662910487 ], [ 138.006168700002888, -6.02339467135275 ] ] ] } },
{ "type": "Feature", "properties": { "zone_id": 35, "pixel_count": 81, "area_m2": 32400, "area_ha": 3.24, "salinity_min": 32.934, "salinity_max": 32.934, "salinity_mean": 32.934, "salinity_median": 32.934, "depth_min": 7.227, "depth_max": 17.661, "depth_mean": 11.078, "depth_median": 9.838, "temperature_min": 29.044, "temperature_max": 29.044, "temperature_mean": 29.044, "temperature_median": 29.044, "sedimentation_min": 7.402, "sedimentation_max": 7.402, "sedimentation_mean": 7.402, "sedimentation_median": 7.402, "depth_group": "35m", "source_zone_tif": "zone_Focal_35m_2_25_False.tif", "source_csv": "ringkasan_Focal_35m_2_25_False.csv" }, "geometry": { "type": "MultiPolygon", "coordinates": [ [ [ [ 138.052333297235236, -6.064121024993244 ], [ 138.052332315347144, -6.064301710031279 ], [ 138.052151816409065, -6.064300727086002 ], [ 138.052152798357071, -6.064120042077465 ], [ 138.052333297235236, -6.064121024993244 ] ] ], [ [ [ 138.051430803142551, -6.064116109814594 ], [ 138.051431785300394, -6.063935424922705 ], [ 138.05107078799179, -6.063933458490432 ], [ 138.051082572998581, -6.061765240389831 ], [ 138.050721577246804, -6.061763274425933 ], [ 138.050722559256684, -6.061582589634394 ], [ 138.051083554888663, -6.061584555539271 ], [ 138.051086500380165, -6.061042500979434 ], [ 138.051266998061237, -6.061043483753423 ], [ 138.051267979772234, -6.060862798867914 ], [ 138.051627993512795, -6.061045449121564 ], [ 138.051624066849826, -6.061768188886039 ], [ 138.051985062899661, -6.061770154250416 ], [ 138.05197426343517, -6.063757689139553 ], [ 138.052154762163696, -6.063758672056307 ], [ 138.052152798357071, -6.064120042077465 ], [ 138.051430803142551, -6.064116109814594 ] ] ] ] } },
{ "type": "Feature", "properties": { "zone_id": 36, "pixel_count": 112, "area_m2": 44800, "area_ha": 4.48, "salinity_min": 32.934, "salinity_max": 32.934, "salinity_mean": 32.934, "salinity_median": 32.934, "depth_min": 6.867, "depth_max": 17.286, "depth_mean": 11.14, "depth_median": 11.414, "temperature_min": 29.044, "temperature_max": 29.044, "temperature_mean": 29.044, "temperature_median": 29.044, "sedimentation_min": 6.639, "sedimentation_max": 6.639, "sedimentation_mean": 6.639, "sedimentation_median": 6.639, "depth_group": "35m", "source_zone_tif": "zone_Focal_35m_2_25_False.tif", "source_csv": "ringkasan_Focal_35m_2_25_False.csv" }, "geometry": { "type": "Polygon", "coordinates": [ [ [ 138.038049303314324, -6.068560257010566 ], [ 138.038024610088655, -6.073077323303892 ], [ 138.037844110572735, -6.073076334168154 ], [ 138.037843122394406, -6.073257016772517 ], [ 138.037121124390325, -6.073253059510366 ], [ 138.037110249811775, -6.07524056676391 ], [ 138.036929749725488, -6.075239576972063 ], [ 138.03692876088769, -6.075420259411821 ], [ 138.037289761210189, -6.075422238994732 ], [ 138.03728679487719, -6.075964286483712 ], [ 138.037648784367263, -6.075785583449904 ], [ 138.037651750250262, -6.075243535778954 ], [ 138.038012750692332, -6.0752455148219 ], [ 138.038020657435681, -6.073800053831724 ], [ 138.038923156664396, -6.073804999202196 ], [ 138.038924144572491, -6.073624316424103 ], [ 138.038563144911222, -6.073622338515389 ], [ 138.038570060269876, -6.072357559445428 ], [ 138.038209061568324, -6.072355581711353 ], [ 138.038229801360757, -6.068561245345268 ], [ 138.038049303314324, -6.068560257010566 ] ] ] } },
{ "type": "Feature", "properties": { "zone_id": 37, "pixel_count": 73, "area_m2": 29200, "area_ha": 2.92, "salinity_min": 32.934, "salinity_max": 32.934, "salinity_mean": 32.934, "salinity_median": 32.934, "depth_min": 7.481, "depth_max": 17.444, "depth_mean": 11.357, "depth_median": 10.258, "temperature_min": 29.044, "temperature_max": 29.044, "temperature_mean": 29.044, "temperature_median": 29.044, "sedimentation_min": 7.402, "sedimentation_max": 7.402, "sedimentation_mean": 7.402, "sedimentation_median": 7.402, "depth_group": "35m", "source_zone_tif": "zone_Focal_35m_2_25_False.tif", "source_csv": "ringkasan_Focal_35m_2_25_False.csv" }, "geometry": { "type": "Polygon", "coordinates": [ [ [ 138.07015986328139, -6.072168305255579 ], [ 138.07015693141318, -6.072710368920268 ], [ 138.067268860767172, -6.072694708016727 ], [ 138.067086399836683, -6.073055103471976 ], [ 138.071599015813518, -6.073079569844447 ], [ 138.071603900008597, -6.072176129237605 ], [ 138.07015986328139, -6.072168305255579 ] ] ] } },
{ "type": "Feature", "properties": { "zone_id": 38, "pixel_count": 124, "area_m2": 49600, "area_ha": 4.96, "salinity_min": 32.934, "salinity_max": 32.934, "salinity_mean": 32.934, "salinity_median": 32.934, "depth_min": 5.861, "depth_max": 14.221, "depth_mean": 10.214, "depth_median": 10.275, "temperature_min": 29.044, "temperature_max": 29.044, "temperature_mean": 29.044, "temperature_median": 29.044, "sedimentation_min": 7.031, "sedimentation_max": 7.031, "sedimentation_mean": 7.031, "sedimentation_median": 7.031, "depth_group": "35m", "source_zone_tif": "zone_Focal_35m_2_25_False.tif", "source_csv": "ringkasan_Focal_35m_2_25_False.csv" }, "geometry": { "type": "Polygon", "coordinates": [ [ [ 138.084298015441789, -6.09483166311863 ], [ 138.084289228535567, -6.096457873339766 ], [ 138.084108713686987, -6.096456895906559 ], [ 138.084106760596342, -6.096818275882331 ], [ 138.083745730746614, -6.096816320718268 ], [ 138.08374377729703, -6.097177700571848 ], [ 138.084646352744954, -6.097182588321502 ], [ 138.084647329183241, -6.09700189824949 ], [ 138.086994028013351, -6.097014598962915 ], [ 138.086997930338839, -6.096291837144665 ], [ 138.087539476206871, -6.096294766281272 ], [ 138.08754142683145, -6.095933385189061 ], [ 138.084833701950174, -6.095918734953532 ], [ 138.084839558538079, -6.094834594268643 ], [ 138.084298015441789, -6.09483166311863 ] ] ] } },
{ "type": "Feature", "properties": { "zone_id": 39, "pixel_count": 136, "area_m2": 54400, "area_ha": 5.44, "salinity_min": 32.921, "salinity_max": 32.921, "salinity_mean": 32.921, "salinity_median": 32.921, "depth_min": 6.873, "depth_max": 27.274, "depth_mean": 18.332, "depth_median": 19.961, "temperature_min": 29.145, "temperature_max": 29.145, "temperature_mean": 29.145, "temperature_median": 29.145, "sedimentation_min": 4.0, "sedimentation_max": 4.0, "sedimentation_mean": 4.0, "sedimentation_median": 4.0, "depth_group": "35m", "source_zone_tif": "zone_Focal_35m_2_25_False.tif", "source_csv": "ringkasan_Focal_35m_2_25_False.csv" }, "geometry": { "type": "Polygon", "coordinates": [ [ [ 137.987001557668094, -6.127179895954493 ], [ 137.98696908987597, -6.132961457510814 ], [ 137.993828534428303, -6.133000022512279 ], [ 137.993830559974668, -6.132638672667516 ], [ 137.987332142086132, -6.132602141754661 ], [ 137.98736257609346, -6.127181925945135 ], [ 137.987001557668094, -6.127179895954493 ] ] ] } },
{ "type": "Feature", "properties": { "zone_id": 40, "pixel_count": 1653, "area_m2": 661200, "area_ha": 66.12, "salinity_min": 32.913, "salinity_max": 32.913, "salinity_mean": 32.913, "salinity_median": 32.913, "depth_min": 6.346, "depth_max": 25.692, "depth_mean": 16.738, "depth_median": 16.861, "temperature_min": 29.142, "temperature_max": 29.142, "temperature_mean": 29.142, "temperature_median": 29.142, "sedimentation_min": 5.169, "sedimentation_max": 5.169, "sedimentation_mean": 5.169, "sedimentation_median": 5.169, "depth_group": "35m", "source_zone_tif": "zone_Focal_35m_2_25_False.tif", "source_csv": "ringkasan_Focal_35m_2_25_False.csv" }, "geometry": { "type": "Polygon", "coordinates": [ [ [ 138.106405720310931, -6.146269302333637 ], [ 138.106373462281823, -6.152232178730523 ], [ 138.101498969936642, -6.152205727746155 ], [ 138.101497990281047, -6.152386420164306 ], [ 138.101678526714409, -6.152387400650642 ], [ 138.101669709041914, -6.154013632613208 ], [ 138.108710674143595, -6.154051834274371 ], [ 138.108679379134486, -6.159834027621359 ], [ 138.108859919234163, -6.159835006859496 ], [ 138.108869701533422, -6.158028071300454 ], [ 138.114827521131303, -6.158060342430756 ], [ 138.114828497191638, -6.157879647913322 ], [ 138.110856615262804, -6.157858141834065 ], [ 138.110907399758048, -6.148462058092885 ], [ 138.116865123579743, -6.148494256582852 ], [ 138.11686901878403, -6.147771476943486 ], [ 138.116688481474569, -6.147770502320379 ], [ 138.116689455263497, -6.147589807435966 ], [ 138.107301558570811, -6.147539044724418 ], [ 138.107307419648777, -6.146454884407788 ], [ 138.106765813729652, -6.146451951293397 ], [ 138.106766790655826, -6.146271257989352 ], [ 138.106405720310931, -6.146269302333637 ] ] ] } },
{ "type": "Feature", "properties": { "zone_id": 41, "pixel_count": 91, "area_m2": 36400, "area_ha": 3.64, "salinity_min": 32.89, "salinity_max": 32.89, "salinity_mean": 32.89, "salinity_median": 32.89, "depth_min": 7.063, "depth_max": 20.623, "depth_mean": 14.453, "depth_median": 15.111, "temperature_min": 29.093, "temperature_max": 29.093, "temperature_mean": 29.093, "temperature_median": 29.093, "sedimentation_min": 4.687, "sedimentation_max": 4.687, "sedimentation_mean": 4.687, "sedimentation_median": 4.687, "depth_group": "35m", "source_zone_tif": "zone_Focal_35m_2_25_False.tif", "source_csv": "ringkasan_Focal_35m_2_25_False.csv" }, "geometry": { "type": "Polygon", "coordinates": [ [ [ 138.151760782428113, -6.172896056078796 ], [ 138.151745323865413, -6.175787260507342 ], [ 138.152828638361711, -6.1757930625027 ], [ 138.152833468123532, -6.174889560301417 ], [ 138.1557223069656, -6.17490501925478 ], [ 138.155543684193674, -6.174542651783725 ], [ 138.15211319175657, -6.174524292456917 ], [ 138.152121885191576, -6.172897989409403 ], [ 138.151760782428113, -6.172896056078796 ] ] ] } },
{ "type": "Feature", "properties": { "zone_id": 42, "pixel_count": 72, "area_m2": 28800, "area_ha": 2.88, "salinity_min": 32.868, "salinity_max": 32.868, "salinity_mean": 32.868, "salinity_median": 32.868, "depth_min": 7.34, "depth_max": 12.321, "depth_mean": 8.735, "depth_median": 8.488, "temperature_min": 29.135, "temperature_max": 29.135, "temperature_mean": 29.135, "temperature_median": 29.135, "sedimentation_min": 4.17, "sedimentation_max": 4.17, "sedimentation_mean": 4.17, "sedimentation_median": 4.17, "depth_group": "35m", "source_zone_tif": "zone_Focal_35m_2_25_False.tif", "source_csv": "ringkasan_Focal_35m_2_25_False.csv" }, "geometry": { "type": "Polygon", "coordinates": [ [ [ 138.181654901874623, -6.355752658939987 ], [ 138.181653917519611, -6.355933362669604 ], [ 138.180931441919341, -6.355929422841197 ], [ 138.180928487928384, -6.356471533682879 ], [ 138.180747868911084, -6.356470548483806 ], [ 138.180746884127416, -6.356651252066648 ], [ 138.181108122316374, -6.356653222458331 ], [ 138.181103198598493, -6.357556740633649 ], [ 138.182367535360811, -6.357563636010278 ], [ 138.182377377680325, -6.355756597648916 ], [ 138.181654901874623, -6.355752658939987 ] ] ] } },
{ "type": "Feature", "properties": { "zone_id": 43, "pixel_count": 994, "area_m2": 397600, "area_ha": 39.76, "salinity_min": 32.86, "salinity_max": 32.86, "salinity_mean": 32.86, "salinity_median": 32.86, "depth_min": 7.048, "depth_max": 20.394, "depth_mean": 11.936, "depth_median": 11.631, "temperature_min": 29.149, "temperature_max": 29.149, "temperature_mean": 29.149, "temperature_median": 29.149, "sedimentation_min": 3.122, "sedimentation_max": 4.3, "sedimentation_mean": 3.626, "sedimentation_median": 3.122, "depth_group": "35m", "source_zone_tif": "zone_Focal_35m_2_25_False.tif", "source_csv": "ringkasan_Focal_35m_2_25_False.csv" }, "geometry": { "type": "Polygon", "coordinates": [ [ [ 138.20075076449811, -6.398323717551037 ], [ 138.200736981811048, -6.400853607116059 ], [ 138.201097272613055, -6.40103628353414 ], [ 138.201094318751501, -6.401578402854394 ], [ 138.203984529816182, -6.401594155323981 ], [ 138.203974691903767, -6.403401224115012 ], [ 138.20704555988064, -6.40341794809525 ], [ 138.207040645248071, -6.404321484816324 ], [ 138.207401925005399, -6.404323451418649 ], [ 138.207400942120699, -6.404504158814542 ], [ 138.211736309557949, -6.404527738931789 ], [ 138.211731402315706, -6.405431279243394 ], [ 138.211912043295996, -6.405432261095344 ], [ 138.211937551591774, -6.400733850361777 ], [ 138.202905619609908, -6.400684716440533 ], [ 138.202911522426604, -6.399600476063462 ], [ 138.201105148328907, -6.399590631951028 ], [ 138.201112038090741, -6.398325686741322 ], [ 138.20075076449811, -6.398323717551037 ] ] ] } },
{ "type": "Feature", "properties": { "zone_id": 44, "pixel_count": 253, "area_m2": 101200, "area_ha": 10.12, "salinity_min": 32.866, "salinity_max": 32.866, "salinity_mean": 32.866, "salinity_median": 32.866, "depth_min": 6.453, "depth_max": 16.074, "depth_mean": 9.363, "depth_median": 8.875, "temperature_min": 29.073, "temperature_max": 29.073, "temperature_mean": 29.073, "temperature_median": 29.073, "sedimentation_min": 5.919, "sedimentation_max": 5.919, "sedimentation_mean": 5.919, "sedimentation_median": 5.919, "depth_group": "35m", "source_zone_tif": "zone_Focal_35m_2_25_False.tif", "source_csv": "ringkasan_Focal_35m_2_25_False.csv" }, "geometry": { "type": "Polygon", "coordinates": [ [ [ 138.373855818974874, -6.496293876432325 ], [ 138.373854881247439, -6.496474608187823 ], [ 138.373312788732591, -6.496471794143292 ], [ 138.37330622254305, -6.497736915839423 ], [ 138.372041337788175, -6.497730346193329 ], [ 138.372036644600684, -6.498634003583811 ], [ 138.371675248552805, -6.498632125699463 ], [ 138.371674309706549, -6.498812857120634 ], [ 138.370590121816775, -6.498807221764513 ], [ 138.370589182557723, -6.498987953026243 ], [ 138.369685693061371, -6.498983254993989 ], [ 138.369684753453782, -6.499163986122564 ], [ 138.369504055570218, -6.49916304629662 ], [ 138.369501236394115, -6.499705239594758 ], [ 138.374380093826943, -6.499730594429487 ], [ 138.374397911536505, -6.496296689818733 ], [ 138.373855818974874, -6.496293876432325 ] ] ] } },
{ "type": "Feature", "properties": { "zone_id": 45, "pixel_count": 256, "area_m2": 102400, "area_ha": 10.24, "salinity_min": 32.868, "salinity_max": 32.868, "salinity_mean": 32.868, "salinity_median": 32.868, "depth_min": 7.464, "depth_max": 17.522, "depth_mean": 11.789, "depth_median": 12.049, "temperature_min": 29.115, "temperature_max": 29.115, "temperature_mean": 29.115, "temperature_median": 29.115, "sedimentation_min": 2.743, "sedimentation_max": 3.366, "sedimentation_mean": 3.349, "sedimentation_median": 3.366, "depth_group": "35m", "source_zone_tif": "zone_Focal_35m_2_25_False.tif", "source_csv": "ringkasan_Focal_35m_2_25_False.csv" }, "geometry": { "type": "Polygon", "coordinates": [ [ [ 138.298410717268638, -6.513969236448092 ], [ 138.298409749973899, -6.514149956932687 ], [ 138.297867671948268, -6.514147054271071 ], [ 138.297863801721064, -6.514869935870324 ], [ 138.297683108842676, -6.514868968079139 ], [ 138.297666654385978, -6.517941214159832 ], [ 138.294956248046645, -6.517926682642655 ], [ 138.294955278922487, -6.518107402581167 ], [ 138.290437947137065, -6.518083150430839 ], [ 138.290436976371836, -6.5182638696899 ], [ 138.298387494628969, -6.518306527682663 ], [ 138.298382654591592, -6.519210129919225 ], [ 138.299105432903701, -6.519214002262196 ], [ 138.299132521058482, -6.514153826244933 ], [ 138.298590442703926, -6.514150924357524 ], [ 138.298591409934147, -6.513970203845866 ], [ 138.298410717268638, -6.513969236448092 ] ] ] } },
{ "type": "Feature", "properties": { "zone_id": 46, "pixel_count": 395, "area_m2": 158000, "area_ha": 15.8, "salinity_min": 32.868, "salinity_max": 32.868, "salinity_mean": 32.868, "salinity_median": 32.868, "depth_min": 6.687, "depth_max": 16.487, "depth_mean": 11.002, "depth_median": 11.621, "temperature_min": 29.115, "temperature_max": 29.115, "temperature_mean": 29.115, "temperature_median": 29.115, "sedimentation_min": 3.366, "sedimentation_max": 3.366, "sedimentation_mean": 3.366, "sedimentation_median": 3.366, "depth_group": "35m", "source_zone_tif": "zone_Focal_35m_2_25_False.tif", "source_csv": "ringkasan_Focal_35m_2_25_False.csv" }, "geometry": { "type": "Polygon", "coordinates": [ [ [ 138.321884687825047, -6.517166764773981 ], [ 138.322061547747751, -6.517890620192161 ], [ 138.322784338294127, -6.517894457841584 ], [ 138.322774745504802, -6.519701698693648 ], [ 138.322955443854909, -6.519702658212798 ], [ 138.322954484491106, -6.519883382316947 ], [ 138.324942168844842, -6.519893933060342 ], [ 138.324935457510037, -6.521159003813552 ], [ 138.32656175121997, -6.521167632115563 ], [ 138.326582826724263, -6.51719168992184 ], [ 138.321884687825047, -6.517166764773981 ] ] ] } }
]
}
