{
"type": "FeatureCollection",
"name": "zona_potensial_10m_noCheck4factor",
"crs": { "type": "name", "properties": { "name": "urn:ogc:def:crs:OGC:1.3:CRS84" } },
"features": [
{ "type": "Feature", "properties": { "zone_id": 1, "scenario": "noCheck4factor", "pixel_count": 24666, "area_m2": 9866400, "area_ha": 986.64, "input_file": "factor_suitability_2025_Depth_10m_2025_highest.tif", "salinity_min": 33.099, "salinity_max": 33.114, "salinity_mean": 33.103, "salinity_median": 33.099, "depth_min": 5.811, "depth_max": 9.036, "depth_mean": 7.864, "depth_median": 7.881, "temperature_min": 28.978, "temperature_max": 29.096, "temperature_mean": 29.042, "temperature_median": 29.066, "sedimentation_min": 4.12, "sedimentation_max": 6.419, "sedimentation_mean": 4.876, "sedimentation_median": 4.295, "depth_group": "10m", "source_zone_tif": "25_10m_2025_highest_noCheck4factor_zone.tif", "source_csv": "25_10m_2025_highest_noCheck4factor_ringkasan.csv" }, "geometry": { "type": "Polygon", "coordinates": [ [ [ 137.23344749059865, -5.211394277614935 ], [ 137.233443182782793, -5.212116429110219 ], [ 137.229301265423885, -5.212091581392715 ], [ 137.229296952292515, -5.212813729406889 ], [ 137.227135957422917, -5.212800752794436 ], [ 137.227127324426846, -5.214245045147962 ], [ 137.225506578167199, -5.214235305125378 ], [ 137.225489297524376, -5.217123884166591 ], [ 137.22188763376829, -5.21710221271857 ], [ 137.221886552381079, -5.217282748144031 ], [ 137.226028468187053, -5.217307669403755 ], [ 137.225937595381197, -5.232472713472563 ], [ 137.225217243512645, -5.232468368633119 ], [ 137.225216159877334, -5.232648904667768 ], [ 137.232419707891637, -5.232692317467603 ], [ 137.232409971975187, -5.234317155275344 ], [ 137.232770151891259, -5.234319324427998 ], [ 137.232762578113039, -5.235583087623267 ], [ 137.234383392847406, -5.235592848627337 ], [ 137.234340097081372, -5.242814364950164 ], [ 137.235600747292182, -5.242821964478712 ], [ 137.235587751090918, -5.244988422138915 ], [ 137.24099057722762, -5.245020976409662 ], [ 137.240978676267616, -5.24700690816423 ], [ 137.250163587561019, -5.247062164755617 ], [ 137.250154950482681, -5.248506493955136 ], [ 137.255377798840641, -5.248537863102742 ], [ 137.255374563801183, -5.249079489786356 ], [ 137.25825615132598, -5.249096780086285 ], [ 137.258247529501347, -5.250541122637006 ], [ 137.259868430425826, -5.250550845303453 ], [ 137.259860887606635, -5.25181464732196 ], [ 137.260040988258368, -5.251815727621024 ], [ 137.26005822545801, -5.248927036604763 ], [ 137.260418425223406, -5.248929195852978 ], [ 137.260423809360674, -5.248026479470819 ], [ 137.261324308142264, -5.2480318757534 ], [ 137.26134583014769, -5.2444210061767 ], [ 137.2642274160618, -5.244438253657782 ], [ 137.264229565787502, -5.244077165478475 ], [ 137.264589764496179, -5.244079320334643 ], [ 137.264590839199712, -5.243898776168513 ], [ 137.263150045677776, -5.24389015580259 ], [ 137.263152195796607, -5.243529068063334 ], [ 137.26009051929023, -5.243510740079143 ], [ 137.260132450735767, -5.236469552900733 ], [ 137.254189293590542, -5.236433980531452 ], [ 137.254255941388209, -5.225240370859527 ], [ 137.254796217151352, -5.22524360007734 ], [ 137.254804805103277, -5.223799262096128 ], [ 137.257145998649634, -5.223813246134013 ], [ 137.257147071307259, -5.223632703394818 ], [ 137.257507255391005, -5.223634853938798 ], [ 137.257508327908397, -5.223454311123623 ], [ 137.257688419955343, -5.22345538628108 ], [ 137.257692709443887, -5.222733214858384 ], [ 137.257872801323174, -5.222734289814964 ], [ 137.25787494573936, -5.222373204021368 ], [ 137.258055037553589, -5.222374278851795 ], [ 137.258056109654007, -5.222193735915758 ], [ 137.257515834477971, -5.222190511382245 ], [ 137.257516906694718, -5.222009968557027 ], [ 137.256076174956092, -5.222001367836869 ], [ 137.256078320097657, -5.221640282780556 ], [ 137.255898228902083, -5.221639207533847 ], [ 137.255899301467792, -5.221458665041183 ], [ 137.255540191922705, -5.221275972049077 ], [ 137.255555204804267, -5.218748378049039 ], [ 137.253574213987775, -5.218736552390285 ], [ 137.253577431766786, -5.218194926306435 ], [ 137.253397342072049, -5.218193851050358 ], [ 137.253390905867832, -5.219277102982364 ], [ 137.244386453753975, -5.219223263419806 ], [ 137.244382151943654, -5.219945423860106 ], [ 137.233576921566936, -5.219880637751582 ], [ 137.233627574211283, -5.211395357184154 ], [ 137.23344749059865, -5.211394277614935 ] ] ] } },
{ "type": "Feature", "properties": { "zone_id": 2, "scenario": "noCheck4factor", "pixel_count": 43308, "area_m2": 17323200, "area_ha": 1732.32, "input_file": "factor_suitability_2025_Depth_10m_2025_highest.tif", "salinity_min": 33.113, "salinity_max": 33.113, "salinity_mean": 33.113, "salinity_median": 33.113, "depth_min": 5.179, "depth_max": 9.211, "depth_mean": 7.718, "depth_median": 7.744, "temperature_min": 29.096, "temperature_max": 29.096, "temperature_mean": 29.096, "temperature_median": 29.096, "sedimentation_min": 4.12, "sedimentation_max": 6.522, "sedimentation_mean": 5.708, "sedimentation_median": 6.522, "depth_group": "10m", "source_zone_tif": "25_10m_2025_highest_noCheck4factor_zone.tif", "source_csv": "25_10m_2025_highest_noCheck4factor_ringkasan.csv" }, "geometry": { "type": "Polygon", "coordinates": [ [ [ 137.302358219720929, -5.253332026677183 ], [ 137.302346494132962, -5.255318097441028 ], [ 137.303247046483335, -5.255323440695385 ], [ 137.30324598055617, -5.255503992760024 ], [ 137.303426091189294, -5.255505061292488 ], [ 137.303423959326864, -5.255866165491812 ], [ 137.303784180911066, -5.255868302549035 ], [ 137.303782049106758, -5.256229406890946 ], [ 137.304322382071433, -5.25623261230985 ], [ 137.304231656298299, -5.271579551595278 ], [ 137.304051540875918, -5.271578480037611 ], [ 137.304049402818464, -5.271939584307932 ], [ 137.301347674384999, -5.271923503603486 ], [ 137.301344464688782, -5.272465158338329 ], [ 137.300624004563076, -5.272460867733704 ], [ 137.300618653289973, -5.273363624861224 ], [ 137.29575555600394, -5.273334636553104 ], [ 137.295733041117529, -5.27712619518763 ], [ 137.295372810590322, -5.277124044845602 ], [ 137.295354570470636, -5.280193400169711 ], [ 137.294634106335309, -5.280189096346378 ], [ 137.294630885751502, -5.28073074680409 ], [ 137.294450769655043, -5.280729670607228 ], [ 137.294443253293281, -5.281993521371978 ], [ 137.294083020485431, -5.281991368304194 ], [ 137.294080872410859, -5.28235246836331 ], [ 137.29372063954429, -5.282350314939379 ], [ 137.293719565347345, -5.282530864893032 ], [ 137.292999099853375, -5.282526557272684 ], [ 137.292995876416086, -5.283068206681956 ], [ 137.291554945969864, -5.283059588054914 ], [ 137.291545269908369, -5.284684533549001 ], [ 137.290284454452461, -5.284676987184959 ], [ 137.290277999886882, -5.285760282568668 ], [ 137.287756370091216, -5.285745179075448 ], [ 137.287754216816751, -5.286106276489108 ], [ 137.287574100578524, -5.286105197203505 ], [ 137.287566562579428, -5.287369037851952 ], [ 137.286485863751295, -5.287362559487804 ], [ 137.286484786433363, -5.287543107924371 ], [ 137.290267239296156, -5.287565774773524 ], [ 137.290250014599081, -5.290454562037746 ], [ 137.290790368844995, -5.290457800061637 ], [ 137.290789292140602, -5.290638349365988 ], [ 137.292590475902131, -5.290649139761568 ], [ 137.292588323421455, -5.291010239106974 ], [ 137.29366903609025, -5.291016711286709 ], [ 137.293627045114079, -5.298058156168996 ], [ 137.295428256166787, -5.298068953394203 ], [ 137.295422871215862, -5.298971704448421 ], [ 137.297224088594135, -5.298982498303219 ], [ 137.297217628549731, -5.300065801745188 ], [ 137.301720696079883, -5.300092769085357 ], [ 137.301698102734179, -5.303884350170502 ], [ 137.305660845446369, -5.303908071485408 ], [ 137.305647941370438, -5.306074698740479 ], [ 137.309250462849093, -5.306096250474158 ], [ 137.309238640892602, -5.308082333408723 ], [ 137.313381572126815, -5.308107101369919 ], [ 137.31338049838098, -5.308287655203478 ], [ 137.313560626322783, -5.308288731480599 ], [ 137.313550961412858, -5.309913716256787 ], [ 137.321476648161962, -5.309961035233789 ], [ 137.321461640051666, -5.31248881177603 ], [ 137.324163606042788, -5.312504927805667 ], [ 137.324159319813958, -5.313227151832238 ], [ 137.331184478415906, -5.313269004111314 ], [ 137.331135238076229, -5.321574644742122 ], [ 137.334017409123391, -5.321591818825485 ], [ 137.333990636282408, -5.326105767472266 ], [ 137.334170773594423, -5.326106841321923 ], [ 137.33419861550945, -5.321412333761002 ], [ 137.336540386228563, -5.321426276662161 ], [ 137.336542525522873, -5.321065159708945 ], [ 137.348071326848412, -5.321133667806709 ], [ 137.348067061504509, -5.321855911058299 ], [ 137.351489707332348, -5.321876210825812 ], [ 137.351516331257926, -5.317362172856805 ], [ 137.350435502147178, -5.317355769914905 ], [ 137.350424852189832, -5.319161383011285 ], [ 137.338896057111384, -5.31909294423483 ], [ 137.338952637299826, -5.309523317189691 ], [ 137.339132770796539, -5.309524386259099 ], [ 137.339144500331116, -5.307538236401565 ], [ 137.337343172759688, -5.307527547375251 ], [ 137.337385808947033, -5.300305197591361 ], [ 137.336485156968536, -5.300299858432436 ], [ 137.336488353090346, -5.299758182665692 ], [ 137.334146664285385, -5.299744296169212 ], [ 137.3341828868584, -5.293605319524755 ], [ 137.330220082006434, -5.293581826589862 ], [ 137.330208355003805, -5.295567957389538 ], [ 137.330927799835735, -5.295752789806469 ], [ 137.330922468761941, -5.296655577209496 ], [ 137.33128272507588, -5.296657714802309 ], [ 137.331227232693124, -5.306046705728881 ], [ 137.319879059003284, -5.305979151083229 ], [ 137.319901550362488, -5.302187492161428 ], [ 137.319721422898283, -5.302186418964216 ], [ 137.319784528717349, -5.291533662124924 ], [ 137.330051678050523, -5.291594627579851 ], [ 137.330098525889923, -5.283650103853685 ], [ 137.330458774347562, -5.283652236691862 ], [ 137.330459838137756, -5.283471679232769 ], [ 137.33009958978397, -5.283469546467877 ], [ 137.330101717461417, -5.283108431692473 ], [ 137.329020973908143, -5.283102032588205 ], [ 137.329029485635346, -5.28165757519528 ], [ 137.328669238909981, -5.28165544233059 ], [ 137.328671366680624, -5.28129432811637 ], [ 137.327950874087804, -5.281290062055811 ], [ 137.327966830778706, -5.278581707488055 ], [ 137.324544513815283, -5.27856144278499 ], [ 137.324563668625814, -5.27531142947431 ], [ 137.324023306808328, -5.275308230049946 ], [ 137.324024370769223, -5.275127673853035 ], [ 137.320782207778763, -5.275108468144546 ], [ 137.320791790162872, -5.273483468264205 ], [ 137.320431551502679, -5.273481333918412 ], [ 137.320432616130887, -5.273300778443326 ], [ 137.319712139461416, -5.273296509275236 ], [ 137.319717463084373, -5.272393732615751 ], [ 137.319537344268554, -5.272392665377579 ], [ 137.319539473562543, -5.272031554778458 ], [ 137.317558170168923, -5.27201981253885 ], [ 137.317563495606493, -5.271117038040666 ], [ 137.317203259624762, -5.271114902780465 ], [ 137.317204324704903, -5.270934347950585 ], [ 137.315943500296896, -5.27092687316147 ], [ 137.315954152689102, -5.269121327367789 ], [ 137.315593918512889, -5.269119191982088 ], [ 137.315594983652119, -5.26893863746936 ], [ 137.315414866671318, -5.26893756973543 ], [ 137.315425516545872, -5.267132024906764 ], [ 137.31452493478568, -5.267126687298108 ], [ 137.314527064834067, -5.266765578685191 ], [ 137.310924749121483, -5.266744216750269 ], [ 137.310926881092087, -5.26638310960492 ], [ 137.310746765798967, -5.266382041037022 ], [ 137.310761686167382, -5.263854291394195 ], [ 137.310221342683576, -5.263851086926367 ], [ 137.310222408301399, -5.263670533481519 ], [ 137.308061038323075, -5.263657711385169 ], [ 137.308063170689053, -5.263296605376107 ], [ 137.307883056868661, -5.263295536604736 ], [ 137.307930998211447, -5.25517065172872 ], [ 137.307570775333488, -5.255168517348218 ], [ 137.307571839946945, -5.254987964395768 ], [ 137.305050284678771, -5.254973018450116 ], [ 137.305056675918308, -5.253889703806791 ], [ 137.304516344522227, -5.253886500448108 ], [ 137.304519540105588, -5.253344843441511 ], [ 137.302358219720929, -5.253332026677183 ] ] ] } },
{ "type": "Feature", "properties": { "zone_id": 3, "scenario": "noCheck4factor", "pixel_count": 57042, "area_m2": 22816800, "area_ha": 2281.68, "input_file": "factor_suitability_2025_Depth_10m_2025_highest.tif", "salinity_min": 33.113, "salinity_max": 33.123, "salinity_mean": 33.117, "salinity_median": 33.113, "depth_min": 5.302, "depth_max": 9.083, "depth_mean": 7.733, "depth_median": 7.715, "temperature_min": 29.046, "temperature_max": 29.096, "temperature_mean": 29.076, "temperature_median": 29.096, "sedimentation_min": 4.284, "sedimentation_max": 9.83, "sedimentation_mean": 5.823, "sedimentation_median": 5.215, "depth_group": "10m", "source_zone_tif": "25_10m_2025_highest_noCheck4factor_zone.tif", "source_csv": "25_10m_2025_highest_noCheck4factor_ringkasan.csv" }, "geometry": { "type": "Polygon", "coordinates": [ [ [ 137.371643959620144, -5.294909581204292 ], [ 137.371461715351586, -5.295269655899792 ], [ 137.370741172041306, -5.29526542836709 ], [ 137.370738008462212, -5.295807124986426 ], [ 137.370557872569606, -5.295806067864067 ], [ 137.370551544114392, -5.296889460851276 ], [ 137.364426934855118, -5.29685348023926 ], [ 137.364389930695324, -5.303173228595094 ], [ 137.364209793944156, -5.303172168157664 ], [ 137.364208735972738, -5.303352732337387 ], [ 137.362767642861854, -5.303344246666065 ], [ 137.36274646741694, -5.306955524185271 ], [ 137.361125231075363, -5.306945967267882 ], [ 137.361123111787691, -5.307307094338102 ], [ 137.359501877468773, -5.307297532530432 ], [ 137.359497636576151, -5.308019785347294 ], [ 137.36904495901581, -5.308076040483508 ], [ 137.369025917554467, -5.311326212544693 ], [ 137.372989007846172, -5.311349534928242 ], [ 137.372966801999866, -5.315141418557897 ], [ 137.379091649894661, -5.315177438249067 ], [ 137.379083200512554, -5.316621975042921 ], [ 137.382505935900298, -5.316642082812708 ], [ 137.382504880557036, -5.316822650592948 ], [ 137.382685024940713, -5.316823708408765 ], [ 137.382675525685613, -5.318448818699187 ], [ 137.384116685828133, -5.318457281939665 ], [ 137.384113520010487, -5.318998986213846 ], [ 137.384293665348736, -5.319000043991355 ], [ 137.384292610055809, -5.319180612116329 ], [ 137.386634503438756, -5.319194358922769 ], [ 137.386616569461125, -5.322264024831113 ], [ 137.387337156832785, -5.322268255288756 ], [ 137.387335046681727, -5.322629392719075 ], [ 137.392559325527031, -5.322660040527958 ], [ 137.392493933009604, -5.333855363179196 ], [ 137.376820905530934, -5.333763092656827 ], [ 137.376838927149379, -5.330693461295755 ], [ 137.368191900262076, -5.330642412662739 ], [ 137.368234363119313, -5.323419818743216 ], [ 137.366072644669032, -5.32340705508607 ], [ 137.366031219584556, -5.330449067204191 ], [ 137.365670929602317, -5.33044693636287 ], [ 137.365669866585449, -5.330627500678214 ], [ 137.365489721596731, -5.330626435142463 ], [ 137.365465260921326, -5.334779413210442 ], [ 137.365104968641674, -5.334777280311697 ], [ 137.3650943264891, -5.336582922014567 ], [ 137.354645883577433, -5.336520955390591 ], [ 137.354659757214591, -5.334173648560443 ], [ 137.353939182211349, -5.334169370372152 ], [ 137.353949852124089, -5.332363751043684 ], [ 137.352688850949505, -5.332356264739506 ], [ 137.352735771168852, -5.32441154940159 ], [ 137.35255563059539, -5.324410481321956 ], [ 137.352511909588571, -5.331813510107971 ], [ 137.343865102119224, -5.331762108818514 ], [ 137.343856543875631, -5.333206587988126 ], [ 137.336290639164673, -5.333161500280855 ], [ 137.336267043406906, -5.33713378380781 ], [ 137.336086902455804, -5.337132708356214 ], [ 137.336085829445466, -5.337313266647122 ], [ 137.335004984197354, -5.337306812613597 ], [ 137.334998543472949, -5.338390161014969 ], [ 137.336619814675856, -5.338399843331108 ], [ 137.33660156678738, -5.341469335817521 ], [ 137.336781709108692, -5.341470411989288 ], [ 137.336774192547153, -5.342734320809194 ], [ 137.336954335272878, -5.342735397184384 ], [ 137.33695003949498, -5.343457630914036 ], [ 137.338391184306886, -5.343466241190565 ], [ 137.338385815857606, -5.344369034786809 ], [ 137.340007108950289, -5.344378718964923 ], [ 137.339999594886052, -5.345642632249181 ], [ 137.341620894268772, -5.345652314463618 ], [ 137.341588684916815, -5.35106909484008 ], [ 137.344290880833825, -5.351085238816102 ], [ 137.344285513337013, -5.351988038172862 ], [ 137.34500610136368, -5.351992341959427 ], [ 137.344993218149568, -5.354159062037627 ], [ 137.346794697102894, -5.354169822191087 ], [ 137.346793623789324, -5.354350382554212 ], [ 137.35291868147587, -5.354386928849101 ], [ 137.35288759134022, -5.359623214765505 ], [ 137.355049404856373, -5.359636111565431 ], [ 137.355048332865181, -5.359816673566535 ], [ 137.361533806953759, -5.359855319640434 ], [ 137.361522033505338, -5.361841515969957 ], [ 137.362422800445131, -5.361846880064262 ], [ 137.362417448732799, -5.362749697434913 ], [ 137.363678525829556, -5.362757206218808 ], [ 137.363675315470715, -5.363298897388613 ], [ 137.372683068979683, -5.363352461686032 ], [ 137.37269374253296, -5.361546806273913 ], [ 137.37503576653117, -5.36156070663805 ], [ 137.375037899433607, -5.361199574598787 ], [ 137.375398211153765, -5.361201712178924 ], [ 137.37540567442656, -5.359937749494556 ], [ 137.382792081658465, -5.3599815129316 ], [ 137.382844168785283, -5.351133699747059 ], [ 137.387167885798533, -5.351159233706868 ], [ 137.387175310851433, -5.349895254080383 ], [ 137.390598261325323, -5.349915442123954 ], [ 137.39060779621289, -5.348290319203054 ], [ 137.390787951390507, -5.348291380879958 ], [ 137.390804894204564, -5.345402272634354 ], [ 137.392606439563423, -5.345412880738515 ], [ 137.39263605243076, -5.340356930437302 ], [ 137.394797893994735, -5.340369641106728 ], [ 137.394804232130269, -5.339286220462639 ], [ 137.395885152978934, -5.339292571659047 ], [ 137.395904153890143, -5.336042305565278 ], [ 137.400047674158088, -5.336066619374789 ], [ 137.400048728213335, -5.335886048196854 ], [ 137.399868574812501, -5.335884991689192 ], [ 137.39991070945004, -5.328662144972292 ], [ 137.399550406951619, -5.328660034675572 ], [ 137.399568298422963, -5.325590325430674 ], [ 137.397226347288353, -5.325576611330019 ], [ 137.39728209550654, -5.316006363769577 ], [ 137.398002684112555, -5.316010576810994 ], [ 137.39800478540937, -5.3156494350364 ], [ 137.398365079720492, -5.315651541098858 ], [ 137.398366130210093, -5.315470970137731 ], [ 137.39656466062516, -5.315460438089524 ], [ 137.3965846229774, -5.31202959642396 ], [ 137.394603021536398, -5.312018012642811 ], [ 137.39460617401528, -5.311476301947092 ], [ 137.393345158295659, -5.311468927907836 ], [ 137.393367224191707, -5.307676958013683 ], [ 137.390665070075443, -5.30766115921282 ], [ 137.390670325418029, -5.306758311858343 ], [ 137.389949753408644, -5.306754097577885 ], [ 137.389953957864634, -5.306031820248371 ], [ 137.389773815161675, -5.306030766691705 ], [ 137.389771712901904, -5.306391905286879 ], [ 137.380224196074295, -5.306335988124512 ], [ 137.380227357704428, -5.305794285969678 ], [ 137.379867076362444, -5.305792173228663 ], [ 137.379868130270722, -5.305611605913493 ], [ 137.379507849178594, -5.305609493035623 ], [ 137.379508903154829, -5.305428925791497 ], [ 137.378428061064625, -5.305422586119923 ], [ 137.378442817292296, -5.302894647607147 ], [ 137.376281145803404, -5.302881968694561 ], [ 137.376322239210793, -5.295839869893512 ], [ 137.371998960731275, -5.295814523381642 ], [ 137.372000014929654, -5.295633957589483 ], [ 137.371819878833918, -5.295632900868677 ], [ 137.371824095471197, -5.294910637832362 ], [ 137.371643959620144, -5.294909581204292 ] ] ] } },
{ "type": "Feature", "properties": { "zone_id": 4, "scenario": "noCheck4factor", "pixel_count": 58, "area_m2": 23200, "area_ha": 2.32, "input_file": "factor_suitability_2025_Depth_10m_2025_highest.tif", "salinity_min": 33.113, "salinity_max": 33.113, "salinity_mean": 33.113, "salinity_median": 33.113, "depth_min": 6.614, "depth_max": 8.007, "depth_mean": 7.436, "depth_median": 7.484, "temperature_min": 29.096, "temperature_max": 29.096, "temperature_mean": 29.096, "temperature_median": 29.096, "sedimentation_min": 6.367, "sedimentation_max": 6.367, "sedimentation_mean": 6.367, "sedimentation_median": 6.367, "depth_group": "10m", "source_zone_tif": "25_10m_2025_highest_noCheck4factor_zone.tif", "source_csv": "25_10m_2025_highest_noCheck4factor_ringkasan.csv" }, "geometry": { "type": "Polygon", "coordinates": [ [ [ 137.347266472336315, -5.304877861236844 ], [ 137.347263282509289, -5.305419543472328 ], [ 137.346903014645449, -5.305417411667797 ], [ 137.34689556970082, -5.306681336328998 ], [ 137.348336644957953, -5.306689864334787 ], [ 137.348343023945461, -5.305606498592669 ], [ 137.347622487275174, -5.305602235883321 ], [ 137.347626740034087, -5.304879992613423 ], [ 137.347266472336315, -5.304877861236844 ] ] ] } },
{ "type": "Feature", "properties": { "zone_id": 5, "scenario": "noCheck4factor", "pixel_count": 796, "area_m2": 318400, "area_ha": 31.84, "input_file": "factor_suitability_2025_Depth_10m_2025_highest.tif", "salinity_min": 33.104, "salinity_max": 33.104, "salinity_mean": 33.104, "salinity_median": 33.104, "depth_min": 3.478, "depth_max": 8.247, "depth_mean": 6.1, "depth_median": 6.112, "temperature_min": 29.077, "temperature_max": 29.077, "temperature_mean": 29.077, "temperature_median": 29.077, "sedimentation_min": 14.336, "sedimentation_max": 14.336, "sedimentation_mean": 14.336, "sedimentation_median": 14.336, "depth_group": "10m", "source_zone_tif": "25_10m_2025_highest_noCheck4factor_zone.tif", "source_csv": "25_10m_2025_highest_noCheck4factor_ringkasan.csv" }, "geometry": { "type": "Polygon", "coordinates": [ [ [ 137.621157660788214, -5.396386057104014 ], [ 137.621153657885941, -5.397108511499463 ], [ 137.620072374096594, -5.397102492467382 ], [ 137.6200693706067, -5.397644332643059 ], [ 137.615924457088909, -5.397621239596652 ], [ 137.615923454635492, -5.397801852208894 ], [ 137.620428797594258, -5.397826952859592 ], [ 137.620377695143617, -5.407038237495674 ], [ 137.621639213967001, -5.407045271764938 ], [ 137.62164222132327, -5.40650343087382 ], [ 137.623264175105646, -5.406512470182082 ], [ 137.623266178881892, -5.406151242307645 ], [ 137.623626613216516, -5.406153250321093 ], [ 137.623646641378713, -5.402540969950696 ], [ 137.624007073721032, -5.402542976401544 ], [ 137.624012078107228, -5.401639905893075 ], [ 137.624372510053576, -5.401641911793432 ], [ 137.624373510722592, -5.401461297620513 ], [ 137.624193294785584, -5.401460294730709 ], [ 137.624195296128136, -5.401099066448557 ], [ 137.623654648839931, -5.401096057661761 ], [ 137.623655649619792, -5.400915443619989 ], [ 137.622394140841607, -5.40090842148848 ], [ 137.622395141959657, -5.400727807681623 ], [ 137.621854496009519, -5.400724797498612 ], [ 137.62187151252931, -5.397654364310959 ], [ 137.621691298184118, -5.397653361383818 ], [ 137.621693299588287, -5.397292133993612 ], [ 137.621332871212388, -5.397290128114579 ], [ 137.621337874659531, -5.396387059954628 ], [ 137.621157660788214, -5.396386057104014 ] ] ] } },
{ "type": "Feature", "properties": { "zone_id": 6, "scenario": "noCheck4factor", "pixel_count": 463, "area_m2": 185200, "area_ha": 18.52, "input_file": "factor_suitability_2025_Depth_10m_2025_highest.tif", "salinity_min": 33.104, "salinity_max": 33.104, "salinity_mean": 33.104, "salinity_median": 33.104, "depth_min": 5.503, "depth_max": 7.741, "depth_mean": 6.877, "depth_median": 6.983, "temperature_min": 29.077, "temperature_max": 29.077, "temperature_mean": 29.077, "temperature_median": 29.077, "sedimentation_min": 14.336, "sedimentation_max": 14.336, "sedimentation_mean": 14.336, "sedimentation_median": 14.336, "depth_group": "10m", "source_zone_tif": "25_10m_2025_highest_noCheck4factor_zone.tif", "source_csv": "25_10m_2025_highest_noCheck4factor_ringkasan.csv" }, "geometry": { "type": "Polygon", "coordinates": [ [ [ 137.604207650654473, -5.398097655563827 ], [ 137.604202620264999, -5.399000707586684 ], [ 137.604022408833259, -5.398999699169321 ], [ 137.604006304998308, -5.401889464888256 ], [ 137.608331409197291, -5.401913665223707 ], [ 137.608347492618492, -5.399023886484774 ], [ 137.611050679963967, -5.399038987976603 ], [ 137.611052688183207, -5.398677764595463 ], [ 137.604384843882883, -5.398640495077562 ], [ 137.604387861854718, -5.398098663758301 ], [ 137.604207650654473, -5.398097655563827 ] ] ] } },
{ "type": "Feature", "properties": { "zone_id": 7, "scenario": "noCheck4factor", "pixel_count": 67907, "area_m2": 27162800, "area_ha": 2716.28, "input_file": "factor_suitability_2025_Depth_10m_2025_highest.tif", "salinity_min": 33.099, "salinity_max": 33.104, "salinity_mean": 33.1, "salinity_median": 33.099, "depth_min": 3.391, "depth_max": 9.268, "depth_mean": 6.726, "depth_median": 6.743, "temperature_min": 28.951, "temperature_max": 29.077, "temperature_mean": 28.988, "temperature_median": 28.951, "sedimentation_min": 7.804, "sedimentation_max": 19.773, "sedimentation_mean": 12.259, "sedimentation_median": 13.535, "depth_group": "10m", "source_zone_tif": "25_10m_2025_highest_noCheck4factor_zone.tif", "source_csv": "25_10m_2025_highest_noCheck4factor_ringkasan.csv" }, "geometry": { "type": "Polygon", "coordinates": [ [ [ 137.598778146998285, -5.40222140058299 ], [ 137.598743842529274, -5.408362118101056 ], [ 137.593157250107595, -5.408330728039039 ], [ 137.59315522766525, -5.408691944562682 ], [ 137.592073954875815, -5.408685862735832 ], [ 137.592068896572925, -5.409588903001616 ], [ 137.5918886842951, -5.409587889006813 ], [ 137.591886660627495, -5.409949105036199 ], [ 137.590805387041428, -5.409943019538019 ], [ 137.590801338016718, -5.410665450764347 ], [ 137.590080488793063, -5.410661392153135 ], [ 137.590064283798029, -5.413551114676404 ], [ 137.599255195939094, -5.413602825756474 ], [ 137.599198561645949, -5.423716949207443 ], [ 137.596855732829056, -5.423703756400264 ], [ 137.596854719833345, -5.423884365269741 ], [ 137.597034937282672, -5.423885380456115 ], [ 137.597011630160949, -5.428039384886982 ], [ 137.599174256964801, -5.428051572330273 ], [ 137.599168177715512, -5.429135227997126 ], [ 137.601871472957413, -5.429150454513648 ], [ 137.60185526843523, -5.432040210887213 ], [ 137.605639912657352, -5.432061519164311 ], [ 137.605637888722782, -5.432422740113367 ], [ 137.60852143899757, -5.432438960212276 ], [ 137.608512337304148, -5.434064459301832 ], [ 137.610134342505205, -5.434073579821725 ], [ 137.61013232049433, -5.434434802437486 ], [ 137.610312543571951, -5.434435815628249 ], [ 137.610296363430393, -5.437325596913947 ], [ 137.611738156129093, -5.437333704843854 ], [ 137.611737145008618, -5.43751431643433 ], [ 137.612277817993743, -5.437517356124419 ], [ 137.612241400739236, -5.4440193761938 ], [ 137.618549342376781, -5.444054846176553 ], [ 137.618547321652784, -5.444416071832768 ], [ 137.618727549276684, -5.444417084361549 ], [ 137.618752797206042, -5.43990176245011 ], [ 137.633171010020106, -5.439982523275358 ], [ 137.633112651026778, -5.450458225321222 ], [ 137.630949867946583, -5.450446109676335 ], [ 137.630945836411712, -5.451168570114123 ], [ 137.632748157453136, -5.451178668368821 ], [ 137.632723969740709, -5.455513438646584 ], [ 137.634165839322804, -5.455521519835947 ], [ 137.634170877890398, -5.454618441409446 ], [ 137.649310616627673, -5.454703071790399 ], [ 137.649297573255126, -5.457051112275908 ], [ 137.649838284711421, -5.457054129070777 ], [ 137.649846310787069, -5.455609180301559 ], [ 137.651468443107746, -5.455618225368586 ], [ 137.651472453402647, -5.45489574974879 ], [ 137.651832927192629, -5.45489775890382 ], [ 137.651843951542475, -5.452910950108906 ], [ 137.661937239238284, -5.452967098450613 ], [ 137.661934242023136, -5.453508961021833 ], [ 137.663556388828454, -5.453517970022631 ], [ 137.663492407189096, -5.465077721370482 ], [ 137.657364194332104, -5.465043591882906 ], [ 137.657363191697954, -5.465224211821991 ], [ 137.657903914960201, -5.465227225855438 ], [ 137.65790190991396, -5.465588465930192 ], [ 137.65826239247221, -5.465590475149725 ], [ 137.658261390006288, -5.465771095251989 ], [ 137.658621872806719, -5.465773104322548 ], [ 137.658619867989302, -5.46613434465683 ], [ 137.658980351139519, -5.466136353645175 ], [ 137.658972331386224, -5.467581315465774 ], [ 137.664379607690393, -5.467611432403716 ], [ 137.664376604574358, -5.468153296067716 ], [ 137.664556847799901, -5.468154299229274 ], [ 137.664554845662423, -5.468515541732264 ], [ 137.66473508902925, -5.468516544906515 ], [ 137.664730083367402, -5.469419651308441 ], [ 137.666171032862508, -5.469608297635539 ], [ 137.666145000230557, -5.474304457312224 ], [ 137.666325245623653, -5.474305461066754 ], [ 137.666322240560731, -5.474847325689594 ], [ 137.667764206207153, -5.474855354580201 ], [ 137.667763204883784, -5.475035976385048 ], [ 137.674432325896731, -5.475073066252898 ], [ 137.67442333043536, -5.476698673516475 ], [ 137.674603578070901, -5.476699675217746 ], [ 137.674604577646534, -5.476519052160301 ], [ 137.685960242680437, -5.476582048280012 ], [ 137.685950279404267, -5.478388299696445 ], [ 137.686310779956216, -5.478390296722175 ], [ 137.686311776326022, -5.478209671520005 ], [ 137.696946599375934, -5.478268484525873 ], [ 137.696938652954799, -5.479713501712213 ], [ 137.701625233126833, -5.479739366419535 ], [ 137.701643084330527, -5.476488062199779 ], [ 137.698038040090893, -5.476468181388606 ], [ 137.698064825845108, -5.471591242098532 ], [ 137.695361073223808, -5.471576330669692 ], [ 137.69536008078245, -5.471756957572113 ], [ 137.695179830819825, -5.471755963011788 ], [ 137.695175860506225, -5.47247847047672 ], [ 137.693914110189951, -5.472471506117384 ], [ 137.693913117151112, -5.472652132749238 ], [ 137.683999418479914, -5.472597318870772 ], [ 137.684001410453192, -5.472236069245318 ], [ 137.683821162427733, -5.472235071183228 ], [ 137.683843066508587, -5.468261325698004 ], [ 137.683302326188198, -5.468258333374925 ], [ 137.683303321606019, -5.468077708665003 ], [ 137.682942828333722, -5.468075713579392 ], [ 137.682996537142429, -5.45832198094516 ], [ 137.684798975784418, -5.458331936320693 ], [ 137.684803941211214, -5.457428811085397 ], [ 137.683722479238128, -5.457422839500509 ], [ 137.683745316873825, -5.453268467583842 ], [ 137.681762653302997, -5.453257523028412 ], [ 137.681765632595784, -5.452715649475215 ], [ 137.681585390814377, -5.452714654292181 ], [ 137.681560552849163, -5.457230266059343 ], [ 137.668943617221998, -5.457160411380774 ], [ 137.668951597733496, -5.455715434305485 ], [ 137.666789714173575, -5.455522814175667 ], [ 137.666794703959511, -5.454619705453928 ], [ 137.665713266895551, -5.45461370455106 ], [ 137.665716261331454, -5.454071839902452 ], [ 137.663733631624012, -5.454060834313829 ], [ 137.663741620035978, -5.452615864794665 ], [ 137.657793769472477, -5.452582817761015 ], [ 137.657897607279523, -5.433798321166638 ], [ 137.668531339994189, -5.433857159400278 ], [ 137.668528359238394, -5.434399025971427 ], [ 137.668708593163387, -5.434400021720761 ], [ 137.668702631067902, -5.43548375502878 ], [ 137.669243334007319, -5.435486742554098 ], [ 137.669240352988851, -5.436028609490655 ], [ 137.669420587529601, -5.436029605324984 ], [ 137.669450382537377, -5.430610934451061 ], [ 137.669089916699534, -5.430608944725589 ], [ 137.669092894862501, -5.430067077775572 ], [ 137.666209175553576, -5.430051153852664 ], [ 137.666220102312963, -5.428064314132528 ], [ 137.664598019266975, -5.42805535419591 ], [ 137.664601000031013, -5.427513489690867 ], [ 137.657031321844045, -5.42747162348788 ], [ 137.657050235636575, -5.424039841317543 ], [ 137.653986352390064, -5.424022879406983 ], [ 137.65398834442513, -5.423661640288268 ], [ 137.652546521235081, -5.423653653395286 ], [ 137.652552499095464, -5.422569937614018 ], [ 137.649488637420404, -5.422552957506459 ], [ 137.649511562189019, -5.418398726342014 ], [ 137.647529082150925, -5.418387739445255 ], [ 137.647531075940066, -5.418026502657938 ], [ 137.646629950532343, -5.418021506810278 ], [ 137.646630947643047, -5.417840888582234 ], [ 137.644468250745945, -5.417828893496804 ], [ 137.644472241411734, -5.417106422180799 ], [ 137.644292017103027, -5.417105422376958 ], [ 137.644286030581782, -5.418189129142257 ], [ 137.631309946139027, -5.418116988280896 ], [ 137.631315955702775, -5.417033296027609 ], [ 137.631135733863061, -5.417032292321791 ], [ 137.631121708903208, -5.41956090703771 ], [ 137.629860151746698, -5.419553876301178 ], [ 137.62985914933617, -5.419734491392925 ], [ 137.629678926967472, -5.419733486754419 ], [ 137.629676921938, -5.420094716866784 ], [ 137.629316477088878, -5.420092707294645 ], [ 137.629315474416586, -5.420273322281586 ], [ 137.628053918139301, -5.420266286858696 ], [ 137.628052915059527, -5.420446901608593 ], [ 137.6276924706074, -5.420444890939053 ], [ 137.627690464132627, -5.420806120300299 ], [ 137.626068464816939, -5.420797069033332 ], [ 137.626067461048336, -5.420977683408752 ], [ 137.61579485957003, -5.420920256187559 ], [ 137.615860231448949, -5.409180444245303 ], [ 137.61369763416937, -5.409168358541812 ], [ 137.613670479899184, -5.414044885498599 ], [ 137.602677265226276, -5.413983275205398 ], [ 137.602729709107052, -5.404591552180432 ], [ 137.603991199711515, -5.404598619957106 ], [ 137.604004291404124, -5.40225068558047 ], [ 137.598778146998285, -5.40222140058299 ] ] ] } },
{ "type": "Feature", "properties": { "zone_id": 8, "scenario": "noCheck4factor", "pixel_count": 298, "area_m2": 119200, "area_ha": 11.92, "input_file": "factor_suitability_2025_Depth_10m_2025_highest.tif", "salinity_min": 33.104, "salinity_max": 33.104, "salinity_mean": 33.104, "salinity_median": 33.104, "depth_min": 6.714, "depth_max": 8.655, "depth_mean": 7.917, "depth_median": 7.996, "temperature_min": 29.077, "temperature_max": 29.077, "temperature_mean": 29.077, "temperature_median": 29.077, "sedimentation_min": 9.106, "sedimentation_max": 14.336, "sedimentation_mean": 9.352, "sedimentation_median": 9.106, "depth_group": "10m", "source_zone_tif": "25_10m_2025_highest_noCheck4factor_zone.tif", "source_csv": "25_10m_2025_highest_noCheck4factor_ringkasan.csv" }, "geometry": { "type": "Polygon", "coordinates": [ [ [ 137.588787587256519, -5.416253117229756 ], [ 137.588785559239312, -5.416614332007503 ], [ 137.587163636827825, -5.416605183522863 ], [ 137.587162622287906, -5.416785790603048 ], [ 137.586982408804914, -5.416784773803477 ], [ 137.58698037951541, -5.417145987891863 ], [ 137.587340806729003, -5.417148021573951 ], [ 137.587326599350831, -5.41967652100575 ], [ 137.587867242668722, -5.419679572559931 ], [ 137.587865212814108, -5.420040786948792 ], [ 137.590027790454741, -5.420052989171385 ], [ 137.590049083640594, -5.416260229248339 ], [ 137.588787587256519, -5.416253117229756 ] ] ] } },
{ "type": "Feature", "properties": { "zone_id": 9, "scenario": "noCheck4factor", "pixel_count": 98, "area_m2": 39200, "area_ha": 3.92, "input_file": "factor_suitability_2025_Depth_10m_2025_highest.tif", "salinity_min": 33.099, "salinity_max": 33.099, "salinity_mean": 33.099, "salinity_median": 33.099, "depth_min": 4.723, "depth_max": 7.692, "depth_mean": 6.349, "depth_median": 6.355, "temperature_min": 28.951, "temperature_max": 28.951, "temperature_mean": 28.951, "temperature_median": 28.951, "sedimentation_min": 19.773, "sedimentation_max": 19.773, "sedimentation_mean": 19.773, "sedimentation_median": 19.773, "depth_group": "10m", "source_zone_tif": "25_10m_2025_highest_noCheck4factor_zone.tif", "source_csv": "25_10m_2025_highest_noCheck4factor_ringkasan.csv" }, "geometry": { "type": "Polygon", "coordinates": [ [ [ 137.669415618762912, -5.43693271702712 ], [ 137.669412637100777, -5.437474584033285 ], [ 137.670494047618718, -5.437480559509816 ], [ 137.670461240037724, -5.443441102417267 ], [ 137.670641477009298, -5.443442099240045 ], [ 137.670653410616637, -5.441274628851495 ], [ 137.674438381248763, -5.441295541341725 ], [ 137.674439374373065, -5.441114918102938 ], [ 137.67083464117448, -5.441095002647519 ], [ 137.670857498436504, -5.436940683101342 ], [ 137.669415618762912, -5.43693271702712 ] ] ] } },
{ "type": "Feature", "properties": { "zone_id": 10, "scenario": "noCheck4factor", "pixel_count": 3690, "area_m2": 1476000, "area_ha": 147.6, "input_file": "factor_suitability_2025_Depth_10m_2025_highest.tif", "salinity_min": 33.104, "salinity_max": 33.104, "salinity_mean": 33.104, "salinity_median": 33.104, "depth_min": 5.215, "depth_max": 9.025, "depth_mean": 7.733, "depth_median": 7.891, "temperature_min": 29.077, "temperature_max": 29.077, "temperature_mean": 29.077, "temperature_median": 29.077, "sedimentation_min": 5.719, "sedimentation_max": 9.106, "sedimentation_mean": 8.479, "sedimentation_median": 9.106, "depth_group": "10m", "source_zone_tif": "25_10m_2025_highest_noCheck4factor_zone.tif", "source_csv": "25_10m_2025_highest_noCheck4factor_ringkasan.csv" }, "geometry": { "type": "Polygon", "coordinates": [ [ [ 137.607177839576707, -5.447061334503525 ], [ 137.607176825274763, -5.447241945178662 ], [ 137.606996598974035, -5.447240928669578 ], [ 137.606986453540458, -5.449047035012161 ], [ 137.606445773234014, -5.449043984145346 ], [ 137.606435622777013, -5.450850089343896 ], [ 137.605174032834583, -5.450842966399117 ], [ 137.605173017225439, -5.451023576674602 ], [ 137.600847577416232, -5.450999134329107 ], [ 137.600809928181235, -5.457681683489586 ], [ 137.602612212244168, -5.457691884127561 ], [ 137.602610176891204, -5.458053103630585 ], [ 137.602790405593026, -5.458054123466112 ], [ 137.602789387918989, -5.458234733249659 ], [ 137.611981099736624, -5.458286675182993 ], [ 137.61197500942032, -5.459370344230122 ], [ 137.613236626107636, -5.459377464004143 ], [ 137.613235611311893, -5.459558075744468 ], [ 137.613776304850319, -5.459561126369707 ], [ 137.6137631115011, -5.461909080197851 ], [ 137.613943343447687, -5.461910097405023 ], [ 137.613942328389896, -5.46209070926289 ], [ 137.614303807443008, -5.461912131657692 ], [ 137.614311925818129, -5.460467236207695 ], [ 137.615934011611898, -5.460476385241989 ], [ 137.61593502577162, -5.460295773000636 ], [ 137.623324560399027, -5.460337395324594 ], [ 137.623357935868768, -5.454377144949372 ], [ 137.623177704410011, -5.454376131961682 ], [ 137.623167594001416, -5.456182268247607 ], [ 137.621545507567845, -5.456173145899244 ], [ 137.621543484111385, -5.456534372533732 ], [ 137.612351707557224, -5.45648259341007 ], [ 137.612362865018184, -5.454495865820409 ], [ 137.608578054011332, -5.454474512126525 ], [ 137.608619650782174, -5.44706946437026 ], [ 137.607177839576707, -5.447061334503525 ] ] ] } },
{ "type": "Feature", "properties": { "zone_id": 11, "scenario": "noCheck4factor", "pixel_count": 19509, "area_m2": 7803600, "area_ha": 780.36, "input_file": "factor_suitability_2025_Depth_10m_2025_highest.tif", "salinity_min": 33.08, "salinity_max": 33.099, "salinity_mean": 33.095, "salinity_median": 33.099, "depth_min": 3.271, "depth_max": 8.742, "depth_mean": 5.921, "depth_median": 5.87, "temperature_min": 28.755, "temperature_max": 28.951, "temperature_mean": 28.911, "temperature_median": 28.951, "sedimentation_min": 11.639, "sedimentation_max": 19.892, "sedimentation_mean": 16.732, "sedimentation_median": 16.128, "depth_group": "10m", "source_zone_tif": "25_10m_2025_highest_noCheck4factor_zone.tif", "source_csv": "25_10m_2025_highest_noCheck4factor_ringkasan.csv" }, "geometry": { "type": "Polygon", "coordinates": [ [ [ 137.778172713539306, -5.458298330697698 ], [ 137.778171748303919, -5.458478972664031 ], [ 137.777991487358207, -5.458478005345308 ], [ 137.777987625877302, -5.459200573069314 ], [ 137.77438240947248, -5.459181212799939 ], [ 137.774373709560763, -5.460806984306364 ], [ 137.764639664027442, -5.460754588199146 ], [ 137.764651298180155, -5.458586913754968 ], [ 137.764471039617689, -5.458585942362066 ], [ 137.764465222804716, -5.45966977941274 ], [ 137.755452320101341, -5.459621131343384 ], [ 137.755379309077114, -5.473168969236272 ], [ 137.744203172715032, -5.473108307456599 ], [ 137.744240314874446, -5.466244147 ], [ 137.744060057689097, -5.466243168118605 ], [ 137.74402095721311, -5.473468598826302 ], [ 137.742218365608863, -5.473458794025507 ], [ 137.742217386885955, -5.473639429441897 ], [ 137.738431954059479, -5.473618821088064 ], [ 137.738430974171422, -5.473799455819108 ], [ 137.73789019907295, -5.4737965097255 ], [ 137.737706020029208, -5.474518065976222 ], [ 137.737345503095298, -5.47451610127473 ], [ 137.737344522719525, -5.474696735803871 ], [ 137.736803747403172, -5.474693788248486 ], [ 137.736802766832795, -5.474874422678539 ], [ 137.735721216763295, -5.474868525912851 ], [ 137.735718273884203, -5.475410428608357 ], [ 137.724722572178933, -5.475350361734597 ], [ 137.724724540711236, -5.474989097258676 ], [ 137.722921979431248, -5.474979231697213 ], [ 137.723006547903026, -5.459444882614639 ], [ 137.723907804973834, -5.45944980199125 ], [ 137.72390878662469, -5.45926916980663 ], [ 137.723728535198376, -5.459268186071829 ], [ 137.723730498508729, -5.45890692176429 ], [ 137.72030572971812, -5.458888221808922 ], [ 137.720307694939748, -5.458526958741111 ], [ 137.720127444388254, -5.458525974059632 ], [ 137.720128427003345, -5.458345342556611 ], [ 137.719046924710085, -5.458339433532922 ], [ 137.719006597190855, -5.465745316059367 ], [ 137.709453261694449, -5.465692964095537 ], [ 137.70946214450754, -5.464067298408994 ], [ 137.708921393900624, -5.464064331446306 ], [ 137.708927315254499, -5.462980554857087 ], [ 137.70586307293587, -5.462963736255899 ], [ 137.705887755268606, -5.458448013962252 ], [ 137.705707507363371, -5.458447024970432 ], [ 137.705680848096705, -5.463324004124708 ], [ 137.704599352647932, -5.463318063708543 ], [ 137.704583537992477, -5.466208121834697 ], [ 137.704042788132142, -5.466205149317822 ], [ 137.703856604268168, -5.467287929294504 ], [ 137.707281363931543, -5.467306751811779 ], [ 137.707261595853964, -5.470919333738542 ], [ 137.716454485855593, -5.470969794523628 ], [ 137.71638835055532, -5.483072052573823 ], [ 137.707195276210683, -5.483021479508638 ], [ 137.707194285238501, -5.483202108506958 ], [ 137.707374540824446, -5.483203101521654 ], [ 137.707373549873125, -5.483383730551612 ], [ 137.710257644618338, -5.48339961195215 ], [ 137.710251703400132, -5.484483389262702 ], [ 137.715118641250683, -5.484510163027704 ], [ 137.715097868242253, -5.488303401882249 ], [ 137.719964860838388, -5.48833015477978 ], [ 137.719962884615683, -5.488691417365307 ], [ 137.720503663381521, -5.488694387668182 ], [ 137.720501687351174, -5.489055650445302 ], [ 137.721042466738481, -5.489058620457175 ], [ 137.721038514930626, -5.489781146389467 ], [ 137.721218775008708, -5.489782136416125 ], [ 137.72121778702828, -5.489962767928799 ], [ 137.723380911187974, -5.489974644414786 ], [ 137.723372023720827, -5.491600331509487 ], [ 137.729861442207948, -5.491635924742276 ], [ 137.729855527432079, -5.49271972314773 ], [ 137.730035789990694, -5.492720711041808 ], [ 137.730034804133624, -5.49290134413763 ], [ 137.730575592169288, -5.492904307592551 ], [ 137.730573620681071, -5.493265573976458 ], [ 137.733818357061153, -5.493283345633104 ], [ 137.733867556112301, -5.484251655125619 ], [ 137.734047816853405, -5.484252640292707 ], [ 137.734059611747995, -5.482085033708909 ], [ 137.73423987187374, -5.482086018430208 ], [ 137.734243802237387, -5.481363482731298 ], [ 137.734605304556283, -5.481184817757307 ], [ 137.734614144683889, -5.479559111762084 ], [ 137.734974663653759, -5.479561079912187 ], [ 137.73497564561788, -5.479380445841142 ], [ 137.735336164611226, -5.479382413709617 ], [ 137.735337146434517, -5.479201779572055 ], [ 137.745251467238631, -5.479255809373575 ], [ 137.745283751059532, -5.47329482300094 ], [ 137.755378334355896, -5.473349607027039 ], [ 137.755372485342775, -5.474433433745205 ], [ 137.755552747014008, -5.474434410685934 ], [ 137.75557808284529, -5.469737827070208 ], [ 137.758281990806523, -5.469752462055491 ], [ 137.758284910326466, -5.469210547048169 ], [ 137.759907257172415, -5.469219321332766 ], [ 137.759937393326254, -5.463619523224788 ], [ 137.763903104449867, -5.463640930993541 ], [ 137.763905045273475, -5.463279652230932 ], [ 137.764085305137058, -5.46328062462633 ], [ 137.764091126503359, -5.462196788114331 ], [ 137.77959356864136, -5.462280195685202 ], [ 137.779592603123149, -5.462460837881483 ], [ 137.780133390483485, -5.46246374034482 ], [ 137.780081213094206, -5.472218422294167 ], [ 137.779720682337285, -5.47221648389698 ], [ 137.779716813154835, -5.472939052527166 ], [ 137.779536547609297, -5.472938083118789 ], [ 137.779535580178731, -5.473118725241012 ], [ 137.778814518105122, -5.473114846938381 ], [ 137.778813550426463, -5.473295488930591 ], [ 137.782058334811808, -5.473312935062689 ], [ 137.78203512410235, -5.477648356398918 ], [ 137.78221539150411, -5.477649325886919 ], [ 137.782246333244728, -5.471868762915344 ], [ 137.783147662108604, -5.471873604399427 ], [ 137.783148628234045, -5.471692961625067 ], [ 137.782247299639721, -5.471688120301754 ], [ 137.782297507551846, -5.462294702665333 ], [ 137.783198822141543, -5.462299535628791 ], [ 137.783199786550995, -5.46211889278793 ], [ 137.78301952362213, -5.46211792633525 ], [ 137.783022416817772, -5.461575997901593 ], [ 137.781580315843996, -5.461568265110455 ], [ 137.781588033051094, -5.460123124623606 ], [ 137.781407771005547, -5.460122158039374 ], [ 137.78140970009099, -5.459760872969458 ], [ 137.781049176312223, -5.459758939767937 ], [ 137.781050140913948, -5.459578297295435 ], [ 137.780329093960347, -5.459574430374208 ], [ 137.780330058744795, -5.459393788029145 ], [ 137.779609012524816, -5.459389920374169 ], [ 137.779614801841973, -5.458306067049798 ], [ 137.778172713539306, -5.458298330697698 ] ] ] } },
{ "type": "Feature", "properties": { "zone_id": 12, "scenario": "noCheck4factor", "pixel_count": 1792, "area_m2": 716800, "area_ha": 71.68, "input_file": "factor_suitability_2025_Depth_10m_2025_highest.tif", "salinity_min": 33.099, "salinity_max": 33.099, "salinity_mean": 33.099, "salinity_median": 33.099, "depth_min": 5.121, "depth_max": 9.088, "depth_mean": 7.755, "depth_median": 7.806, "temperature_min": 28.951, "temperature_max": 28.951, "temperature_mean": 28.951, "temperature_median": 28.951, "sedimentation_min": 7.804, "sedimentation_max": 7.804, "sedimentation_mean": 7.804, "sedimentation_median": 7.804, "depth_group": "10m", "source_zone_tif": "25_10m_2025_highest_noCheck4factor_zone.tif", "source_csv": "25_10m_2025_highest_noCheck4factor_ringkasan.csv" }, "geometry": { "type": "Polygon", "coordinates": [ [ [ 137.626553596002168, -5.463064853294967 ], [ 137.626502979574667, -5.472095562443103 ], [ 137.626322742232958, -5.472094547120808 ], [ 137.626321728984891, -5.47227516123763 ], [ 137.632449819467894, -5.472309653049045 ], [ 137.632411360546286, -5.479173032058828 ], [ 137.635475455314463, -5.479190276283544 ], [ 137.63547343163961, -5.479551507850384 ], [ 137.637275845977456, -5.479561644885035 ], [ 137.637266742621506, -5.481187189897689 ], [ 137.637807469039899, -5.481190230860841 ], [ 137.637804434464556, -5.481732079477861 ], [ 137.637984676833639, -5.481733093124852 ], [ 137.637985688338631, -5.481552476886857 ], [ 137.638346173070317, -5.481554503951376 ], [ 137.638360329076278, -5.479025875545188 ], [ 137.641424441914126, -5.479043088866843 ], [ 137.641427471729827, -5.478501238177879 ], [ 137.642328682438119, -5.478506297442501 ], [ 137.642329692039311, -5.47832568037586 ], [ 137.646295028001646, -5.478347924345847 ], [ 137.646296036382267, -5.478167306540252 ], [ 137.637824659214715, -5.478119755147967 ], [ 137.637863048953761, -5.471256337518984 ], [ 137.626688282142624, -5.471193506771127 ], [ 137.626733830685993, -5.463065866877949 ], [ 137.626553596002168, -5.463064853294967 ] ] ] } },
{ "type": "Feature", "properties": { "zone_id": 13, "scenario": "noCheck4factor", "pixel_count": 60, "area_m2": 24000, "area_ha": 2.4, "input_file": "factor_suitability_2025_Depth_10m_2025_highest.tif", "salinity_min": 33.099, "salinity_max": 33.099, "salinity_mean": 33.099, "salinity_median": 33.099, "depth_min": 6.271, "depth_max": 9.017, "depth_mean": 8.036, "depth_median": 8.223, "temperature_min": 28.951, "temperature_max": 28.951, "temperature_mean": 28.951, "temperature_median": 28.951, "sedimentation_min": 7.804, "sedimentation_max": 7.804, "sedimentation_mean": 7.804, "sedimentation_median": 7.804, "depth_group": "10m", "source_zone_tif": "25_10m_2025_highest_noCheck4factor_zone.tif", "source_csv": "25_10m_2025_highest_noCheck4factor_ringkasan.csv" }, "geometry": { "type": "Polygon", "coordinates": [ [ [ 137.640427736221113, -5.463865208661615 ], [ 137.640407579997998, -5.4674775444032 ], [ 137.644012358094301, -5.467497738906501 ], [ 137.644013365149874, -5.467317121460457 ], [ 137.641850497316199, -5.467305007750758 ], [ 137.641853520218291, -5.466763156612599 ], [ 137.640591850692857, -5.466756087398957 ], [ 137.640607973728464, -5.463866218227971 ], [ 137.640427736221113, -5.463865208661615 ] ] ] } },
{ "type": "Feature", "properties": { "zone_id": 14, "scenario": "noCheck4factor", "pixel_count": 33540, "area_m2": 13416000, "area_ha": 1341.6, "input_file": "factor_suitability_2025_Depth_10m_2025_highest.tif", "salinity_min": 33.055, "salinity_max": 33.099, "salinity_mean": 33.058, "salinity_median": 33.055, "depth_min": 3.573, "depth_max": 8.941, "depth_mean": 6.952, "depth_median": 6.882, "temperature_min": 28.755, "temperature_max": 29.037, "temperature_mean": 28.872, "temperature_median": 28.874, "sedimentation_min": 10.687, "sedimentation_max": 19.892, "sedimentation_mean": 16.087, "sedimentation_median": 15.064, "depth_group": "10m", "source_zone_tif": "25_10m_2025_highest_noCheck4factor_zone.tif", "source_csv": "25_10m_2025_highest_noCheck4factor_ringkasan.csv" }, "geometry": { "type": "Polygon", "coordinates": [ [ [ 137.745413125723559, -5.482688873276998 ], [ 137.745403330020224, -5.484495232598179 ], [ 137.745583592915551, -5.484496214332756 ], [ 137.745581633489849, -5.484857486246892 ], [ 137.749006636776073, -5.484876130151608 ], [ 137.748940989157973, -5.496978777736182 ], [ 137.739927666789612, -5.496929563871581 ], [ 137.739923732050073, -5.497652103309343 ], [ 137.740825061681932, -5.497657031452444 ], [ 137.740824078185796, -5.497837666471599 ], [ 137.748755816670752, -5.497880977054005 ], [ 137.748707702044925, -5.506732161581416 ], [ 137.750870946328632, -5.506743974420877 ], [ 137.750862106266254, -5.508369705368751 ], [ 137.753025361120478, -5.508381513885262 ], [ 137.75302339760492, -5.508742788194372 ], [ 137.753382959057177, -5.508925392866441 ], [ 137.753378050075611, -5.509828578935191 ], [ 137.754279410152265, -5.509833497592995 ], [ 137.754278428529346, -5.510014134965157 ], [ 137.756982514473975, -5.510028883265211 ], [ 137.756981533632711, -5.510209521122481 ], [ 137.757161806344556, -5.510210503939693 ], [ 137.757162787131506, -5.510029866050012 ], [ 137.764013172293403, -5.510067171561137 ], [ 137.764014150984735, -5.509886532439914 ], [ 137.773388435648116, -5.509937453105079 ], [ 137.77336793559428, -5.513730909651045 ], [ 137.774449596324843, -5.513736779709016 ], [ 137.774438856070503, -5.515723830281157 ], [ 137.77552052155653, -5.515729700506601 ], [ 137.775468735278963, -5.525303679545946 ], [ 137.774927893740568, -5.525300739553641 ], [ 137.774923002718452, -5.526203944456046 ], [ 137.768793476463571, -5.526170584742847 ], [ 137.768792496310255, -5.526351224622532 ], [ 137.769693895145394, -5.526356134580057 ], [ 137.769687035067477, -5.527620614832474 ], [ 137.774374332024536, -5.527646130493366 ], [ 137.774363564262927, -5.52963317999145 ], [ 137.775084691218211, -5.529637103621383 ], [ 137.77506216912343, -5.533791845950152 ], [ 137.782994655060804, -5.533834980801388 ], [ 137.782990746019465, -5.534557550282081 ], [ 137.783711885089275, -5.534561466900968 ], [ 137.783704067197306, -5.536006606830198 ], [ 137.792898657974177, -5.536056480170571 ], [ 137.792886960644694, -5.538224209557945 ], [ 137.793067248233598, -5.538225186429919 ], [ 137.793115953701118, -5.52919297784088 ], [ 137.797262514440604, -5.529215393964544 ], [ 137.797271261574025, -5.5275895894511 ], [ 137.808449001557364, -5.527649853820116 ], [ 137.808433503345356, -5.530540204584494 ], [ 137.80861379135942, -5.530541175381388 ], [ 137.808639938348932, -5.525663707417227 ], [ 137.812425963173666, -5.525684063460072 ], [ 137.812426929987254, -5.525503415811249 ], [ 137.803773182398146, -5.52545685388539 ], [ 137.803810964965777, -5.518411654317834 ], [ 137.80236869788277, -5.518403891743898 ], [ 137.802412251895049, -5.510274824433451 ], [ 137.802051690336981, -5.510272886121581 ], [ 137.802052657572062, -5.510092240216218 ], [ 137.794480896904901, -5.510051486734289 ], [ 137.794495435766976, -5.507341818162717 ], [ 137.791430705516234, -5.507325303593166 ], [ 137.791459789120893, -5.501905981944892 ], [ 137.790918960221347, -5.501903068864041 ], [ 137.790924774429499, -5.500819204975349 ], [ 137.782091292868074, -5.500771564885469 ], [ 137.782093235990715, -5.500410280059969 ], [ 137.780831317156554, -5.500403464137513 ], [ 137.780832289048647, -5.500222821948042 ], [ 137.780472713178426, -5.500040231990804 ], [ 137.780466880883722, -5.501124084730161 ], [ 137.76496342336506, -5.501040108636831 ], [ 137.764960492795154, -5.501582026667779 ], [ 137.764239406950367, -5.501578110638369 ], [ 137.764229634098484, -5.503384502699248 ], [ 137.75052906100197, -5.503309908387215 ], [ 137.750531024074434, -5.502948634911062 ], [ 137.74999021617495, -5.502945684155078 ], [ 137.750061790634618, -5.489759205924226 ], [ 137.757452695317681, -5.489799393497117 ], [ 137.757453672361805, -5.489618755432094 ], [ 137.757814205593888, -5.489620713406132 ], [ 137.757845450313511, -5.483840292585133 ], [ 137.760549427767074, -5.483854954933646 ], [ 137.76055040281571, -5.483674316276349 ], [ 137.751537175903707, -5.483625396029489 ], [ 137.751542064162777, -5.482722210828985 ], [ 137.745413125723559, -5.482688873276998 ] ] ] } },
{ "type": "Feature", "properties": { "zone_id": 15, "scenario": "noCheck4factor", "pixel_count": 52, "area_m2": 20800, "area_ha": 2.08, "input_file": "factor_suitability_2025_Depth_10m_2025_highest.tif", "salinity_min": 33.055, "salinity_max": 33.055, "salinity_mean": 33.055, "salinity_median": 33.055, "depth_min": 4.835, "depth_max": 7.111, "depth_mean": 6.151, "depth_median": 6.206, "temperature_min": 28.874, "temperature_max": 28.874, "temperature_mean": 28.874, "temperature_median": 28.874, "sedimentation_min": 18.716, "sedimentation_max": 18.716, "sedimentation_mean": 18.716, "sedimentation_median": 18.716, "depth_group": "10m", "source_zone_tif": "25_10m_2025_highest_noCheck4factor_zone.tif", "source_csv": "25_10m_2025_highest_noCheck4factor_ringkasan.csv" }, "geometry": { "type": "Polygon", "coordinates": [ [ [ 137.79720413346169, -5.540054088095888 ], [ 137.797195366301025, -5.541679891821514 ], [ 137.797916524097616, -5.541683796163827 ], [ 137.797919446119408, -5.541141861215938 ], [ 137.798820893271454, -5.541146739932527 ], [ 137.798821866941182, -5.540966094787351 ], [ 137.798641577500888, -5.540965119185469 ], [ 137.798643524852906, -5.540603828955301 ], [ 137.798102657053136, -5.540600902013359 ], [ 137.798105578330734, -5.540058966946595 ], [ 137.79720413346169, -5.540054088095888 ] ] ] } },
{ "type": "Feature", "properties": { "zone_id": 16, "scenario": "noCheck4factor", "pixel_count": 2106, "area_m2": 842400, "area_ha": 84.24, "input_file": "factor_suitability_2025_Depth_10m_2025_highest.tif", "salinity_min": 33.055, "salinity_max": 33.055, "salinity_mean": 33.055, "salinity_median": 33.055, "depth_min": 4.54, "depth_max": 9.041, "depth_mean": 7.326, "depth_median": 7.347, "temperature_min": 28.874, "temperature_max": 28.874, "temperature_mean": 28.874, "temperature_median": 28.874, "sedimentation_min": 17.097, "sedimentation_max": 17.097, "sedimentation_mean": 17.097, "sedimentation_median": 17.097, "depth_group": "10m", "source_zone_tif": "25_10m_2025_highest_noCheck4factor_zone.tif", "source_csv": "25_10m_2025_highest_noCheck4factor_ringkasan.csv" }, "geometry": { "type": "Polygon", "coordinates": [ [ [ 137.851921383866681, -5.557691063072919 ], [ 137.851899285649779, -5.561846113742091 ], [ 137.850456845658215, -5.561838407837325 ], [ 137.850455884047051, -5.562019061947208 ], [ 137.849554359809076, -5.562014243813891 ], [ 137.849549549906641, -5.562917513557057 ], [ 137.849008634922114, -5.562914621545395 ], [ 137.84897782749411, -5.568695544126235 ], [ 137.848436907527997, -5.568692648595952 ], [ 137.848435944107536, -5.568873302311136 ], [ 137.850599626344376, -5.568884881840018 ], [ 137.850593849107867, -5.569968806371947 ], [ 137.856544009674451, -5.570000615462432 ], [ 137.856513236474001, -5.575781578741138 ], [ 137.856693546666605, -5.575782542723212 ], [ 137.856730084145056, -5.568917647490807 ], [ 137.8570907004503, -5.5689195729018 ], [ 137.8570916612357, -5.568738917676487 ], [ 137.855829505105788, -5.568732177995359 ], [ 137.855878482767309, -5.559518771039334 ], [ 137.858943674216874, -5.559535106924279 ], [ 137.859125896922336, -5.559174756089623 ], [ 137.854618267552553, -5.559150730181893 ], [ 137.854620187207303, -5.558789420472967 ], [ 137.852095924941352, -5.558775951855065 ], [ 137.852101687747762, -5.557692025340036 ], [ 137.851921383866681, -5.557691063072919 ] ] ] } },
{ "type": "Feature", "properties": { "zone_id": 17, "scenario": "noCheck4factor", "pixel_count": 29698, "area_m2": 11879200, "area_ha": 1187.92, "input_file": "factor_suitability_2025_Depth_10m_2025_highest.tif", "salinity_min": 33.007, "salinity_max": 33.055, "salinity_mean": 33.03, "salinity_median": 33.007, "depth_min": 4.793, "depth_max": 9.589, "depth_mean": 7.946, "depth_median": 7.869, "temperature_min": 28.874, "temperature_max": 28.916, "temperature_mean": 28.896, "temperature_median": 28.916, "sedimentation_min": 5.764, "sedimentation_max": 16.234, "sedimentation_mean": 9.566, "sedimentation_median": 9.87, "depth_group": "10m", "source_zone_tif": "25_10m_2025_highest_noCheck4factor_zone.tif", "source_csv": "25_10m_2025_highest_noCheck4factor_ringkasan.csv" }, "geometry": { "type": "Polygon", "coordinates": [ [ [ 137.832579459116943, -5.600403013536011 ], [ 137.83257751146175, -5.600764315020545 ], [ 137.832216884248481, -5.600762363549583 ], [ 137.832215910262619, -5.6009430142266 ], [ 137.832035596648666, -5.600942038376474 ], [ 137.832019033066956, -5.604013099151524 ], [ 137.831658404056952, -5.604011146208499 ], [ 137.831649630373192, -5.605637001193025 ], [ 137.831289000496298, -5.605635047458453 ], [ 137.831276321395904, -5.607983503651565 ], [ 137.82803064531771, -5.607965902658374 ], [ 137.828026738989877, -5.608688502238469 ], [ 137.826944847937284, -5.608682630491577 ], [ 137.826931167117607, -5.611211726196294 ], [ 137.823505171667847, -5.61119311073259 ], [ 137.823496364085997, -5.61281895241146 ], [ 137.818988480492067, -5.612794420749537 ], [ 137.818984559645656, -5.613517013840176 ], [ 137.81087040971201, -5.613472763808089 ], [ 137.810866478391489, -5.614195351146982 ], [ 137.807440519294886, -5.614176631668189 ], [ 137.807438551338748, -5.614537924117821 ], [ 137.806717297828499, -5.614533980369039 ], [ 137.806696621870543, -5.618327548098478 ], [ 137.797139999880812, -5.618275174089733 ], [ 137.797148889156489, -5.616649374667504 ], [ 137.796968576902827, -5.616648385268714 ], [ 137.796938934157367, -5.622067715309948 ], [ 137.78828390420145, -5.622020112768404 ], [ 137.788280930348918, -5.622562041091756 ], [ 137.787920305384773, -5.622560054683845 ], [ 137.787905430090547, -5.625269695163277 ], [ 137.783577920665522, -5.625245829377457 ], [ 137.783564011852917, -5.627774816100266 ], [ 137.781580567728952, -5.627763861968452 ], [ 137.781542760016805, -5.634628239781575 ], [ 137.781001815063348, -5.634625247455964 ], [ 137.781000819324561, -5.634805888855633 ], [ 137.784246494422064, -5.634823835876292 ], [ 137.784216637184784, -5.640243094632778 ], [ 137.788363942318824, -5.640266022866681 ], [ 137.788313183357133, -5.649478797764217 ], [ 137.792280249330958, -5.649500737547274 ], [ 137.792271294157644, -5.651126527356291 ], [ 137.799484201504356, -5.651166360217427 ], [ 137.799474270528549, -5.6529728060281 ], [ 137.800916862651718, -5.652980764443599 ], [ 137.800913884067626, -5.653522698929273 ], [ 137.801454857147377, -5.653525682701694 ], [ 137.801453864388719, -5.653706327623596 ], [ 137.80361776027712, -5.653718258071618 ], [ 137.80361875236693, -5.653537612766129 ], [ 137.802536804177151, -5.653531648738963 ], [ 137.802605203633902, -5.64106713276647 ], [ 137.812883539249555, -5.641123584349407 ], [ 137.812879590932653, -5.641846172429744 ], [ 137.813059913764931, -5.641847161320122 ], [ 137.813063861859376, -5.64112457311234 ], [ 137.813424507175313, -5.641126550471068 ], [ 137.813441278954087, -5.638055549274402 ], [ 137.818490300392256, -5.638083193744427 ], [ 137.8184952237213, -5.637179953571059 ], [ 137.81597071374847, -5.637166139020495 ], [ 137.815983520765485, -5.63481772020975 ], [ 137.815803199587464, -5.634816733452372 ], [ 137.815797288996947, -5.635900618893426 ], [ 137.814715360602605, -5.635894696034293 ], [ 137.814704517852277, -5.637881817121 ], [ 137.804245900882478, -5.637824439156839 ], [ 137.804247879027542, -5.63746314812528 ], [ 137.80280532055221, -5.637455219734743 ], [ 137.802870556393174, -5.625532629669503 ], [ 137.807198150064778, -5.625556353558712 ], [ 137.807206037257998, -5.624111184612606 ], [ 137.807386353619677, -5.624112172158171 ], [ 137.807389310620067, -5.623570233686382 ], [ 137.819470568896008, -5.623636266302747 ], [ 137.819456819096843, -5.626165342285709 ], [ 137.819637138251778, -5.626166326403853 ], [ 137.819640084999719, -5.62562438147621 ], [ 137.828656075247352, -5.625673511770964 ], [ 137.828688378979137, -5.619712064417779 ], [ 137.836622435996986, -5.619755138192792 ], [ 137.836631218130009, -5.618129276132981 ], [ 137.836090259230701, -5.618126343552298 ], [ 137.836091235030068, -5.617945692300781 ], [ 137.835910915516138, -5.617944714694532 ], [ 137.835984987199708, -5.604215218230784 ], [ 137.836345617851208, -5.604217168580218 ], [ 137.836346591140881, -5.604036517198368 ], [ 137.834904069741839, -5.604028714725222 ], [ 137.834923537678065, -5.600415691880759 ], [ 137.832579459116943, -5.600403013536011 ] ] ] } },
{ "type": "Feature", "properties": { "zone_id": 18, "scenario": "noCheck4factor", "pixel_count": 183, "area_m2": 73200, "area_ha": 7.32, "input_file": "factor_suitability_2025_Depth_10m_2025_highest.tif", "salinity_min": 33.007, "salinity_max": 33.007, "salinity_mean": 33.007, "salinity_median": 33.007, "depth_min": 6.318, "depth_max": 9.365, "depth_mean": 7.882, "depth_median": 7.84, "temperature_min": 28.916, "temperature_max": 28.916, "temperature_mean": 28.916, "temperature_median": 28.916, "sedimentation_min": 9.87, "sedimentation_max": 9.87, "sedimentation_mean": 9.87, "sedimentation_median": 9.87, "depth_group": "10m", "source_zone_tif": "25_10m_2025_highest_noCheck4factor_zone.tif", "source_csv": "25_10m_2025_highest_noCheck4factor_ringkasan.csv" }, "geometry": { "type": "Polygon", "coordinates": [ [ [ 137.818029032945475, -5.6565073065891 ], [ 137.818022115265506, -5.657771841409762 ], [ 137.817661458032518, -5.657769861094803 ], [ 137.817659481040778, -5.658131156618948 ], [ 137.811347996337759, -5.658096462694922 ], [ 137.811343043534208, -5.658999695909505 ], [ 137.812244683192461, -5.659004657172511 ], [ 137.812242702404006, -5.659365950768011 ], [ 137.812783686919232, -5.659368927046299 ], [ 137.812775763819729, -5.660814102141276 ], [ 137.812956092502162, -5.660815094377149 ], [ 137.812966985620193, -5.658827978249692 ], [ 137.816573553734912, -5.658847804220137 ], [ 137.816575531652717, -5.658486509088193 ], [ 137.819100135407467, -5.65850037307444 ], [ 137.819101123537195, -5.658319725061141 ], [ 137.81874046558471, -5.658317745225949 ], [ 137.818742441971182, -5.657956449322677 ], [ 137.81820145561764, -5.657953479341576 ], [ 137.818209361219658, -5.656508296440085 ], [ 137.818029032945475, -5.6565073065891 ] ] ] } },
{ "type": "Feature", "properties": { "zone_id": 19, "scenario": "noCheck4factor", "pixel_count": 331, "area_m2": 132400, "area_ha": 13.24, "input_file": "factor_suitability_2025_Depth_10m_2025_highest.tif", "salinity_min": 33.007, "salinity_max": 33.007, "salinity_mean": 33.007, "salinity_median": 33.007, "depth_min": 6.097, "depth_max": 8.618, "depth_mean": 7.227, "depth_median": 7.132, "temperature_min": 28.916, "temperature_max": 28.916, "temperature_mean": 28.916, "temperature_median": 28.916, "sedimentation_min": 15.69, "sedimentation_max": 15.69, "sedimentation_mean": 15.69, "sedimentation_median": 15.69, "depth_group": "10m", "source_zone_tif": "25_10m_2025_highest_noCheck4factor_zone.tif", "source_csv": "25_10m_2025_highest_noCheck4factor_ringkasan.csv" }, "geometry": { "type": "Polygon", "coordinates": [ [ [ 137.864879864459368, -5.696688723511012 ], [ 137.864878883889361, -5.696869379302083 ], [ 137.864698534910957, -5.696868397020014 ], [ 137.864693631305784, -5.697771675799147 ], [ 137.864152583717413, -5.69776872814499 ], [ 137.864147678479128, -5.698672006421392 ], [ 137.863606630332299, -5.698669057790278 ], [ 137.863599760490558, -5.699933646664199 ], [ 137.862698012244408, -5.699928730055311 ], [ 137.862696048585747, -5.700290040836813 ], [ 137.862515698918941, -5.700289057283366 ], [ 137.862510788937698, -5.701192334057536 ], [ 137.862330439021434, -5.701191350290917 ], [ 137.862328474695062, -5.701552660928745 ], [ 137.866656884110654, -5.70157625728721 ], [ 137.86666276861385, -5.700492320843622 ], [ 137.865941367129722, -5.700488391122287 ], [ 137.865952154905216, -5.698501175566237 ], [ 137.865771805231503, -5.698500193339821 ], [ 137.865772785804978, -5.698319537403724 ], [ 137.865051387650823, -5.698315608060453 ], [ 137.865060213413187, -5.696689705705454 ], [ 137.864879864459368, -5.696688723511012 ] ] ] } },
{ "type": "Feature", "properties": { "zone_id": 20, "scenario": "noCheck4factor", "pixel_count": 841, "area_m2": 336400, "area_ha": 33.64, "input_file": "factor_suitability_2025_Depth_10m_2025_highest.tif", "salinity_min": 33.007, "salinity_max": 33.007, "salinity_mean": 33.007, "salinity_median": 33.007, "depth_min": 5.935, "depth_max": 9.132, "depth_mean": 7.502, "depth_median": 7.614, "temperature_min": 28.916, "temperature_max": 28.916, "temperature_mean": 28.916, "temperature_median": 28.916, "sedimentation_min": 11.921, "sedimentation_max": 15.69, "sedimentation_mean": 14.077, "sedimentation_median": 15.69, "depth_group": "10m", "source_zone_tif": "25_10m_2025_highest_noCheck4factor_zone.tif", "source_csv": "25_10m_2025_highest_noCheck4factor_ringkasan.csv" }, "geometry": { "type": "Polygon", "coordinates": [ [ [ 137.851855413601243, -5.703843997777762 ], [ 137.851854427716717, -5.704024651255199 ], [ 137.848427803159808, -5.704005877348283 ], [ 137.848389287198586, -5.711051338615718 ], [ 137.853078412345752, -5.711077056026201 ], [ 137.853088278198953, -5.709270519498025 ], [ 137.852006173869796, -5.709264589984326 ], [ 137.8520357625234, -5.703844985283164 ], [ 137.851855413601243, -5.703843997777762 ] ] ] } },
{ "type": "Feature", "properties": { "zone_id": 21, "scenario": "noCheck4factor", "pixel_count": 3932, "area_m2": 1572800, "area_ha": 157.28, "input_file": "factor_suitability_2025_Depth_10m_2025_highest.tif", "salinity_min": 33.007, "salinity_max": 33.009, "salinity_mean": 33.007, "salinity_median": 33.007, "depth_min": 3.047, "depth_max": 9.205, "depth_mean": 7.155, "depth_median": 7.133, "temperature_min": 28.694, "temperature_max": 28.916, "temperature_mean": 28.912, "temperature_median": 28.916, "sedimentation_min": 11.921, "sedimentation_max": 14.461, "sedimentation_mean": 11.968, "sedimentation_median": 11.921, "depth_group": "10m", "source_zone_tif": "25_10m_2025_highest_noCheck4factor_zone.tif", "source_csv": "25_10m_2025_highest_noCheck4factor_ringkasan.csv" }, "geometry": { "type": "Polygon", "coordinates": [ [ [ 137.871848856408917, -5.708650347413107 ], [ 137.871827278996392, -5.712624799495732 ], [ 137.87056479392632, -5.712617918652329 ], [ 137.870549085362654, -5.715508425358485 ], [ 137.862252751915207, -5.715463116529453 ], [ 137.862251767268702, -5.715643771746231 ], [ 137.86243212168884, -5.715644758022624 ], [ 137.862362134928901, -5.728471277309003 ], [ 137.861099626604187, -5.728464356593115 ], [ 137.861098639340753, -5.728645011527705 ], [ 137.864345093467506, -5.728662802616101 ], [ 137.864333256044034, -5.730830668505222 ], [ 137.864513615585253, -5.730831656737592 ], [ 137.864558965051884, -5.722521501699777 ], [ 137.874298286877149, -5.722574704411664 ], [ 137.874275690632572, -5.726729821153937 ], [ 137.876800733189697, -5.726743597597653 ], [ 137.876802697160855, -5.726382282250927 ], [ 137.87716341780424, -5.726384249284124 ], [ 137.877164399629635, -5.726203591546351 ], [ 137.876984039348656, -5.726202608089266 ], [ 137.876986984805342, -5.7256606349618 ], [ 137.874642306221943, -5.725647846089747 ], [ 137.874733542986235, -5.708846711092324 ], [ 137.876356734240233, -5.708855539795551 ], [ 137.876357713292947, -5.708674882087664 ], [ 137.871848856408917, -5.708650347413107 ] ] ] } },
{ "type": "Feature", "properties": { "zone_id": 22, "scenario": "noCheck4factor", "pixel_count": 4728, "area_m2": 1891200, "area_ha": 189.12, "input_file": "factor_suitability_2025_Depth_10m_2025_highest.tif", "salinity_min": 33.007, "salinity_max": 33.007, "salinity_mean": 33.007, "salinity_median": 33.007, "depth_min": 5.484, "depth_max": 9.569, "depth_mean": 7.608, "depth_median": 7.594, "temperature_min": 28.916, "temperature_max": 28.916, "temperature_mean": 28.916, "temperature_median": 28.916, "sedimentation_min": 8.562, "sedimentation_max": 11.921, "sedimentation_mean": 11.886, "sedimentation_median": 11.921, "depth_group": "10m", "source_zone_tif": "25_10m_2025_highest_noCheck4factor_zone.tif", "source_csv": "25_10m_2025_highest_noCheck4factor_ringkasan.csv" }, "geometry": { "type": "Polygon", "coordinates": [ [ [ 137.84224055003321, -5.714088730259261 ], [ 137.842239559352805, -5.714269381991614 ], [ 137.84187885844247, -5.71426739717651 ], [ 137.841873903999328, -5.715170655502955 ], [ 137.837184796434002, -5.715144828251484 ], [ 137.837183803984459, -5.715325479091258 ], [ 137.839167655176226, -5.715336411010777 ], [ 137.839036453914275, -5.739182356291646 ], [ 137.831641813413853, -5.739141404079582 ], [ 137.831640815024713, -5.7393220537958 ], [ 137.831821171528219, -5.739323053795805 ], [ 137.831816179386294, -5.74022630251562 ], [ 137.835784036769553, -5.740248291654114 ], [ 137.835761091285292, -5.744403251362123 ], [ 137.836302167851272, -5.744406249937458 ], [ 137.836300172133974, -5.744767550938657 ], [ 137.836480531166416, -5.744768550413541 ], [ 137.836487515222046, -5.743503996664955 ], [ 137.836848232589517, -5.743505995001651 ], [ 137.836863191460338, -5.740796235803651 ], [ 137.845881124602272, -5.740846096773094 ], [ 137.845884107022812, -5.740304140160644 ], [ 137.844441233729583, -5.740296172690348 ], [ 137.844492907069366, -5.730902269324734 ], [ 137.846657182474587, -5.730914199487506 ], [ 137.846662143139838, -5.730010937469576 ], [ 137.847563924497308, -5.730015905176463 ], [ 137.847565907975707, -5.729654600044885 ], [ 137.847024839404924, -5.729651619779712 ], [ 137.847025831265967, -5.729470967306533 ], [ 137.844140137959442, -5.72945506446003 ], [ 137.8442244066961, -5.714099642359057 ], [ 137.84224055003321, -5.714088730259261 ] ] ] } },
{ "type": "Feature", "properties": { "zone_id": 23, "scenario": "noCheck4factor", "pixel_count": 219, "area_m2": 87600, "area_ha": 8.76, "input_file": "factor_suitability_2025_Depth_10m_2025_highest.tif", "salinity_min": 32.989, "salinity_max": 33.009, "salinity_mean": 33.007, "salinity_median": 33.009, "depth_min": 5.913, "depth_max": 8.391, "depth_mean": 7.512, "depth_median": 7.626, "temperature_min": 28.694, "temperature_max": 28.786, "temperature_mean": 28.701, "temperature_median": 28.694, "sedimentation_min": 12.146, "sedimentation_max": 14.461, "sedimentation_mean": 14.292, "sedimentation_median": 14.461, "depth_group": "10m", "source_zone_tif": "25_10m_2025_highest_noCheck4factor_zone.tif", "source_csv": "25_10m_2025_highest_noCheck4factor_ringkasan.csv" }, "geometry": { "type": "Polygon", "coordinates": [ [ [ 137.876680692722317, -5.748783823874419 ], [ 137.8766767490321, -5.749506453914762 ], [ 137.880825210657548, -5.749529153015389 ], [ 137.8808173322019, -5.750974418776118 ], [ 137.881178069689753, -5.750976391689796 ], [ 137.88117708485467, -5.751157049966376 ], [ 137.88135745370252, -5.751158036369167 ], [ 137.881365331048443, -5.749712769870396 ], [ 137.884611967517458, -5.749730510915382 ], [ 137.884616884732395, -5.748827216505922 ], [ 137.876680692722317, -5.748783823874419 ] ] ] } },
{ "type": "Feature", "properties": { "zone_id": 24, "scenario": "noCheck4factor", "pixel_count": 259, "area_m2": 103600, "area_ha": 10.36, "input_file": "factor_suitability_2025_Depth_10m_2025_highest.tif", "salinity_min": 32.949, "salinity_max": 32.949, "salinity_mean": 32.949, "salinity_median": 32.949, "depth_min": 4.563, "depth_max": 8.553, "depth_mean": 6.848, "depth_median": 6.939, "temperature_min": 28.837, "temperature_max": 28.837, "temperature_mean": 28.837, "temperature_median": 28.837, "sedimentation_min": 15.662, "sedimentation_max": 15.662, "sedimentation_mean": 15.662, "sedimentation_median": 15.662, "depth_group": "10m", "source_zone_tif": "25_10m_2025_highest_noCheck4factor_zone.tif", "source_csv": "25_10m_2025_highest_noCheck4factor_ringkasan.csv" }, "geometry": { "type": "Polygon", "coordinates": [ [ [ 138.01107555224317, -5.917359986434288 ], [ 138.011064865717174, -5.919347457672911 ], [ 138.00511021164445, -5.919315319055081 ], [ 138.005109238032219, -5.919495997262876 ], [ 138.011063894033697, -5.919528136868427 ], [ 138.010988983759319, -5.93344043091761 ], [ 138.00846269896013, -5.933426771469541 ], [ 138.008457824366729, -5.934330164819284 ], [ 138.00881872241871, -5.93433211717225 ], [ 138.008820672112307, -5.933970759716656 ], [ 138.011346960217907, -5.933984418778392 ], [ 138.011349882070903, -5.93344238132869 ], [ 138.011710780503222, -5.933444331505107 ], [ 138.011721490351249, -5.931456860095605 ], [ 138.012262836292962, -5.93145978393378 ], [ 138.012264782794318, -5.931098425298971 ], [ 138.011182091885303, -5.931092577453553 ], [ 138.011235592685011, -5.921155222769678 ], [ 138.018453423849138, -5.921194102827512 ], [ 138.018454393407183, -5.921013422419547 ], [ 138.011236564581679, -5.92097454355626 ], [ 138.011255996176629, -5.917360959007977 ], [ 138.01107555224317, -5.917359986434288 ] ] ] } },
{ "type": "Feature", "properties": { "zone_id": 25, "scenario": "noCheck4factor", "pixel_count": 84, "area_m2": 33600, "area_ha": 3.36, "input_file": "factor_suitability_2025_Depth_10m_2025_highest.tif", "salinity_min": 32.96, "salinity_max": 32.96, "salinity_mean": 32.96, "salinity_median": 32.96, "depth_min": 6.34, "depth_max": 8.54, "depth_mean": 7.412, "depth_median": 7.382, "temperature_min": 28.947, "temperature_max": 28.947, "temperature_mean": 28.947, "temperature_median": 28.947, "sedimentation_min": 9.79, "sedimentation_max": 9.79, "sedimentation_mean": 9.79, "sedimentation_median": 9.79, "depth_group": "10m", "source_zone_tif": "25_10m_2025_highest_noCheck4factor_zone.tif", "source_csv": "25_10m_2025_highest_noCheck4factor_ringkasan.csv" }, "geometry": { "type": "Polygon", "coordinates": [ [ [ 137.94229383213974, -5.923308547067935 ], [ 137.942284878820004, -5.924934555783683 ], [ 137.940119662743484, -5.924922596737404 ], [ 137.940116675642088, -5.92546459851699 ], [ 137.943003634206605, -5.925480543506443 ], [ 137.943015569714845, -5.923312530441587 ], [ 137.94229383213974, -5.923308547067935 ] ] ] } },
{ "type": "Feature", "properties": { "zone_id": 26, "scenario": "noCheck4factor", "pixel_count": 22922, "area_m2": 9168800, "area_ha": 916.88, "input_file": "factor_suitability_2025_Depth_10m_2025_highest.tif", "salinity_min": 32.96, "salinity_max": 32.96, "salinity_mean": 32.96, "salinity_median": 32.96, "depth_min": 4.062, "depth_max": 9.196, "depth_mean": 7.743, "depth_median": 7.899, "temperature_min": 28.947, "temperature_max": 28.947, "temperature_mean": 28.947, "temperature_median": 28.947, "sedimentation_min": 7.836, "sedimentation_max": 11.896, "sedimentation_mean": 9.094, "sedimentation_median": 9.79, "depth_group": "10m", "source_zone_tif": "25_10m_2025_highest_noCheck4factor_zone.tif", "source_csv": "25_10m_2025_highest_noCheck4factor_ringkasan.csv" }, "geometry": { "type": "Polygon", "coordinates": [ [ [ 137.910498652225868, -5.930178177189849 ], [ 137.910463416766504, -5.936501352578895 ], [ 137.903246113712498, -5.936460963583747 ], [ 137.903245104079588, -5.936641624475851 ], [ 137.901982080776037, -5.936634546533162 ], [ 137.901979050459062, -5.937176528550746 ], [ 137.901618186587996, -5.937174505567397 ], [ 137.901611113932802, -5.938439129794022 ], [ 137.901069817130093, -5.938436094228001 ], [ 137.901066784995237, -5.93897807574022 ], [ 137.900886352614407, -5.938977063674499 ], [ 137.900880287147999, -5.940061026476526 ], [ 137.900699854446685, -5.9400600141661 ], [ 137.900696821115076, -5.940601995455897 ], [ 137.898531629030515, -5.940589842035162 ], [ 137.898524545235261, -5.941854462392366 ], [ 137.896900650437033, -5.941845339823495 ], [ 137.896892548568445, -5.943290617916434 ], [ 137.895629517751075, -5.943283517557922 ], [ 137.895628504465833, -5.943464177096139 ], [ 137.89526763868281, -5.943462147831524 ], [ 137.89526257119968, -5.944365445191799 ], [ 137.895082138061866, -5.944364430316094 ], [ 137.895078083276246, -5.945087068055772 ], [ 137.89291288525223, -5.945074883473587 ], [ 137.892911870773247, -5.945255542532301 ], [ 137.892731437749802, -5.945254526737457 ], [ 137.892721290647359, -5.947061116939447 ], [ 137.892540857068383, -5.947060100775022 ], [ 137.892534766948415, -5.948144054644845 ], [ 137.892173899180165, -5.948142021766638 ], [ 137.892171868654259, -5.94850333958809 ], [ 137.891991434699804, -5.948502322998629 ], [ 137.891986357542152, -5.949405617373157 ], [ 137.887836378503749, -5.949382216012117 ], [ 137.887833327780442, -5.949924190474008 ], [ 137.887652894110033, -5.94992317222456 ], [ 137.887641705058257, -5.95191041147154 ], [ 137.886378665722845, -5.951903279681231 ], [ 137.886377647936484, -5.952083937568501 ], [ 137.887099384745937, -5.95208801335475 ], [ 137.887096331903194, -5.95262998738214 ], [ 137.887457200849042, -5.952632025109139 ], [ 137.887456183289459, -5.952812683177834 ], [ 137.888899660800234, -5.952820831981666 ], [ 137.888892540293483, -5.95408544016779 ], [ 137.8890729755351, -5.954086458721362 ], [ 137.889245272141295, -5.955532744131204 ], [ 137.889606143722034, -5.955534781441971 ], [ 137.88960512636487, -5.9557154398625 ], [ 137.889965998188842, -5.955717477000054 ], [ 137.889964980917824, -5.95589813548145 ], [ 137.890145416935724, -5.955899153993045 ], [ 137.890323818583937, -5.956261489528945 ], [ 137.890684691011927, -5.956263526382238 ], [ 137.890685708110567, -5.956082867779124 ], [ 137.890866144312866, -5.956083886086369 ], [ 137.890874279501332, -5.954638616963901 ], [ 137.893219946874638, -5.954651846368113 ], [ 137.893224010659111, -5.953929210157764 ], [ 137.899539287089567, -5.953964774002937 ], [ 137.899562596814377, -5.949809590381632 ], [ 137.899923468210119, -5.949811618997521 ], [ 137.899931571118117, -5.948366337074142 ], [ 137.905164206798645, -5.948395718383471 ], [ 137.905165217818535, -5.948215057238427 ], [ 137.905526090096799, -5.948217081651193 ], [ 137.905528111807939, -5.947855759233229 ], [ 137.909858586075416, -5.947880032359134 ], [ 137.909878768138697, -5.944266793034815 ], [ 137.921968025210418, -5.944334334956001 ], [ 137.921947921799273, -5.947947615620471 ], [ 137.922308799640263, -5.94794962897478 ], [ 137.922303772431775, -5.948852949364514 ], [ 137.922484211692478, -5.948853956107415 ], [ 137.922494264745268, -5.94704731498637 ], [ 137.922855142185625, -5.947049327680098 ], [ 137.922859162066828, -5.946326670947657 ], [ 137.937655224731628, -5.94640897886904 ], [ 137.937647222984907, -5.947854312456807 ], [ 137.93891031444133, -5.947861322148756 ], [ 137.938905314399705, -5.948764656669323 ], [ 137.940529293997855, -5.948773666274888 ], [ 137.940539288023501, -5.946966994444853 ], [ 137.947215653149129, -5.94700397258097 ], [ 137.947228612528789, -5.944655284295465 ], [ 137.956792087533358, -5.944708091761476 ], [ 137.956787119327061, -5.945611441516801 ], [ 137.957328451565672, -5.94561442613899 ], [ 137.957319508443106, -5.947240456435783 ], [ 137.962552416324485, -5.947269288449311 ], [ 137.962601983766916, -5.938235741325988 ], [ 137.966752171926345, -5.938258538017616 ], [ 137.966753161144538, -5.938077866342526 ], [ 137.963866072950452, -5.938062011547554 ], [ 137.96387597282606, -5.936255299580172 ], [ 137.96369553066063, -5.936254308460255 ], [ 137.963694540752442, -5.936434979632659 ], [ 137.963333656396429, -5.936432997156025 ], [ 137.963329695988136, -5.93715568158921 ], [ 137.960623063712347, -5.937140803708669 ], [ 137.960594310567899, -5.942380251986703 ], [ 137.948504656872473, -5.942313577036232 ], [ 137.94850565272057, -5.942132908465952 ], [ 137.948144769776746, -5.942130914176821 ], [ 137.948148753330116, -5.941408240126479 ], [ 137.947968312139068, -5.941407243015928 ], [ 137.948013095771813, -5.933277159841915 ], [ 137.945486959261501, -5.933263213369746 ], [ 137.945463062736735, -5.937599247805271 ], [ 137.936260687753844, -5.937548308132476 ], [ 137.936262685788137, -5.937186975080453 ], [ 137.934999621808231, -5.937179971875548 ], [ 137.935009614225379, -5.935373308680532 ], [ 137.933205245602494, -5.935363302180676 ], [ 137.933231226629005, -5.930665985218446 ], [ 137.931968181094959, -5.930658982762306 ], [ 137.931964183737335, -5.931381646110325 ], [ 137.929257659193098, -5.931366629332554 ], [ 137.92925365782645, -5.932089290816851 ], [ 137.928531918189265, -5.932085283623407 ], [ 137.928530917535852, -5.932265948868239 ], [ 137.917885312139902, -5.932206731979154 ], [ 137.917891336322725, -5.931122751385209 ], [ 137.914102256040394, -5.931101628822134 ], [ 137.914103261191343, -5.930920966032934 ], [ 137.910855490083321, -5.930902840958726 ], [ 137.910859514590328, -5.930180192012141 ], [ 137.910498652225868, -5.930178177189849 ] ] ] } },
{ "type": "Feature", "properties": { "zone_id": 27, "scenario": "noCheck4factor", "pixel_count": 6246, "area_m2": 2498400, "area_ha": 249.84, "input_file": "factor_suitability_2025_Depth_10m_2025_highest.tif", "salinity_min": 32.949, "salinity_max": 32.96, "salinity_mean": 32.95, "salinity_median": 32.949, "depth_min": 4.321, "depth_max": 8.659, "depth_mean": 7.211, "depth_median": 7.337, "temperature_min": 28.837, "temperature_max": 28.947, "temperature_mean": 28.855, "temperature_median": 28.837, "sedimentation_min": 8.218, "sedimentation_max": 15.662, "sedimentation_mean": 13.135, "sedimentation_median": 15.662, "depth_group": "10m", "source_zone_tif": "25_10m_2025_highest_noCheck4factor_zone.tif", "source_csv": "25_10m_2025_highest_noCheck4factor_ringkasan.csv" }, "geometry": { "type": "Polygon", "coordinates": [ [ [ 138.008234443813251, -5.942279047274467 ], [ 138.008228584975342, -5.943363118717412 ], [ 138.004980455714104, -5.943345508971595 ], [ 138.004979478078951, -5.943526187001693 ], [ 138.004799026681951, -5.943525208094266 ], [ 138.004753040945843, -5.952017072589602 ], [ 138.001504871287608, -5.951999416842901 ], [ 138.001503891083615, -5.95218009423905 ], [ 137.999699356036416, -5.952170276952041 ], [ 137.999698375214393, -5.952350954046777 ], [ 137.999157015114804, -5.95234800762305 ], [ 137.999156034086155, -5.952528684626387 ], [ 137.998072332941064, -5.952703466831626 ], [ 137.998064480556394, -5.954148881358007 ], [ 137.997703573162994, -5.954146915474371 ], [ 137.997700627665637, -5.954688945719417 ], [ 137.996978812537208, -5.95468501288524 ], [ 137.996975866061263, -5.95522704275773 ], [ 137.99300588765243, -5.955205393347703 ], [ 137.992999002423403, -5.956470125040122 ], [ 137.999134443787057, -5.956503578360385 ], [ 137.99907155222283, -5.96806690189103 ], [ 137.995281931638544, -5.968046207209139 ], [ 137.995278976836858, -5.968588235971908 ], [ 137.995459434833322, -5.968589222113201 ], [ 137.995458449897654, -5.968769898394828 ], [ 137.996541198867419, -5.968775814183652 ], [ 137.996535290738109, -5.969859872927092 ], [ 137.996896208011464, -5.969861844745149 ], [ 137.996895223334974, -5.970042521257772 ], [ 137.997977976236825, -5.970048435475573 ], [ 137.997976991883718, -5.970229112167089 ], [ 138.001225258199526, -5.970246842610899 ], [ 138.001217390773604, -5.971692260417198 ], [ 138.002300151224176, -5.971698167754831 ], [ 138.002298184772457, -5.972059522552911 ], [ 138.002839565760439, -5.972062475604558 ], [ 138.0028356332013, -5.972785185544435 ], [ 138.003016093827114, -5.972786169896827 ], [ 138.003052449333381, -5.966101101022426 ], [ 138.003232907808354, -5.966102084206398 ], [ 138.003235853558834, -5.965560051424346 ], [ 138.010093291306987, -5.965597365289949 ], [ 138.010094270924668, -5.965416686555244 ], [ 138.009733352178074, -5.965414724850864 ], [ 138.009736291203353, -5.964872688818179 ], [ 138.00720986583525, -5.964858951538414 ], [ 138.00721770850339, -5.963413525410904 ], [ 138.005593585278916, -5.963404690354698 ], [ 138.005648459435349, -5.953286720151131 ], [ 138.008174828268835, -5.953300438031445 ], [ 138.008177762809964, -5.952758402537007 ], [ 138.012689146047251, -5.952782867813055 ], [ 138.012691099317834, -5.952421509314602 ], [ 138.013052010556805, -5.952423464827977 ], [ 138.013052987029255, -5.952242785516972 ], [ 138.013955265360721, -5.952247673121059 ], [ 138.013959169773386, -5.951524955266067 ], [ 138.015222359058498, -5.951531794603651 ], [ 138.015228212304436, -5.950447716526535 ], [ 138.015589123094912, -5.950449669735055 ], [ 138.015590098412872, -5.950268989991129 ], [ 138.015229187739891, -5.950267036842328 ], [ 138.015237965302418, -5.948640919624204 ], [ 138.014877055807574, -5.9486389667776 ], [ 138.014879981471523, -5.948096927859969 ], [ 138.012714529150259, -5.948085206915191 ], [ 138.012716480851793, -5.947723848347086 ], [ 138.01199466484664, -5.947719939722636 ], [ 138.011995640887079, -5.947539260556132 ], [ 138.011634733183058, -5.94753730595085 ], [ 138.011642541359521, -5.946091873048956 ], [ 138.008394385914414, -5.946074275323864 ], [ 138.00841489537396, -5.942280024855849 ], [ 138.008234443813251, -5.942279047274467 ] ] ] } },
{ "type": "Feature", "properties": { "zone_id": 28, "scenario": "noCheck4factor", "pixel_count": 853, "area_m2": 341200, "area_ha": 34.12, "input_file": "factor_suitability_2025_Depth_10m_2025_highest.tif", "salinity_min": 32.96, "salinity_max": 32.96, "salinity_mean": 32.96, "salinity_median": 32.96, "depth_min": 4.653, "depth_max": 8.499, "depth_mean": 7.023, "depth_median": 7.105, "temperature_min": 28.947, "temperature_max": 28.947, "temperature_mean": 28.947, "temperature_median": 28.947, "sedimentation_min": 8.218, "sedimentation_max": 11.896, "sedimentation_mean": 9.706, "sedimentation_median": 8.218, "depth_group": "10m", "source_zone_tif": "25_10m_2025_highest_noCheck4factor_zone.tif", "source_csv": "25_10m_2025_highest_noCheck4factor_ringkasan.csv" }, "geometry": { "type": "Polygon", "coordinates": [ [ [ 137.98162752096178, -5.956949980217384 ], [ 137.981620607663899, -5.958214698524094 ], [ 137.982883774600367, -5.958221619621244 ], [ 137.982876862691569, -5.9594863393414 ], [ 137.983237768628641, -5.959488316690128 ], [ 137.983235793758638, -5.959849665290229 ], [ 137.983416246890584, -5.959850653936573 ], [ 137.983415259468728, -5.960031328264786 ], [ 137.987024329680821, -5.960051089421101 ], [ 137.987011505728134, -5.962399863407344 ], [ 137.989537872834177, -5.962413687676307 ], [ 137.989567434094084, -5.956993427018248 ], [ 137.98162752096178, -5.956949980217384 ] ] ] } },
{ "type": "Feature", "properties": { "zone_id": 29, "scenario": "noCheck4factor", "pixel_count": 350, "area_m2": 140000, "area_ha": 14.0, "input_file": "factor_suitability_2025_Depth_10m_2025_highest.tif", "salinity_min": 32.96, "salinity_max": 32.96, "salinity_mean": 32.96, "salinity_median": 32.96, "depth_min": 6.283, "depth_max": 8.659, "depth_mean": 7.775, "depth_median": 7.861, "temperature_min": 28.947, "temperature_max": 28.947, "temperature_mean": 28.947, "temperature_median": 28.947, "sedimentation_min": 6.637, "sedimentation_max": 6.637, "sedimentation_mean": 6.637, "sedimentation_median": 6.637, "depth_group": "10m", "source_zone_tif": "25_10m_2025_highest_noCheck4factor_zone.tif", "source_csv": "25_10m_2025_highest_noCheck4factor_ringkasan.csv" }, "geometry": { "type": "Polygon", "coordinates": [ [ [ 137.879585124294039, -5.972641050678956 ], [ 137.879581029767508, -5.97336367698148 ], [ 137.881385430538586, -5.973373923267849 ], [ 137.881368033200886, -5.97644509011591 ], [ 137.881909357054411, -5.976448164441528 ], [ 137.881908333575069, -5.976628821396292 ], [ 137.882088774981582, -5.97662984608456 ], [ 137.882090821790769, -5.97626853211129 ], [ 137.88407567804262, -5.976279799097818 ], [ 137.884088970797592, -5.9739312536804 ], [ 137.884991175610224, -5.973936370649621 ], [ 137.884992197614679, -5.973755713144484 ], [ 137.884089993096893, -5.973750596331085 ], [ 137.884096126231725, -5.972666652206686 ], [ 137.879585124294039, -5.972641050678956 ] ] ] } },
{ "type": "Feature", "properties": { "zone_id": 30, "scenario": "noCheck4factor", "pixel_count": 52, "area_m2": 20800, "area_ha": 2.08, "input_file": "factor_suitability_2025_Depth_10m_2025_highest.tif", "salinity_min": 32.915, "salinity_max": 32.915, "salinity_mean": 32.915, "salinity_median": 32.915, "depth_min": 4.716, "depth_max": 6.993, "depth_mean": 5.853, "depth_median": 5.81, "temperature_min": 28.963, "temperature_max": 28.963, "temperature_mean": 28.963, "temperature_median": 28.963, "sedimentation_min": 12.008, "sedimentation_max": 12.008, "sedimentation_mean": 12.008, "sedimentation_median": 12.008, "depth_group": "10m", "source_zone_tif": "25_10m_2025_highest_noCheck4factor_zone.tif", "source_csv": "25_10m_2025_highest_noCheck4factor_ringkasan.csv" }, "geometry": { "type": "Polygon", "coordinates": [ [ [ 138.226370840516182, -6.095762710749644 ], [ 138.226368982852307, -6.096124135619269 ], [ 138.222397172501815, -6.096103666258355 ], [ 138.222395312073729, -6.096465089900158 ], [ 138.226367125076223, -6.096485560483496 ], [ 138.226363409187428, -6.097208410195749 ], [ 138.226543946705931, -6.097209340094009 ], [ 138.226551377552511, -6.095763640425813 ], [ 138.226370840516182, -6.095762710749644 ] ] ] } },
{ "type": "Feature", "properties": { "zone_id": 31, "scenario": "noCheck4factor", "pixel_count": 461, "area_m2": 184400, "area_ha": 18.44, "input_file": "factor_suitability_2025_Depth_10m_2025_highest.tif", "salinity_min": 32.89, "salinity_max": 32.89, "salinity_mean": 32.89, "salinity_median": 32.89, "depth_min": 5.469, "depth_max": 7.97, "depth_mean": 6.269, "depth_median": 6.297, "temperature_min": 29.093, "temperature_max": 29.093, "temperature_mean": 29.093, "temperature_median": 29.093, "sedimentation_min": 9.216, "sedimentation_max": 9.216, "sedimentation_mean": 9.216, "sedimentation_median": 9.216, "depth_group": "10m", "source_zone_tif": "25_10m_2025_highest_noCheck4factor_zone.tif", "source_csv": "25_10m_2025_highest_noCheck4factor_ringkasan.csv" }, "geometry": { "type": "Polygon", "coordinates": [ [ [ 138.240301813864903, -6.125291505556224 ], [ 138.240293454857891, -6.126917934883987 ], [ 138.243362802063245, -6.12693373190339 ], [ 138.243324735778771, -6.134343038917939 ], [ 138.243505288350974, -6.134343968739949 ], [ 138.243503430381139, -6.134705398347297 ], [ 138.243864535851827, -6.134707257919536 ], [ 138.243868251194669, -6.133984398478681 ], [ 138.245673777794451, -6.133993691593476 ], [ 138.245675634085472, -6.133632261313298 ], [ 138.244592318518954, -6.133626686503895 ], [ 138.244616449617354, -6.12892809667006 ], [ 138.244435898696821, -6.12892716803984 ], [ 138.24444053743531, -6.128023593104659 ], [ 138.244079436283926, -6.128021735938087 ], [ 138.244093350135358, -6.125311011756886 ], [ 138.240301813864903, -6.125291505556224 ] ] ] } },
{ "type": "Feature", "properties": { "zone_id": 32, "scenario": "noCheck4factor", "pixel_count": 457, "area_m2": 182800, "area_ha": 18.28, "input_file": "factor_suitability_2025_Depth_10m_2025_highest.tif", "salinity_min": 32.89, "salinity_max": 32.89, "salinity_mean": 32.89, "salinity_median": 32.89, "depth_min": 3.954, "depth_max": 8.702, "depth_mean": 6.509, "depth_median": 6.463, "temperature_min": 29.093, "temperature_max": 29.093, "temperature_mean": 29.093, "temperature_median": 29.093, "sedimentation_min": 9.216, "sedimentation_max": 9.216, "sedimentation_mean": 9.216, "sedimentation_median": 9.216, "depth_group": "10m", "source_zone_tif": "25_10m_2025_highest_noCheck4factor_zone.tif", "source_csv": "25_10m_2025_highest_noCheck4factor_ringkasan.csv" }, "geometry": { "type": "Polygon", "coordinates": [ [ [ 138.223767163282702, -6.145446388938635 ], [ 138.223765288606387, -6.145807812340632 ], [ 138.223043075146393, -6.145804059102169 ], [ 138.223042137523009, -6.145984770689947 ], [ 138.22268103084005, -6.145982893650161 ], [ 138.22267165184536, -6.147790008897091 ], [ 138.234950317252412, -6.147672997209149 ], [ 138.234951251116541, -6.147492283802863 ], [ 138.230256812215572, -6.147467961927122 ], [ 138.23026429476414, -6.146022260390017 ], [ 138.226111548864424, -6.146000715704439 ], [ 138.226112485454678, -6.145820003644354 ], [ 138.223945842041616, -6.145808750498182 ], [ 138.223947716596399, -6.145447327040607 ], [ 138.223767163282702, -6.145446388938635 ] ] ] } },
{ "type": "Feature", "properties": { "zone_id": 33, "scenario": "noCheck4factor", "pixel_count": 1396, "area_m2": 558400, "area_ha": 55.84, "input_file": "factor_suitability_2025_Depth_10m_2025_highest.tif", "salinity_min": 32.89, "salinity_max": 32.89, "salinity_mean": 32.89, "salinity_median": 32.89, "depth_min": 3.15, "depth_max": 9.249, "depth_mean": 6.57, "depth_median": 6.667, "temperature_min": 29.093, "temperature_max": 29.093, "temperature_mean": 29.093, "temperature_median": 29.093, "sedimentation_min": 7.234, "sedimentation_max": 9.216, "sedimentation_mean": 9.196, "sedimentation_median": 9.216, "depth_group": "10m", "source_zone_tif": "25_10m_2025_highest_noCheck4factor_zone.tif", "source_csv": "25_10m_2025_highest_noCheck4factor_ringkasan.csv" }, "geometry": { "type": "Polygon", "coordinates": [ [ [ 138.20786160947128, -6.148616364065648 ], [ 138.207857836581695, -6.14933920095579 ], [ 138.20839949318281, -6.149342032980307 ], [ 138.20835135852829, -6.158558205692675 ], [ 138.20799024789261, -6.158556314886635 ], [ 138.207989303219648, -6.158737024064133 ], [ 138.208892080325171, -6.158741750761828 ], [ 138.208870352055555, -6.162898064680943 ], [ 138.209412022861216, -6.162900901895817 ], [ 138.209414857282184, -6.162358773782859 ], [ 138.209595414091041, -6.162359719315364 ], [ 138.209606748502466, -6.160191206405405 ], [ 138.210328973095983, -6.160194986584928 ], [ 138.210362000049685, -6.153870152231287 ], [ 138.221736962649629, -6.153929499936634 ], [ 138.221728507814049, -6.155555901874274 ], [ 138.221909064224462, -6.155556842202661 ], [ 138.221925970523273, -6.152304037716394 ], [ 138.210912147812394, -6.152246596793208 ], [ 138.210930996103542, -6.148632403062908 ], [ 138.20786160947128, -6.148616364065648 ] ] ] } },
{ "type": "Feature", "properties": { "zone_id": 34, "scenario": "noCheck4factor", "pixel_count": 338, "area_m2": 135200, "area_ha": 13.52, "input_file": "factor_suitability_2025_Depth_10m_2025_highest.tif", "salinity_min": 32.89, "salinity_max": 32.89, "salinity_mean": 32.89, "salinity_median": 32.89, "depth_min": 4.789, "depth_max": 8.666, "depth_mean": 6.834, "depth_median": 7.055, "temperature_min": 29.093, "temperature_max": 29.093, "temperature_mean": 29.093, "temperature_median": 29.093, "sedimentation_min": 5.844, "sedimentation_max": 5.844, "sedimentation_mean": 5.844, "sedimentation_median": 5.844, "depth_group": "10m", "source_zone_tif": "25_10m_2025_highest_noCheck4factor_zone.tif", "source_csv": "25_10m_2025_highest_noCheck4factor_ringkasan.csv" }, "geometry": { "type": "Polygon", "coordinates": [ [ [ 138.202331462169383, -6.170273013538567 ], [ 138.202330513768572, -6.170453721759913 ], [ 138.200886047186998, -6.170446126191828 ], [ 138.200874658310511, -6.172614622051984 ], [ 138.205569200363954, -6.172639302093552 ], [ 138.205573938290598, -6.171735758536157 ], [ 138.205754497677162, -6.171736706803954 ], [ 138.205762076401214, -6.170291036817185 ], [ 138.202331462169383, -6.170273013538567 ] ] ] } },
{ "type": "Feature", "properties": { "zone_id": 35, "scenario": "noCheck4factor", "pixel_count": 33747, "area_m2": 13498800, "area_ha": 1349.88, "input_file": "factor_suitability_2025_Depth_10m_2025_highest.tif", "salinity_min": 32.89, "salinity_max": 32.89, "salinity_mean": 32.89, "salinity_median": 32.89, "depth_min": 3.97, "depth_max": 9.348, "depth_mean": 8.087, "depth_median": 8.261, "temperature_min": 29.093, "temperature_max": 29.093, "temperature_mean": 29.093, "temperature_median": 29.093, "sedimentation_min": 4.275, "sedimentation_max": 5.844, "sedimentation_mean": 5.197, "sedimentation_median": 5.212, "depth_group": "10m", "source_zone_tif": "25_10m_2025_highest_noCheck4factor_zone.tif", "source_csv": "25_10m_2025_highest_noCheck4factor_ringkasan.csv" }, "geometry": { "type": "Polygon", "coordinates": [ [ [ 138.190229351954486, -6.171112813529986 ], [ 138.190191224544066, -6.178341065823467 ], [ 138.188385633752546, -6.178331517458976 ], [ 138.188349347344825, -6.185198344413352 ], [ 138.182029720696477, -6.185164839512065 ], [ 138.182028763095531, -6.185345544471565 ], [ 138.181667642504863, -6.185343627584575 ], [ 138.181666684753083, -6.185524332486278 ], [ 138.167944182332377, -6.185451307204112 ], [ 138.167953805041918, -6.183644279618981 ], [ 138.167773247512713, -6.183643316686894 ], [ 138.167769398528236, -6.184366127624045 ], [ 138.16524159270557, -6.184352638561359 ], [ 138.165237739838034, -6.18507544788812 ], [ 138.164334952183594, -6.185070626891192 ], [ 138.16433302496614, -6.185432031262506 ], [ 138.16288856523289, -6.185424314030472 ], [ 138.162875064645533, -6.18795414129556 ], [ 138.158000003495232, -6.187928055972157 ], [ 138.157997104824091, -6.188470159477174 ], [ 138.153844287269891, -6.188447901473147 ], [ 138.15384331958137, -6.188628601983925 ], [ 138.150593297977906, -6.188611159566999 ], [ 138.150590391435173, -6.189153259551698 ], [ 138.150409834769704, -6.189152289861206 ], [ 138.150407896807963, -6.189513689787068 ], [ 138.150227340048929, -6.18951271997828 ], [ 138.150215709121653, -6.191681119075382 ], [ 138.148771250212036, -6.191673355660951 ], [ 138.148770280290876, -6.191854055348477 ], [ 138.148409165729532, -6.191852113825106 ], [ 138.14837422494, -6.198357299602391 ], [ 138.145124159393362, -6.198339796355759 ], [ 138.145092061057881, -6.204302864781084 ], [ 138.145272622032792, -6.204303838648068 ], [ 138.145270675790528, -6.204665236743257 ], [ 138.145451236917012, -6.204666210606 ], [ 138.145447344331131, -6.205389006894102 ], [ 138.146350151623949, -6.205393875858277 ], [ 138.146339448004341, -6.207381567107926 ], [ 138.146700572473662, -6.207383514892189 ], [ 138.146670392731465, -6.212985191103051 ], [ 138.149378858485591, -6.212999804928999 ], [ 138.149375939157039, -6.213541903841026 ], [ 138.150639893354509, -6.213548719491623 ], [ 138.150620433131763, -6.21716271591448 ], [ 138.153509496269379, -6.217178292353998 ], [ 138.153488098345747, -6.221153697815198 ], [ 138.154571507041823, -6.221159538680213 ], [ 138.154570534446691, -6.221340239083471 ], [ 138.155292807732906, -6.221344131876148 ], [ 138.155286973033697, -6.222428334950178 ], [ 138.158898353756285, -6.222447787553124 ], [ 138.158883780935838, -6.22515830355807 ], [ 138.161772908567883, -6.225173854728994 ], [ 138.161755430374853, -6.228426481710809 ], [ 138.16193600220447, -6.228427453646782 ], [ 138.161935030982391, -6.228608155161027 ], [ 138.165727047332012, -6.22862855217452 ], [ 138.165725107388624, -6.228989956391353 ], [ 138.166808543695282, -6.228995779457122 ], [ 138.166790115533274, -6.232429122474716 ], [ 138.166970689522117, -6.232430093308813 ], [ 138.166985238007271, -6.229719558963674 ], [ 138.173305313322544, -6.229753484426361 ], [ 138.173306280835959, -6.229572781134054 ], [ 138.170417100180345, -6.229557282175175 ], [ 138.17046645565182, -6.220341435535572 ], [ 138.172272161308229, -6.22035110979233 ], [ 138.172273127702738, -6.220170406597904 ], [ 138.16396690824169, -6.220125855351179 ], [ 138.163971753930866, -6.219222345878729 ], [ 138.162527202680621, -6.219214585675846 ], [ 138.162531080683067, -6.218491778981733 ], [ 138.161989375176006, -6.218488868231051 ], [ 138.162038788826351, -6.209273085288545 ], [ 138.164566706199025, -6.209286643777336 ], [ 138.16456767348771, -6.209105941717525 ], [ 138.156983940843588, -6.209065231314836 ], [ 138.157038207488796, -6.198945980611082 ], [ 138.166607982125356, -6.198997251024267 ], [ 138.166565494674188, -6.206948157483968 ], [ 138.175774359432353, -6.206997394025366 ], [ 138.175820556483416, -6.198323608432255 ], [ 138.184487649923, -6.198369737718606 ], [ 138.184511611281778, -6.193852105924477 ], [ 138.193720391874905, -6.193900927556061 ], [ 138.193735667831419, -6.191009619795412 ], [ 138.198791472936023, -6.191036343457553 ], [ 138.198818140387544, -6.18597653202554 ], [ 138.200984900248216, -6.185987960899967 ], [ 138.200995362592835, -6.184000173842931 ], [ 138.204245497921221, -6.184017295079892 ], [ 138.204248347391029, -6.183475169796061 ], [ 138.199553715187221, -6.183450434940267 ], [ 138.19960219823264, -6.17423434036969 ], [ 138.19039371119473, -6.174185774875927 ], [ 138.190409908747824, -6.171113766905101 ], [ 138.190229351954486, -6.171112813529986 ] ] ] } },
{ "type": "Feature", "properties": { "zone_id": 36, "scenario": "noCheck4factor", "pixel_count": 824, "area_m2": 329600, "area_ha": 32.96, "input_file": "factor_suitability_2025_Depth_10m_2025_highest.tif", "salinity_min": 32.89, "salinity_max": 32.89, "salinity_mean": 32.89, "salinity_median": 32.89, "depth_min": 5.4, "depth_max": 8.576, "depth_mean": 7.044, "depth_median": 7.015, "temperature_min": 29.093, "temperature_max": 29.093, "temperature_mean": 29.093, "temperature_median": 29.093, "sedimentation_min": 7.435, "sedimentation_max": 7.435, "sedimentation_mean": 7.435, "sedimentation_median": 7.435, "depth_group": "10m", "source_zone_tif": "25_10m_2025_highest_noCheck4factor_zone.tif", "source_csv": "25_10m_2025_highest_noCheck4factor_ringkasan.csv" }, "geometry": { "type": "Polygon", "coordinates": [ [ [ 138.221748944391919, -6.18627775164503 ], [ 138.221742333804968, -6.187542729421756 ], [ 138.221561766592231, -6.187541784170588 ], [ 138.221526799764519, -6.194228093131303 ], [ 138.219901675727783, -6.194219573849771 ], [ 138.219900729592752, -6.194400284626297 ], [ 138.218456176316721, -6.194392707539953 ], [ 138.218455229663476, -6.194573418092396 ], [ 138.223330605839863, -6.194598975784013 ], [ 138.223329660812539, -6.194779687086273 ], [ 138.223510230755494, -6.194780632836872 ], [ 138.223531957864878, -6.190624271898623 ], [ 138.22894902695387, -6.190652596745024 ], [ 138.228950911891928, -6.190291172354371 ], [ 138.22931205048431, -6.190293058605746 ], [ 138.229312992788834, -6.190112346352883 ], [ 138.231118686820849, -6.190121773656225 ], [ 138.231119628485146, -6.189941061124708 ], [ 138.228952796717778, -6.189929747958235 ], [ 138.228954681431446, -6.189568323556622 ], [ 138.228593543440951, -6.189566437282108 ], [ 138.228595428287292, -6.189205012985986 ], [ 138.227873153132663, -6.189201239923785 ], [ 138.227875038356444, -6.188839815844168 ], [ 138.224263671767346, -6.188820936941744 ], [ 138.224265559327051, -6.188459513967442 ], [ 138.224084991414855, -6.188458569434718 ], [ 138.224085935213793, -6.188277857973302 ], [ 138.22390536739087, -6.188276913407118 ], [ 138.223907255026802, -6.187915490535755 ], [ 138.2237266873544, -6.187914545963904 ], [ 138.223731406258509, -6.187010988900483 ], [ 138.222828569847735, -6.187006265817491 ], [ 138.222831401770776, -6.186464131979962 ], [ 138.222109133882299, -6.186460352744978 ], [ 138.222110078045148, -6.186279641574285 ], [ 138.221748944391919, -6.18627775164503 ] ] ] } },
{ "type": "Feature", "properties": { "zone_id": 37, "scenario": "noCheck4factor", "pixel_count": 2488, "area_m2": 995200, "area_ha": 99.52, "input_file": "factor_suitability_2025_Depth_10m_2025_highest.tif", "salinity_min": 32.89, "salinity_max": 32.89, "salinity_mean": 32.89, "salinity_median": 32.89, "depth_min": 5.38, "depth_max": 9.314, "depth_mean": 8.15, "depth_median": 8.323, "temperature_min": 29.093, "temperature_max": 29.093, "temperature_mean": 29.093, "temperature_median": 29.093, "sedimentation_min": 5.212, "sedimentation_max": 5.844, "sedimentation_mean": 5.405, "sedimentation_median": 5.212, "depth_group": "10m", "source_zone_tif": "25_10m_2025_highest_noCheck4factor_zone.tif", "source_csv": "25_10m_2025_highest_noCheck4factor_ringkasan.csv" }, "geometry": { "type": "Polygon", "coordinates": [ [ [ 138.186083976674723, -6.203799535851023 ], [ 138.186063829014586, -6.207594350351147 ], [ 138.190036343255429, -6.207615465145934 ], [ 138.190010457142563, -6.21249452818857 ], [ 138.195247022302937, -6.212522337901515 ], [ 138.195232658900466, -6.215232940272065 ], [ 138.195954949312011, -6.215236773721047 ], [ 138.195953034200755, -6.215598187571614 ], [ 138.196133606997563, -6.215599145836221 ], [ 138.19613264946085, -6.215779852787507 ], [ 138.19667436820589, -6.215782727296428 ], [ 138.196666708365768, -6.217228383530689 ], [ 138.197750149572983, -6.217234132234385 ], [ 138.197745363095322, -6.218137668177753 ], [ 138.199370529587839, -6.218146288341889 ], [ 138.199417379390951, -6.209291622242652 ], [ 138.198153381886812, -6.209284927720298 ], [ 138.198166761059696, -6.206755025261145 ], [ 138.197444480833497, -6.206751200038785 ], [ 138.197451170053967, -6.205486249493481 ], [ 138.19546490649833, -6.205475727225271 ], [ 138.195461081556545, -6.206198554881648 ], [ 138.186252073833913, -6.206149666986812 ], [ 138.186264543916252, -6.203800495667937 ], [ 138.186083976674723, -6.203799535851023 ] ] ] } },
{ "type": "Feature", "properties": { "zone_id": 38, "scenario": "noCheck4factor", "pixel_count": 334, "area_m2": 133600, "area_ha": 13.36, "input_file": "factor_suitability_2025_Depth_10m_2025_highest.tif", "salinity_min": 32.89, "salinity_max": 32.89, "salinity_mean": 32.89, "salinity_median": 32.89, "depth_min": 5.89, "depth_max": 9.113, "depth_mean": 7.445, "depth_median": 7.282, "temperature_min": 29.093, "temperature_max": 29.093, "temperature_mean": 29.093, "temperature_median": 29.093, "sedimentation_min": 5.212, "sedimentation_max": 6.484, "sedimentation_mean": 5.44, "sedimentation_median": 5.212, "depth_group": "10m", "source_zone_tif": "25_10m_2025_highest_noCheck4factor_zone.tif", "source_csv": "25_10m_2025_highest_noCheck4factor_ringkasan.csv" }, "geometry": { "type": "Polygon", "coordinates": [ [ [ 138.209305965941496, -6.217476022888116 ], [ 138.209302152444735, -6.218198858807096 ], [ 138.200995698376687, -6.218154903521103 ], [ 138.20098326460851, -6.220504103373318 ], [ 138.201524990446984, -6.220506975084695 ], [ 138.201530728597021, -6.219422728523682 ], [ 138.206406262645373, -6.219448544456899 ], [ 138.206407217243822, -6.21926783593612 ], [ 138.206587792913581, -6.21926879119204 ], [ 138.206589701902658, -6.218907374090413 ], [ 138.21020121877325, -6.218926465164298 ], [ 138.210208843758863, -6.217480792231026 ], [ 138.209305965941496, -6.217476022888116 ] ] ] } },
{ "type": "Feature", "properties": { "zone_id": 39, "scenario": "noCheck4factor", "pixel_count": 51, "area_m2": 20400, "area_ha": 2.04, "input_file": "factor_suitability_2025_Depth_10m_2025_highest.tif", "salinity_min": 32.889, "salinity_max": 32.889, "salinity_mean": 32.889, "salinity_median": 32.889, "depth_min": 6.36, "depth_max": 8.167, "depth_mean": 7.29, "depth_median": 7.347, "temperature_min": 28.926, "temperature_max": 28.926, "temperature_mean": 28.926, "temperature_median": 28.926, "sedimentation_min": 8.94, "sedimentation_max": 8.94, "sedimentation_mean": 8.94, "sedimentation_median": 8.94, "depth_group": "10m", "source_zone_tif": "25_10m_2025_highest_noCheck4factor_zone.tif", "source_csv": "25_10m_2025_highest_noCheck4factor_ringkasan.csv" }, "geometry": { "type": "Polygon", "coordinates": [ [ [ 138.291071567716017, -6.225311458734829 ], [ 138.291066934462521, -6.226215065705451 ], [ 138.282940370205893, -6.226173270801748 ], [ 138.282939440701142, -6.226353990969401 ], [ 138.291246598739349, -6.226396714480477 ], [ 138.291252158356315, -6.225312385957115 ], [ 138.291071567716017, -6.225311458734829 ] ] ] } },
{ "type": "Feature", "properties": { "zone_id": 40, "scenario": "noCheck4factor", "pixel_count": 84, "area_m2": 33600, "area_ha": 3.36, "input_file": "factor_suitability_2025_Depth_10m_2025_highest.tif", "salinity_min": 32.889, "salinity_max": 32.889, "salinity_mean": 32.889, "salinity_median": 32.889, "depth_min": 6.025, "depth_max": 7.671, "depth_mean": 6.569, "depth_median": 6.53, "temperature_min": 28.926, "temperature_max": 28.926, "temperature_mean": 28.926, "temperature_median": 28.926, "sedimentation_min": 16.88, "sedimentation_max": 16.88, "sedimentation_mean": 16.88, "sedimentation_median": 16.88, "depth_group": "10m", "source_zone_tif": "25_10m_2025_highest_noCheck4factor_zone.tif", "source_csv": "25_10m_2025_highest_noCheck4factor_ringkasan.csv" }, "geometry": { "type": "Polygon", "coordinates": [ [ [ 138.304552261302547, -6.237850742550595 ], [ 138.304551337442774, -6.238031465881965 ], [ 138.303828949684487, -6.238027767309052 ], [ 138.303822480173693, -6.239292829834411 ], [ 138.306170247601443, -6.239304849038868 ], [ 138.306175788163813, -6.238220507630752 ], [ 138.304731010625233, -6.238213113727774 ], [ 138.304732858248656, -6.23785166701243 ], [ 138.304552261302547, -6.237850742550595 ] ] ] } },
{ "type": "Feature", "properties": { "zone_id": 41, "scenario": "noCheck4factor", "pixel_count": 64, "area_m2": 25600, "area_ha": 2.56, "input_file": "factor_suitability_2025_Depth_10m_2025_highest.tif", "salinity_min": 32.868, "salinity_max": 32.868, "salinity_mean": 32.868, "salinity_median": 32.868, "depth_min": 6.726, "depth_max": 8.473, "depth_mean": 7.919, "depth_median": 7.994, "temperature_min": 29.014, "temperature_max": 29.014, "temperature_mean": 29.014, "temperature_median": 29.014, "sedimentation_min": 7.821, "sedimentation_max": 7.821, "sedimentation_mean": 7.821, "sedimentation_median": 7.821, "depth_group": "10m", "source_zone_tif": "25_10m_2025_highest_noCheck4factor_zone.tif", "source_csv": "25_10m_2025_highest_noCheck4factor_ringkasan.csv" }, "geometry": { "type": "Polygon", "coordinates": [ [ [ 138.276805311468792, -6.260117740255209 ], [ 138.27679875384203, -6.26138277329685 ], [ 138.276618153021047, -6.261381835752506 ], [ 138.276615342010047, -6.261923992667835 ], [ 138.276434741030783, -6.26192305497969 ], [ 138.27643380391001, -6.262103773921434 ], [ 138.278059214273725, -6.262112211128277 ], [ 138.27806202388058, -6.261570053562809 ], [ 138.277881422804626, -6.261569116425136 ], [ 138.27788610524118, -6.260665520591352 ], [ 138.277705504502507, -6.260664583527973 ], [ 138.277706440969069, -6.260483864384331 ], [ 138.277164639104342, -6.260481052904079 ], [ 138.2771655757291, -6.260300333840839 ], [ 138.276805311468792, -6.260117740255209 ] ] ] } },
{ "type": "Feature", "properties": { "zone_id": 42, "scenario": "noCheck4factor", "pixel_count": 113, "area_m2": 45200, "area_ha": 4.52, "input_file": "factor_suitability_2025_Depth_10m_2025_highest.tif", "salinity_min": 32.868, "salinity_max": 32.868, "salinity_mean": 32.868, "salinity_median": 32.868, "depth_min": 6.149, "depth_max": 8.115, "depth_mean": 7.04, "depth_median": 6.932, "temperature_min": 29.014, "temperature_max": 29.014, "temperature_mean": 29.014, "temperature_median": 29.014, "sedimentation_min": 7.821, "sedimentation_max": 7.821, "sedimentation_mean": 7.821, "sedimentation_median": 7.821, "depth_group": "10m", "source_zone_tif": "25_10m_2025_highest_noCheck4factor_zone.tif", "source_csv": "25_10m_2025_highest_noCheck4factor_ringkasan.csv" }, "geometry": { "type": "Polygon", "coordinates": [ [ [ 138.266774409657216, -6.278860707172243 ], [ 138.266773466651017, -6.279041424536033 ], [ 138.266411312759061, -6.279220254510018 ], [ 138.266403766497319, -6.280665992921462 ], [ 138.265500737351374, -6.280661272267468 ], [ 138.265495074627864, -6.281745575196548 ], [ 138.267662350215375, -6.281756904125216 ], [ 138.267659520717245, -6.282299056556363 ], [ 138.268562554320681, -6.282303774710518 ], [ 138.268566325686436, -6.281580904252456 ], [ 138.267121474241918, -6.28157335533489 ], [ 138.267134677495562, -6.279043311621062 ], [ 138.266774409657216, -6.278860707172243 ] ] ] } },
{ "type": "Feature", "properties": { "zone_id": 43, "scenario": "noCheck4factor", "pixel_count": 7047, "area_m2": 2818800, "area_ha": 281.88, "input_file": "factor_suitability_2025_Depth_10m_2025_highest.tif", "salinity_min": 32.868, "salinity_max": 32.868, "salinity_mean": 32.868, "salinity_median": 32.868, "depth_min": 4.898, "depth_max": 8.587, "depth_mean": 6.596, "depth_median": 6.53, "temperature_min": 29.014, "temperature_max": 29.014, "temperature_mean": 29.014, "temperature_median": 29.014, "sedimentation_min": 7.821, "sedimentation_max": 8.312, "sedimentation_mean": 8.296, "sedimentation_median": 8.312, "depth_group": "10m", "source_zone_tif": "25_10m_2025_highest_noCheck4factor_zone.tif", "source_csv": "25_10m_2025_highest_noCheck4factor_ringkasan.csv" }, "geometry": { "type": "Polygon", "coordinates": [ [ [ 138.25805520998864, -6.288393292487081 ], [ 138.258051419982365, -6.289116156376807 ], [ 138.252994419605386, -6.289089584443248 ], [ 138.252811914073504, -6.289450064885425 ], [ 138.252450700401852, -6.289448164787765 ], [ 138.252448801262858, -6.289809595014766 ], [ 138.252629408209231, -6.289810545149749 ], [ 138.252628458660183, -6.289991260288675 ], [ 138.253350886972839, -6.289995060315948 ], [ 138.253349937644913, -6.290175775563509 ], [ 138.257142694893219, -6.290195709937854 ], [ 138.257118036594818, -6.294894320892772 ], [ 138.257479255447493, -6.294896219400421 ], [ 138.257435588951211, -6.30320914669875 ], [ 138.260325389642105, -6.303224345987164 ], [ 138.260304506844847, -6.307200102446344 ], [ 138.260664785763481, -6.307382718682679 ], [ 138.260616328932969, -6.316599245154181 ], [ 138.260977563870227, -6.316601147751808 ], [ 138.260957592702908, -6.320396188161734 ], [ 138.261318830377036, -6.320398091661104 ], [ 138.261315976729406, -6.320940240405429 ], [ 138.261496595795705, -6.320941192143522 ], [ 138.261497546976784, -6.320760475869384 ], [ 138.262942500005579, -6.320768087301888 ], [ 138.262944401283789, -6.320406654310783 ], [ 138.265473071602827, -6.320419963913371 ], [ 138.265474021324792, -6.320239247032189 ], [ 138.265654640778592, -6.320240197221384 ], [ 138.265661287618997, -6.318975178822382 ], [ 138.266925621507085, -6.318981827053308 ], [ 138.26692751947968, -6.318620392829228 ], [ 138.274332925780101, -6.318659268664556 ], [ 138.274333872161435, -6.318478550429838 ], [ 138.272888911685669, -6.3184709733773 ], [ 138.27289080536579, -6.318109537340511 ], [ 138.267291604108664, -6.318080140140471 ], [ 138.267292552845305, -6.317899422967424 ], [ 138.266931315092592, -6.317897524364331 ], [ 138.266980617746441, -6.308500232291821 ], [ 138.271496016401755, -6.308523911298058 ], [ 138.271540440707952, -6.300030169633443 ], [ 138.272262894369419, -6.300033949516034 ], [ 138.272263838654737, -6.299853231465636 ], [ 138.271902611893381, -6.299851341703721 ], [ 138.27191488670843, -6.29750200763233 ], [ 138.25818841339435, -6.297430038868738 ], [ 138.25823581729901, -6.288394240472091 ], [ 138.25805520998864, -6.288393292487081 ] ] ] } },
{ "type": "Feature", "properties": { "zone_id": 44, "scenario": "noCheck4factor", "pixel_count": 119, "area_m2": 47600, "area_ha": 4.76, "input_file": "factor_suitability_2025_Depth_10m_2025_highest.tif", "salinity_min": 32.868, "salinity_max": 32.868, "salinity_mean": 32.868, "salinity_median": 32.868, "depth_min": 6.051, "depth_max": 7.471, "depth_mean": 6.585, "depth_median": 6.539, "temperature_min": 29.014, "temperature_max": 29.014, "temperature_mean": 29.014, "temperature_median": 29.014, "sedimentation_min": 7.821, "sedimentation_max": 7.821, "sedimentation_mean": 7.821, "sedimentation_median": 7.821, "depth_group": "10m", "source_zone_tif": "25_10m_2025_highest_noCheck4factor_zone.tif", "source_csv": "25_10m_2025_highest_noCheck4factor_ringkasan.csv" }, "geometry": { "type": "Polygon", "coordinates": [ [ [ 138.271956397583153, -6.289550413649213 ], [ 138.271950740159497, -6.290634722077879 ], [ 138.275201727808479, -6.290651695891089 ], [ 138.275202669661155, -6.290470977331706 ], [ 138.275563890938741, -6.290472862010765 ], [ 138.275564832639361, -6.290292143395426 ], [ 138.275745443257307, -6.290293085614257 ], [ 138.275746384868086, -6.290112366970253 ], [ 138.275565774312355, -6.290111424778702 ], [ 138.275568599165808, -6.289569268920204 ], [ 138.271956397583153, -6.289550413649213 ] ] ] } },
{ "type": "Feature", "properties": { "zone_id": 45, "scenario": "noCheck4factor", "pixel_count": 1555, "area_m2": 622000, "area_ha": 62.2, "input_file": "factor_suitability_2025_Depth_10m_2025_highest.tif", "salinity_min": 32.868, "salinity_max": 32.868, "salinity_mean": 32.868, "salinity_median": 32.868, "depth_min": 3.748, "depth_max": 8.54, "depth_mean": 6.167, "depth_median": 6.085, "temperature_min": 29.014, "temperature_max": 29.014, "temperature_mean": 29.014, "temperature_median": 29.014, "sedimentation_min": 8.312, "sedimentation_max": 11.768, "sedimentation_mean": 11.443, "sedimentation_median": 11.768, "depth_group": "10m", "source_zone_tif": "25_10m_2025_highest_noCheck4factor_zone.tif", "source_csv": "25_10m_2025_highest_noCheck4factor_ringkasan.csv" }, "geometry": { "type": "Polygon", "coordinates": [ [ [ 138.299799714615602, -6.318972882939725 ], [ 138.299796901674455, -6.31951504912309 ], [ 138.299255028723223, -6.319512234255654 ], [ 138.299253152917089, -6.319873678208685 ], [ 138.298169407002973, -6.319868046459701 ], [ 138.298168468683627, -6.320048768271824 ], [ 138.297445971704832, -6.320045012412709 ], [ 138.29744503310792, -6.3202257341152 ], [ 138.297083784657701, -6.320223855756036 ], [ 138.297082845908335, -6.320404577403003 ], [ 138.294373485086169, -6.320390481324032 ], [ 138.294370665858963, -6.320932645037945 ], [ 138.2940084779176, -6.32111148551527 ], [ 138.293996256432337, -6.323460860741516 ], [ 138.290925637809408, -6.3234448581995 ], [ 138.290924696439419, -6.32362557890007 ], [ 138.290563447585868, -6.323623695004179 ], [ 138.290561564513212, -6.323985136292621 ], [ 138.290380940002422, -6.323984194196488 ], [ 138.29037999836234, -6.324164914811484 ], [ 138.290018749298014, -6.324163030377097 ], [ 138.290014040059901, -6.325066633159826 ], [ 138.288388417813223, -6.325058148883875 ], [ 138.288387475319894, -6.325238869191926 ], [ 138.288929349342709, -6.325241697929011 ], [ 138.288927464649163, -6.32560313870384 ], [ 138.30048751062759, -6.325663354283495 ], [ 138.300433039284741, -6.336145234892239 ], [ 138.300974930094355, -6.336148055906187 ], [ 138.300977749269919, -6.335605889539511 ], [ 138.301880900225683, -6.335610589569242 ], [ 138.301881839582649, -6.335429867309105 ], [ 138.30224310003095, -6.335431746827812 ], [ 138.302244978412119, -6.33507030219528 ], [ 138.302607177743141, -6.334891458982608 ], [ 138.302609994651732, -6.334349291857085 ], [ 138.301164956086666, -6.334341774577346 ], [ 138.301210017226026, -6.325667109238872 ], [ 138.301029390535433, -6.325666170593982 ], [ 138.301030328701813, -6.325485448392331 ], [ 138.29994656950791, -6.325479815369834 ], [ 138.29998033879977, -6.318973821022604 ], [ 138.299799714615602, -6.318972882939725 ] ] ] } },
{ "type": "Feature", "properties": { "zone_id": 46, "scenario": "noCheck4factor", "pixel_count": 4726, "area_m2": 1890400, "area_ha": 189.04, "input_file": "factor_suitability_2025_Depth_10m_2025_highest.tif", "salinity_min": 32.868, "salinity_max": 32.868, "salinity_mean": 32.868, "salinity_median": 32.868, "depth_min": 4.934, "depth_max": 8.082, "depth_mean": 6.205, "depth_median": 6.178, "temperature_min": 29.014, "temperature_max": 29.014, "temperature_mean": 29.014, "temperature_median": 29.014, "sedimentation_min": 6.666, "sedimentation_max": 10.787, "sedimentation_mean": 8.016, "sedimentation_median": 6.666, "depth_group": "10m", "source_zone_tif": "25_10m_2025_highest_noCheck4factor_zone.tif", "source_csv": "25_10m_2025_highest_noCheck4factor_ringkasan.csv" }, "geometry": { "type": "Polygon", "coordinates": [ [ [ 138.270979272600471, -6.338159722219713 ], [ 138.270957403630973, -6.342316226458133 ], [ 138.270234892086563, -6.342312419497052 ], [ 138.270233940678935, -6.342493136946519 ], [ 138.270053312799178, -6.342492185021922 ], [ 138.270052361301111, -6.342672902442654 ], [ 138.269690153847847, -6.342851715715039 ], [ 138.269664448805287, -6.347731084031605 ], [ 138.270386967552611, -6.347734895026854 ], [ 138.27038506317561, -6.348096329895081 ], [ 138.271107582868041, -6.348100140103384 ], [ 138.271099966264046, -6.349545880394888 ], [ 138.271280596758913, -6.349546833008447 ], [ 138.271278692457059, -6.349908268121972 ], [ 138.280310258702968, -6.349955821370126 ], [ 138.280308360574764, -6.350317259206178 ], [ 138.285366071302548, -6.350343821890777 ], [ 138.285364176583613, -6.350705261245046 ], [ 138.287712408389325, -6.350717577869356 ], [ 138.287704834950517, -6.352163338056561 ], [ 138.289511175298571, -6.352172807323653 ], [ 138.289505497837325, -6.353257129034489 ], [ 138.290589305628146, -6.353262808552643 ], [ 138.290586467658528, -6.353804969877673 ], [ 138.290767102575074, -6.353805916325247 ], [ 138.290766156593179, -6.353986636791257 ], [ 138.29203060221792, -6.353993260352548 ], [ 138.292027765428145, -6.354535422311822 ], [ 138.295459842485116, -6.354553386553925 ], [ 138.295458898028585, -6.35473410771916 ], [ 138.296000806025802, -6.354736942183232 ], [ 138.295999861730536, -6.354917663428316 ], [ 138.296722406362051, -6.354921441941097 ], [ 138.296720518192501, -6.355282884643677 ], [ 138.296901154544656, -6.355283829168697 ], [ 138.297079902896712, -6.355646216436055 ], [ 138.297802449192062, -6.355649993871629 ], [ 138.297800561558205, -6.356011436887822 ], [ 138.29906501951001, -6.356018045355872 ], [ 138.29906407609235, -6.356198767051258 ], [ 138.299425350165052, -6.356200654672636 ], [ 138.299426293456861, -6.356019932923154 ], [ 138.300148841679061, -6.356023707302455 ], [ 138.300154499345666, -6.354939376127181 ], [ 138.300696409667353, -6.354942205764159 ], [ 138.300697352327347, -6.354761483815609 ], [ 138.299613532307546, -6.354755824137534 ], [ 138.299615418300164, -6.354394380560699 ], [ 138.298531600020283, -6.354388718941874 ], [ 138.298534429935927, -6.353846554053016 ], [ 138.298353793840448, -6.353845610310816 ], [ 138.298354737153772, -6.353664888705456 ], [ 138.298174101148533, -6.353663944927397 ], [ 138.298175044497384, -6.353483223347694 ], [ 138.297994408582412, -6.353482279533779 ], [ 138.297995351966762, -6.353301557979735 ], [ 138.297814716142057, -6.353300614129968 ], [ 138.297635967282758, -6.352938227213254 ], [ 138.297094060432386, -6.352935395260149 ], [ 138.297111984463413, -6.349501687985589 ], [ 138.29422183786815, -6.349486582907041 ], [ 138.294255808250824, -6.342980625444747 ], [ 138.29208823004322, -6.342969297783824 ], [ 138.292087286147989, -6.343150018523608 ], [ 138.291906654746242, -6.3431490741165 ], [ 138.29190571076083, -6.343329794827767 ], [ 138.291725079323726, -6.343328850330728 ], [ 138.29154255960978, -6.343689347080733 ], [ 138.291181296621687, -6.343687457664102 ], [ 138.291180352302831, -6.343868178262683 ], [ 138.29099972078717, -6.343867233433018 ], [ 138.290993109346857, -6.345132277394051 ], [ 138.288283633314506, -6.345118094561261 ], [ 138.28827985097675, -6.345840975165391 ], [ 138.280873971086976, -6.345802132170547 ], [ 138.280866384491219, -6.347247884392248 ], [ 138.271654231464254, -6.347199408962068 ], [ 138.271701778815071, -6.338163525662123 ], [ 138.270979272600471, -6.338159722219713 ] ] ] } },
{ "type": "Feature", "properties": { "zone_id": 47, "scenario": "noCheck4factor", "pixel_count": 588525, "area_m2": 235410000, "area_ha": 23541.0, "input_file": "factor_suitability_2025_Depth_10m_2025_highest.tif", "salinity_min": 32.86, "salinity_max": 32.894, "salinity_mean": 32.869, "salinity_median": 32.866, "depth_min": 4.253, "depth_max": 9.3, "depth_mean": 7.191, "depth_median": 7.28, "temperature_min": 28.846, "temperature_max": 29.149, "temperature_mean": 29.058, "temperature_median": 29.073, "sedimentation_min": 2.743, "sedimentation_max": 13.455, "sedimentation_mean": 6.208, "sedimentation_median": 5.919, "depth_group": "10m", "source_zone_tif": "25_10m_2025_highest_noCheck4factor_zone.tif", "source_csv": "25_10m_2025_highest_noCheck4factor_ringkasan.csv" }, "geometry": { "type": "Polygon", "coordinates": [ [ [ 138.265265370799312, -6.359816210648079 ], [ 138.265238598192951, -6.364876274211367 ], [ 138.264696693489469, -6.364873402973946 ], [ 138.264681382077072, -6.3677648660582 ], [ 138.257275334825266, -6.367725550976154 ], [ 138.25727245539386, -6.368267696890508 ], [ 138.253298493915821, -6.368246555487137 ], [ 138.25328888013749, -6.370053702396444 ], [ 138.251843801533454, -6.370046004846124 ], [ 138.251842839498181, -6.370226719309205 ], [ 138.25166220473497, -6.370225756804083 ], [ 138.251647769917895, -6.372936473168588 ], [ 138.250383320734613, -6.372929730976153 ], [ 138.250365019245436, -6.376363300921693 ], [ 138.248919926547728, -6.376355587586472 ], [ 138.248902569925434, -6.379608438889012 ], [ 138.246734920591621, -6.379596855357103 ], [ 138.246724300984255, -6.381584705067897 ], [ 138.24509856036957, -6.381576008719538 ], [ 138.245096628032286, -6.381937435424892 ], [ 138.244915990199502, -6.381936468792871 ], [ 138.244899559748944, -6.385008595091555 ], [ 138.243273810845125, -6.384999888337297 ], [ 138.243256394861675, -6.388252723032058 ], [ 138.241630637982041, -6.388244006683512 ], [ 138.241612233808212, -6.391677549198217 ], [ 138.240528389937452, -6.39167173230322 ], [ 138.240527420637591, -6.391852444887246 ], [ 138.239985498890036, -6.391849535502523 ], [ 138.239969013285759, -6.394921647805219 ], [ 138.239607730109356, -6.39491970695913 ], [ 138.239606759989556, -6.395100419379516 ], [ 138.238342269310607, -6.395093624230249 ], [ 138.238324794392753, -6.398346444071379 ], [ 138.236699012422889, -6.398337698410315 ], [ 138.236654286857487, -6.406650446689937 ], [ 138.238280095059963, -6.406659203804835 ], [ 138.238243124840693, -6.413526263932987 ], [ 138.238423772747296, -6.413527237679602 ], [ 138.238328248134223, -6.431237017582564 ], [ 138.23850890229815, -6.431237993976115 ], [ 138.238687604462797, -6.431600394354224 ], [ 138.239952185481428, -6.431607227267486 ], [ 138.239924857821308, -6.436667168764858 ], [ 138.241731422343861, -6.436676932394279 ], [ 138.241716783058649, -6.439387619025737 ], [ 138.242078098210555, -6.439389571815562 ], [ 138.242075169980808, -6.439931709269178 ], [ 138.243339775231846, -6.439938542605096 ], [ 138.243331968958671, -6.441384243965281 ], [ 138.243873944587023, -6.441387172243919 ], [ 138.244052651847994, -6.441749573755905 ], [ 138.244955945898198, -6.441754452901805 ], [ 138.24493838456803, -6.445007285049374 ], [ 138.246744986243669, -6.445017043522713 ], [ 138.246739134283445, -6.446101322457819 ], [ 138.247281116479087, -6.44610424925173 ], [ 138.247278190696335, -6.446646388948219 ], [ 138.248362156989828, -6.446652241308892 ], [ 138.248353381580472, -6.44827866180998 ], [ 138.249979338073558, -6.448287438273984 ], [ 138.249960815704441, -6.451720996997665 ], [ 138.251586785374258, -6.451729772998513 ], [ 138.251578013280124, -6.453356197602734 ], [ 138.253384654642957, -6.453365945122519 ], [ 138.253375886041141, -6.454992372088028 ], [ 138.255001870824373, -6.455001141619989 ], [ 138.254993105142688, -6.456627570697727 ], [ 138.258245091825501, -6.456645098681105 ], [ 138.258243145890987, -6.457006528338574 ], [ 138.258423812209912, -6.457007501562976 ], [ 138.258418947206707, -6.457911075819008 ], [ 138.259502947621741, -6.45791691464635 ], [ 138.25950197492125, -6.458097629658008 ], [ 138.260043975695766, -6.458100548290727 ], [ 138.260033276266142, -6.460088414230622 ], [ 138.261659286420269, -6.460097169391656 ], [ 138.261641781372447, -6.463350045002167 ], [ 138.263267804138906, -6.463358799423669 ], [ 138.263242518161263, -6.468057403128189 ], [ 138.263423189160562, -6.468058376234369 ], [ 138.26326815760234, -6.496792128386249 ], [ 138.262003389761389, -6.496785284781332 ], [ 138.261984808475461, -6.500218871738184 ], [ 138.261622465671337, -6.500397629834995 ], [ 138.261588205256999, -6.506722655113925 ], [ 138.261768889778722, -6.506723634602065 ], [ 138.26171792909804, -6.516120813194782 ], [ 138.261898616999986, -6.516121794044773 ], [ 138.26189567486216, -6.516663938927311 ], [ 138.263341180626298, -6.516671784062295 ], [ 138.263319608668468, -6.520647517631561 ], [ 138.263500298433911, -6.520648498586114 ], [ 138.263677065125563, -6.52137234026956 ], [ 138.264038445311826, -6.521374302075064 ], [ 138.264037464596157, -6.521555017324652 ], [ 138.264940915870454, -6.521559920845239 ], [ 138.264913453604379, -6.526619951085833 ], [ 138.266720376321928, -6.526629760952201 ], [ 138.266704684171486, -6.529521210679606 ], [ 138.266885377630018, -6.529522191748827 ], [ 138.267064109356909, -6.529884604052906 ], [ 138.267606190370117, -6.529887546842839 ], [ 138.267605209642767, -6.530068262572564 ], [ 138.268327984973865, -6.530072185496596 ], [ 138.268315236358205, -6.532421491275108 ], [ 138.268495931101, -6.532422472200172 ], [ 138.268494950308906, -6.53260318804657 ], [ 138.269217729816063, -6.532607111209331 ], [ 138.269213807405492, -6.533329975018266 ], [ 138.271743542794042, -6.533343699467521 ], [ 138.27173570388922, -6.534789430078696 ], [ 138.271916399999441, -6.534790410129866 ], [ 138.271915420076482, -6.53497112647711 ], [ 138.281130961667031, -6.535021024661478 ], [ 138.281134867992421, -6.534298153698125 ], [ 138.281676960135002, -6.534301083316212 ], [ 138.281681841450421, -6.533397494171118 ], [ 138.284934393694698, -6.533415057199103 ], [ 138.284944142612829, -6.531607873902248 ], [ 138.28675111347107, -6.531617619362107 ], [ 138.286759879321266, -6.52999115182486 ], [ 138.290012423326573, -6.530008672950267 ], [ 138.290021176472408, -6.528382200895932 ], [ 138.293093021877752, -6.528398725233732 ], [ 138.293093993213034, -6.528218005648141 ], [ 138.293274690184234, -6.528218977058974 ], [ 138.293283430383667, -6.526592500479957 ], [ 138.29671666700014, -6.526610940367149 ], [ 138.296725393924334, -6.524984459038004 ], [ 138.301604205181746, -6.525010616371169 ], [ 138.301612914184489, -6.523384128351019 ], [ 138.305046152656161, -6.523402502502055 ], [ 138.305055814452345, -6.521595288321659 ], [ 138.308308353642644, -6.521612669040024 ], [ 138.308317036460011, -6.519986171784095 ], [ 138.309762607625316, -6.519993887889121 ], [ 138.309764535806806, -6.519632443607379 ], [ 138.309945232196213, -6.519633407776008 ], [ 138.309951979519639, -6.518368352556108 ], [ 138.311216851846297, -6.518375098608265 ], [ 138.311217815188627, -6.518194376239667 ], [ 138.311579207398438, -6.518196303048215 ], [ 138.311586912122038, -6.5167505236169 ], [ 138.312851782101291, -6.516757263905322 ], [ 138.312852744617231, -6.516576541281482 ], [ 138.313394831966633, -6.516579428927578 ], [ 138.313403491641083, -6.514952924521807 ], [ 138.316656010434968, -6.514970233841995 ], [ 138.316664657450843, -6.513343724962847 ], [ 138.318290914931339, -6.513352369605943 ], [ 138.318299554517864, -6.511725858434154 ], [ 138.319745113929599, -6.511733536240698 ], [ 138.319747032506683, -6.511372088868174 ], [ 138.319927727426574, -6.511373048250054 ], [ 138.319935400131214, -6.509927258487943 ], [ 138.321923040370734, -6.509937805070242 ], [ 138.321923998627312, -6.509757081048321 ], [ 138.323008167029911, -6.509762830280157 ], [ 138.323010082687972, -6.509401381910147 ], [ 138.323371472114957, -6.509403297697671 ], [ 138.323377217663733, -6.508318952231538 ], [ 138.328255975112626, -6.508344785781046 ], [ 138.328264575942683, -6.506718260975553 ], [ 138.330974996589191, -6.506732589029489 ], [ 138.330975951134889, -6.506551863642686 ], [ 138.331698730745529, -6.506555681901041 ], [ 138.331707318118788, -6.504929152393117 ], [ 138.336586076159307, -6.504954892175634 ], [ 138.336594645687626, -6.5033283560625 ], [ 138.339485761586644, -6.503343583261864 ], [ 138.339486712590855, -6.503162856593262 ], [ 138.339848102435496, -6.503164758780362 ], [ 138.340036402914905, -6.501719895737515 ], [ 138.341120570167391, -6.501725599087528 ], [ 138.341127220873489, -6.500460510608888 ], [ 138.341669303511907, -6.500463360855165 ], [ 138.341672152830512, -6.499921179817512 ], [ 138.344924650280831, -6.499938267688324 ], [ 138.344933186353387, -6.498311720186858 ], [ 138.348366376569032, -6.498329730207158 ], [ 138.348374899456218, -6.496703178044942 ], [ 138.358674495315029, -6.496757055079149 ], [ 138.358675438500597, -6.496576325542816 ], [ 138.362650743004025, -6.496597063680936 ], [ 138.36265262646387, -6.49623560344061 ], [ 138.363014018167519, -6.496237487075697 ], [ 138.363018725705473, -6.495333836185782 ], [ 138.363380116872776, -6.495335719299308 ], [ 138.363381999443419, -6.494974258827721 ], [ 138.366273130574399, -6.494989313625763 ], [ 138.366274070790382, -6.494808582965451 ], [ 138.366636402594878, -6.494629732889824 ], [ 138.366648620951537, -6.492280233471909 ], [ 138.368274877018024, -6.492288689839125 ], [ 138.368277694261565, -6.491746496919574 ], [ 138.37008464605421, -6.491755885982708 ], [ 138.370094028702084, -6.489948573522951 ], [ 138.371720281811179, -6.489957015810962 ], [ 138.371728718707288, -6.48833043234231 ], [ 138.37335496877057, -6.488338867290702 ], [ 138.373367144068141, -6.485989354553249 ], [ 138.374632000874271, -6.485995909075318 ], [ 138.37463480856988, -6.48545371324169 ], [ 138.374815502313169, -6.48545464926608 ], [ 138.374839823964322, -6.480755617489146 ], [ 138.375562592526251, -6.480759358209559 ], [ 138.375569135790101, -6.479494233369503 ], [ 138.377014670597902, -6.479501710256844 ], [ 138.377020274991452, -6.478417316219866 ], [ 138.378646500220867, -6.478425721389286 ], [ 138.378656766103518, -6.476437662921722 ], [ 138.379921604498264, -6.476444194660258 ], [ 138.379927200020688, -6.475359797957563 ], [ 138.38625139804941, -6.475392403988812 ], [ 138.386252328298895, -6.475211670282523 ], [ 138.385710253100711, -6.475208878637496 ], [ 138.385720486211056, -6.473220808639011 ], [ 138.382648743254862, -6.473204983312634 ], [ 138.382675737666034, -6.467963719959838 ], [ 138.382495049001193, -6.467962789241549 ], [ 138.382544329314442, -6.458383926946957 ], [ 138.391759312020781, -6.45843124113463 ], [ 138.391755608402406, -6.459154179616095 ], [ 138.392116982188725, -6.459156031892544 ], [ 138.39209012200763, -6.46439733672267 ], [ 138.395523213514593, -6.464414934968838 ], [ 138.395463007981959, -6.476162715099685 ], [ 138.3902229092499, -6.476135796101031 ], [ 138.390221980278909, -6.476316530375855 ], [ 138.394920000468233, -6.476340667831795 ], [ 138.394909798387687, -6.478328752232033 ], [ 138.398342991695472, -6.478346369164796 ], [ 138.398332799829376, -6.480334458844569 ], [ 138.399959058970609, -6.480342798200245 ], [ 138.399928483281542, -6.486307073949892 ], [ 138.400109180992672, -6.486308001083509 ], [ 138.400288024991852, -6.486670399465017 ], [ 138.401733608869279, -6.486677814123092 ], [ 138.401727123552575, -6.487942965129068 ], [ 138.40190782210567, -6.487943891854341 ], [ 138.401906895590656, -6.488124627732699 ], [ 138.402268292904523, -6.488126481042469 ], [ 138.402264587095033, -6.488849424749934 ], [ 138.402445286048561, -6.488850351412498 ], [ 138.402444359594568, -6.489031087361844 ], [ 138.402805757709217, -6.489032940546153 ], [ 138.402804831357429, -6.489213676546123 ], [ 138.403346928919831, -6.489216455918479 ], [ 138.403346002734537, -6.489397191995082 ], [ 138.40352670203896, -6.489398118349968 ], [ 138.40349056277006, -6.496446825246015 ], [ 138.404936178219401, -6.496454241884243 ], [ 138.404931544655966, -6.497357923139717 ], [ 138.405473651849263, -6.497360703707007 ], [ 138.405459750106047, -6.500071748430375 ], [ 138.406905378171018, -6.500079163562447 ], [ 138.406900745515912, -6.500982846105379 ], [ 138.407623561467716, -6.500986552645344 ], [ 138.407619855900407, -6.501709499069743 ], [ 138.40834267330348, -6.501713204994665 ], [ 138.408326924327383, -6.504785728810761 ], [ 138.408507629838994, -6.504786655572339 ], [ 138.408506703256393, -6.504967392280586 ], [ 138.409952348811373, -6.504974804260775 ], [ 138.409944939328199, -6.506420699536806 ], [ 138.410306352010906, -6.50642255230252 ], [ 138.410305425836157, -6.506603289257526 ], [ 138.411751078133506, -6.506610697949352 ], [ 138.411742746019286, -6.508237332348023 ], [ 138.412465575118972, -6.508241036080151 ], [ 138.412464649455018, -6.508421773332164 ], [ 138.413368186742758, -6.508426401676079 ], [ 138.413351526106311, -6.511679674302113 ], [ 138.414977905324719, -6.511688005455571 ], [ 138.414969577042854, -6.513314643694383 ], [ 138.416595963611627, -6.513322971719138 ], [ 138.416587638431793, -6.514949611939975 ], [ 138.418394742917513, -6.514958861498776 ], [ 138.418382722300322, -6.517308456089181 ], [ 138.418744145190232, -6.517310305898784 ], [ 138.418743220473118, -6.517491043985975 ], [ 138.418923932021926, -6.517491968819777 ], [ 138.418919308366185, -6.518395659363696 ], [ 138.420003580146101, -6.518401207786042 ], [ 138.419987861406497, -6.52147375800655 ], [ 138.421614280725777, -6.521482080234251 ], [ 138.421606885705586, -6.522927987938675 ], [ 138.421787599611037, -6.522928912514219 ], [ 138.421781128046973, -6.524194081861714 ], [ 138.421961842430989, -6.524195006553442 ], [ 138.42196091788179, -6.524375745051795 ], [ 138.422503061384703, -6.524378518816598 ], [ 138.422500288161899, -6.524920734535558 ], [ 138.423403862159461, -6.524925356571291 ], [ 138.423384449797055, -6.528720868956388 ], [ 138.423565166032859, -6.528721793711687 ], [ 138.423563316764358, -6.52908327110058 ], [ 138.424466898982445, -6.529087894164842 ], [ 138.424464125853831, -6.529630110624642 ], [ 138.424825559312183, -6.529631959552317 ], [ 138.424824635013096, -6.529812698421009 ], [ 138.425005351846153, -6.5298136228136 ], [ 138.424987786426669, -6.533247661538333 ], [ 138.42661425016513, -6.5332559825705 ], [ 138.42659206276636, -6.537593720532314 ], [ 138.426772782644093, -6.537594645386561 ], [ 138.426771857907426, -6.537775384476269 ], [ 138.426952577876023, -6.537776309291518 ], [ 138.426951653178008, -6.537957048405584 ], [ 138.427132373237498, -6.537957973181834 ], [ 138.427311244107813, -6.538320376220269 ], [ 138.430564212444239, -6.53833701087634 ], [ 138.43055128133966, -6.540867365497127 ], [ 138.430912724601853, -6.540869213217322 ], [ 138.430910877143134, -6.541230692529021 ], [ 138.43127139712999, -6.541413279798116 ], [ 138.431262159307352, -6.543220676771588 ], [ 138.433430831807243, -6.543231760106439 ], [ 138.43340589767422, -6.548111739557808 ], [ 138.433767346957694, -6.54811358726116 ], [ 138.433766423236335, -6.548294327272295 ], [ 138.435573671865285, -6.548303562153015 ], [ 138.43556997931455, -6.549026523211434 ], [ 138.436112155189505, -6.549029292718665 ], [ 138.436108463000949, -6.549752254062554 ], [ 138.437012091277552, -6.549756869123754 ], [ 138.437011168489846, -6.549937609584583 ], [ 138.437372620112399, -6.549939455206109 ], [ 138.437363392102299, -6.551746860249476 ], [ 138.437544118601664, -6.551747783219644 ], [ 138.437722999472498, -6.552110187219136 ], [ 138.439168813650355, -6.552117568534586 ], [ 138.439161434147138, -6.553563494497102 ], [ 138.439342161555771, -6.553564417074633 ], [ 138.4395210441144, -6.553926821166207 ], [ 138.441509049039041, -6.553936965082857 ], [ 138.44150720548771, -6.554298447220329 ], [ 138.441687933493881, -6.554299369056174 ], [ 138.441667649001687, -6.558275672755399 ], [ 138.443294215088116, -6.558283971429291 ], [ 138.443286840471814, -6.559729901720885 ], [ 138.443467570686693, -6.55973082367576 ], [ 138.443466648807856, -6.559911564981397 ], [ 138.445635414190207, -6.559922623676949 ], [ 138.445626201775326, -6.561730039727422 ], [ 138.44671058976752, -6.561735567100303 ], [ 138.446697693492609, -6.564265951480436 ], [ 138.447059158184913, -6.564267794134183 ], [ 138.4470582369581, -6.564448535916069 ], [ 138.450130692132831, -6.564464188402146 ], [ 138.450121489498486, -6.566271610488505 ], [ 138.450302223039472, -6.566272530893013 ], [ 138.45031050494137, -6.564645850791778 ], [ 138.459527919953217, -6.564692693433268 ], [ 138.459527003162975, -6.564873436973065 ], [ 138.459707737527083, -6.564874353790267 ], [ 138.459704987196801, -6.565416584477457 ], [ 138.460066456392752, -6.565418418069405 ], [ 138.460065539694511, -6.565599161679849 ], [ 138.464403179648485, -6.565621145093832 ], [ 138.464400434083615, -6.566163377747495 ], [ 138.47940156927686, -6.566239121100765 ], [ 138.479406118088207, -6.565335389491212 ], [ 138.490069663702855, -6.565388951119908 ], [ 138.490068757830471, -6.565569698931718 ], [ 138.490249496722356, -6.565570604829055 ], [ 138.490247685031335, -6.565932100498702 ], [ 138.490970641374162, -6.565935723638517 ], [ 138.490972452544668, -6.565574227767708 ], [ 138.491153191563939, -6.565575133339695 ], [ 138.49115500250241, -6.565213637412904 ], [ 138.491335741417004, -6.565214542869541 ], [ 138.491336646782997, -6.565033794878869 ], [ 138.503084726552942, -6.565092508359561 ], [ 138.503080220614919, -6.565996256449524 ], [ 138.503260961466907, -6.565997157711728 ], [ 138.503260060268303, -6.566177907350468 ], [ 138.506874883930294, -6.566195919428326 ], [ 138.506885681025068, -6.564026917669239 ], [ 138.511223464044747, -6.564048490611682 ], [ 138.511232443228693, -6.562240982998569 ], [ 138.520811731113412, -6.562288477299841 ], [ 138.520815308292413, -6.561565468937803 ], [ 138.516838997237954, -6.561545778689603 ], [ 138.516844370834605, -6.560461269385848 ], [ 138.516663630102954, -6.560460373775961 ], [ 138.516664525679204, -6.560279622245245 ], [ 138.515941563264846, -6.560276039255005 ], [ 138.515945146357836, -6.559553033516136 ], [ 138.515041445207629, -6.559548553813263 ], [ 138.515040549147159, -6.559729305125631 ], [ 138.50582283016638, -6.559683518043644 ], [ 138.50582912526616, -6.558418267733313 ], [ 138.502575836587539, -6.558402070363601 ], [ 138.502610032769638, -6.551533584569409 ], [ 138.502248561693676, -6.551531785463693 ], [ 138.502249461228672, -6.551351035859863 ], [ 138.496646674543143, -6.551323117285352 ], [ 138.496647576065357, -6.551142368456853 ], [ 138.496466841482231, -6.551141466843887 ], [ 138.496456922625896, -6.553129703603248 ], [ 138.49627618735397, -6.553128801649394 ], [ 138.496275285422342, -6.55330955041208 ], [ 138.495733079564161, -6.553306844085566 ], [ 138.495550539869839, -6.553667439167202 ], [ 138.485971601948364, -6.553619524908465 ], [ 138.485984279205837, -6.551089062202755 ], [ 138.485622813070364, -6.551087251250633 ], [ 138.485624623958444, -6.550725756656396 ], [ 138.48544389105885, -6.550724851133339 ], [ 138.485442985562656, -6.550905598405973 ], [ 138.476044906625873, -6.550858420434357 ], [ 138.476045815497599, -6.550677674474379 ], [ 138.474961426616943, -6.550672219717775 ], [ 138.474965063405392, -6.54994923647073 ], [ 138.474784332274623, -6.549948327218624 ], [ 138.474786150644888, -6.549586835637167 ], [ 138.473340303560121, -6.549579559688478 ], [ 138.473350308473925, -6.547591358115982 ], [ 138.472988848386763, -6.547589539036756 ], [ 138.473044281767358, -6.536564057554442 ], [ 138.46599598480924, -6.536528593953417 ], [ 138.465997805732883, -6.536167104645403 ], [ 138.465636355919514, -6.536165283444959 ], [ 138.465691852563623, -6.525139859918628 ], [ 138.465872573510325, -6.525140769002305 ], [ 138.465873482429345, -6.524960024284926 ], [ 138.466596366214702, -6.524963659871474 ], [ 138.466599092041605, -6.524421425406179 ], [ 138.466960533700728, -6.524423242659203 ], [ 138.467004109258824, -6.515747487041989 ], [ 138.47513643420865, -6.515788252130268 ], [ 138.475138242761545, -6.515426759961548 ], [ 138.476041836983143, -6.515431281091723 ], [ 138.476042740898379, -6.515250534878771 ], [ 138.472609087491577, -6.515233346477641 ], [ 138.472619947192044, -6.513064397581526 ], [ 138.466836997700739, -6.513035405746701 ], [ 138.46687053488958, -6.506347842050041 ], [ 138.465424820718113, -6.506340591279503 ], [ 138.465437508506312, -6.503810164110796 ], [ 138.46435322937154, -6.503804725458588 ], [ 138.4643568550743, -6.503081746826195 ], [ 138.455863379377234, -6.503039068565629 ], [ 138.455868835326214, -6.501954607750767 ], [ 138.453519591176047, -6.501942779983397 ], [ 138.453525961136307, -6.500677577955639 ], [ 138.450996017093473, -6.500664830684817 ], [ 138.451000570797646, -6.499761116695055 ], [ 138.445398579875331, -6.499732849629682 ], [ 138.445418652392476, -6.495756525090619 ], [ 138.439455316807852, -6.495726384936575 ], [ 138.439478164326943, -6.49120785463225 ], [ 138.438574639139574, -6.491203285035017 ], [ 138.438602044370185, -6.485781051351671 ], [ 138.438421341338909, -6.485780138009155 ], [ 138.438422254508055, -6.485599396890128 ], [ 138.432459071187424, -6.485569221383924 ], [ 138.432475541938913, -6.482315896261445 ], [ 138.431391336772208, -6.482310405066026 ], [ 138.431393167105256, -6.481948924777332 ], [ 138.431212466463734, -6.48194800940477 ], [ 138.431213381655368, -6.481767269284039 ], [ 138.429406377316155, -6.48175811228362 ], [ 138.429432925148376, -6.47651665563359 ], [ 138.427264545718032, -6.476505667721778 ], [ 138.427301158204301, -6.469276082760209 ], [ 138.425674899179114, -6.469267845044076 ], [ 138.425677645162239, -6.46872562677704 ], [ 138.425496950037768, -6.468724711232144 ], [ 138.425485963926207, -6.470893583914603 ], [ 138.412656622356167, -6.470828394387309 ], [ 138.412662143183184, -6.469743969086113 ], [ 138.412300755961809, -6.469742128392495 ], [ 138.412305356569959, -6.468838440861876 ], [ 138.412124663318991, -6.468837520548544 ], [ 138.412127423561088, -6.468295308091 ], [ 138.411946730528598, -6.468294387791357 ], [ 138.41194857068686, -6.467932912864453 ], [ 138.411225799332016, -6.467929231232506 ], [ 138.411230400549329, -6.467025544409145 ], [ 138.40327995749621, -6.466984984505363 ], [ 138.403280880479088, -6.466804248279305 ], [ 138.402738806863823, -6.466801478392545 ], [ 138.402740653134884, -6.46644000609229 ], [ 138.402559962110587, -6.466439082720609 ], [ 138.402560885270617, -6.466258346594383 ], [ 138.402018812547936, -6.466255576173045 ], [ 138.402025275275236, -6.464990423796396 ], [ 138.401663894488394, -6.464988576892927 ], [ 138.401668510571795, -6.464084896841798 ], [ 138.401307130530654, -6.464083049942451 ], [ 138.401309900248521, -6.463540842051017 ], [ 138.399683693096847, -6.463532528537174 ], [ 138.399688311646514, -6.462628849861725 ], [ 138.399507622414944, -6.462627925948054 ], [ 138.399508546109729, -6.462447190234776 ], [ 138.398966478765203, -6.462444418187778 ], [ 138.398973868909962, -6.460998533056029 ], [ 138.398251114867861, -6.460994836930983 ], [ 138.398256657903914, -6.459910423648312 ], [ 138.39590771517453, -6.459898406203025 ], [ 138.395909564305441, -6.459536935775462 ], [ 138.392657191738408, -6.459520279320816 ], [ 138.392679400695016, -6.455182645026116 ], [ 138.391595287618543, -6.455177092029132 ], [ 138.391600839778732, -6.454092684268904 ], [ 138.390878099791024, -6.454088981619164 ], [ 138.390879950810756, -6.453727512563533 ], [ 138.387988997140695, -6.453712692571601 ], [ 138.387989923633427, -6.453531958460088 ], [ 138.387628555029238, -6.453530104862649 ], [ 138.38762948162335, -6.453349370802061 ], [ 138.387448797424895, -6.453348443933617 ], [ 138.387463620349081, -6.450456699191015 ], [ 138.384030645039218, -6.450439084505408 ], [ 138.38403157246043, -6.450258350944573 ], [ 138.383670207323064, -6.450256495477678 ], [ 138.383671134845486, -6.450075761967848 ], [ 138.382948405144731, -6.450072050372146 ], [ 138.382960463842494, -6.44772251597899 ], [ 138.378804795403425, -6.447701162309193 ], [ 138.378808510743397, -6.446978231015547 ], [ 138.373568782339504, -6.446951261713965 ], [ 138.373586459563256, -6.443517352242926 ], [ 138.370334247439786, -6.44350059466619 ], [ 138.370337972329054, -6.442777668187025 ], [ 138.358774637834102, -6.44271792497113 ], [ 138.358775573072734, -6.442537195037366 ], [ 138.358594896904378, -6.442536259502012 ], [ 138.358597702650826, -6.441994069771622 ], [ 138.358236350777219, -6.441992198668232 ], [ 138.358241962312235, -6.440907819486861 ], [ 138.353002383293216, -6.440880664414734 ], [ 138.353003320304765, -6.440699935314397 ], [ 138.351557923677404, -6.440692435030208 ], [ 138.351568234644077, -6.438704417167211 ], [ 138.3513875608879, -6.438703479636439 ], [ 138.351452169036747, -6.426233183704788 ], [ 138.351813507786659, -6.426235055041666 ], [ 138.351814443069344, -6.426054326012718 ], [ 138.345310364310222, -6.426020603951349 ], [ 138.345320675838963, -6.424032595056957 ], [ 138.343514000480099, -6.424023216104771 ], [ 138.343516814057949, -6.423481032629236 ], [ 138.343336146860963, -6.423480094463899 ], [ 138.343337084729995, -6.423299366662512 ], [ 138.34297575054407, -6.423297490194196 ], [ 138.342976688513318, -6.423116762444623 ], [ 138.342434687627332, -6.423113947344859 ], [ 138.342437501945767, -6.422571764327236 ], [ 138.342076168538028, -6.422569887435699 ], [ 138.341897378333698, -6.422207493702118 ], [ 138.340813379682231, -6.422201861438719 ], [ 138.340819010701409, -6.42111749678639 ], [ 138.340277012884087, -6.421114680275469 ], [ 138.340283582514502, -6.419849588676375 ], [ 138.340102917074319, -6.419848649898699 ], [ 138.340113238808414, -6.417860648968 ], [ 138.339932574094234, -6.417859710419815 ], [ 138.339941017293881, -6.416233164316821 ], [ 138.339037696986566, -6.416228471821614 ], [ 138.339085516705609, -6.407011381879736 ], [ 138.339988820826164, -6.407016067579717 ], [ 138.339989757449104, -6.406835340156141 ], [ 138.340351079159262, -6.406837213938658 ], [ 138.340352015628355, -6.406656486460394 ], [ 138.340532676460469, -6.406657423229833 ], [ 138.340536421813596, -6.405934513196164 ], [ 138.3408977430513, -6.405936386331599 ], [ 138.340901487465658, -6.405213476062352 ], [ 138.341082147871276, -6.40521441242837 ], [ 138.341114890878913, -6.3988889456813 ], [ 138.350689813334441, -6.398938432985894 ], [ 138.350690745006204, -6.39875770393034 ], [ 138.349968106966969, -6.398753975356501 ], [ 138.350015599526245, -6.389536797077398 ], [ 138.348389694565782, -6.389528416265507 ], [ 138.348398073475153, -6.387901857164789 ], [ 138.348217418072068, -6.387900925886083 ], [ 138.348219279882727, -6.38753946834585 ], [ 138.347857969410114, -6.387537605704884 ], [ 138.347858900401576, -6.38735687698579 ], [ 138.34514907623435, -6.387342899511172 ], [ 138.345103379524033, -6.396198585564053 ], [ 138.33137346129692, -6.396127448327158 ], [ 138.331385653761259, -6.3937780072669 ], [ 138.330663034099757, -6.393774254456396 ], [ 138.330663972045443, -6.393593528318088 ], [ 138.330483317261013, -6.393592589983895 ], [ 138.330487069026276, -6.392869685523573 ], [ 138.330125760044893, -6.392867808879136 ], [ 138.330141702367797, -6.389795465581322 ], [ 138.329781333312496, -6.38961286355739 ], [ 138.329783208564521, -6.389251411482201 ], [ 138.328879943182301, -6.389246720804882 ], [ 138.328829256281153, -6.399005917641556 ], [ 138.318170574291884, -6.398950362778613 ], [ 138.318239349239661, -6.385757488944895 ], [ 138.326007333232866, -6.385797915691243 ], [ 138.32600827163148, -6.385617190186906 ], [ 138.325466317821423, -6.385614373591022 ], [ 138.325474763895471, -6.383987844712038 ], [ 138.324932812035911, -6.383985028270319 ], [ 138.32492999635312, -6.384527204334831 ], [ 138.324749345597922, -6.384526265314098 ], [ 138.324748406919554, -6.384706990639338 ], [ 138.324025803917124, -6.384703233816934 ], [ 138.324021108854367, -6.385606859886131 ], [ 138.313362746398866, -6.385551321322199 ], [ 138.31335897494202, -6.386274215814599 ], [ 138.312636376513439, -6.38627044208977 ], [ 138.312621282281697, -6.389162018112322 ], [ 138.301962946462822, -6.38910621267671 ], [ 138.302018791850116, -6.37844361818863 ], [ 138.304005890987696, -6.37845402176489 ], [ 138.304006836004788, -6.378273299485161 ], [ 138.297684261538535, -6.378240171614832 ], [ 138.297734425360233, -6.36866193892625 ], [ 138.303514956569245, -6.368692184445675 ], [ 138.303515900299857, -6.368511462171226 ], [ 138.296470884083618, -6.368474592890655 ], [ 138.29647466856531, -6.367751707997157 ], [ 138.29159738086139, -6.367726129848714 ], [ 138.291556601489731, -6.375497109814236 ], [ 138.291194367203616, -6.375675931354301 ], [ 138.29119057057855, -6.376398812856988 ], [ 138.29082928485883, -6.376396913494041 ], [ 138.290825487289567, -6.377119794757214 ], [ 138.290283558158563, -6.377116944913617 ], [ 138.290247452137464, -6.383984312699129 ], [ 138.280492640508726, -6.383932862544307 ], [ 138.280494548638387, -6.38357142512137 ], [ 138.277604251527549, -6.383556146103282 ], [ 138.277605206561901, -6.383375427825711 ], [ 138.275076203269123, -6.383362045792885 ], [ 138.27516212286838, -6.367097429421975 ], [ 138.280039337879089, -6.36712316028162 ], [ 138.280046950741109, -6.365677410164413 ], [ 138.271918292921526, -6.36563450968628 ], [ 138.271925926696582, -6.364188769300099 ], [ 138.271745290995398, -6.364187814725032 ], [ 138.271746245155839, -6.364007097197763 ], [ 138.27138497396237, -6.364005187913238 ], [ 138.271390699100124, -6.362920883048043 ], [ 138.269403713670044, -6.362910379281927 ], [ 138.26941803254698, -6.360199621408303 ], [ 138.265444092510364, -6.360178600037298 ], [ 138.265446003992935, -6.359817166834364 ], [ 138.265265370799312, -6.359816210648079 ] ] ] } },
{ "type": "Feature", "properties": { "zone_id": 48, "scenario": "noCheck4factor", "pixel_count": 53, "area_m2": 21200, "area_ha": 2.12, "input_file": "factor_suitability_2025_Depth_10m_2025_highest.tif", "salinity_min": 32.874, "salinity_max": 32.874, "salinity_mean": 32.874, "salinity_median": 32.874, "depth_min": 5.283, "depth_max": 7.674, "depth_mean": 6.604, "depth_median": 6.752, "temperature_min": 28.936, "temperature_max": 28.936, "temperature_mean": 28.936, "temperature_median": 28.936, "sedimentation_min": 13.455, "sedimentation_max": 13.455, "sedimentation_mean": 13.455, "sedimentation_median": 13.455, "depth_group": "10m", "source_zone_tif": "25_10m_2025_highest_noCheck4factor_zone.tif", "source_csv": "25_10m_2025_highest_noCheck4factor_ringkasan.csv" }, "geometry": { "type": "Polygon", "coordinates": [ [ [ 138.406813414769317, -6.447302203442116 ], [ 138.406806062632199, -6.448748098381029 ], [ 138.406625377296393, -6.4487471789647 ], [ 138.406623538871344, -6.449108652633386 ], [ 138.406442853434072, -6.44910773310121 ], [ 138.406434578644451, -6.450734364306758 ], [ 138.406795950695084, -6.45073620377485 ], [ 138.406794111819124, -6.451097677464505 ], [ 138.407155484230515, -6.451099516780876 ], [ 138.407158242121653, -6.450557306088426 ], [ 138.407519614254937, -6.450559144993323 ], [ 138.407522371526085, -6.450016934132361 ], [ 138.406980313940608, -6.450014175912916 ], [ 138.406994099620562, -6.447303122586747 ], [ 138.406813414769317, -6.447302203442116 ] ] ] } }
]
}
