{
"type": "FeatureCollection",
"name": "zona_potensial_10m_10m_2_5_False",
"crs": { "type": "name", "properties": { "name": "urn:ogc:def:crs:OGC:1.3:CRS84" } },
"features": [
{ "type": "Feature", "properties": { "zone_id": 1, "pixel_count": 5037, "area_m2": 2014800, "area_ha": 201.48, "salinity_min": 33.114, "salinity_max": 33.127, "salinity_mean": 33.114, "salinity_median": 33.114, "depth_min": 4.118, "depth_max": 8.127, "depth_mean": 6.609, "depth_median": 6.635, "temperature_min": 28.861, "temperature_max": 28.978, "temperature_mean": 28.978, "temperature_median": 28.978, "sedimentation_min": 18.567, "sedimentation_max": 18.567, "sedimentation_mean": 18.567, "sedimentation_median": 18.567, "depth_group": "10m", "source_zone_tif": "zone_10m_2_5_False.tif", "source_csv": "ringkasan_10m_2_5_False.csv" }, "geometry": { "type": "Polygon", "coordinates": [ [ [ 137.366620052143503, -5.166674585323062 ], [ 137.366576764517674, -5.174258333092698 ], [ 137.366756864831444, -5.174259367154647 ], [ 137.366733133604242, -5.178412371799594 ], [ 137.368354048600253, -5.178421683569894 ], [ 137.368326177952014, -5.183296957872987 ], [ 137.369947108274459, -5.183306274319041 ], [ 137.369927488374884, -5.186737028562602 ], [ 137.371728535211304, -5.186747382201689 ], [ 137.371709944978875, -5.189997576543623 ], [ 137.373330898507447, -5.19000689631618 ], [ 137.373312304736942, -5.193257096125313 ], [ 137.374933269481431, -5.193266417620042 ], [ 137.375072373306153, -5.168889865329906 ], [ 137.374892272840981, -5.168888834699032 ], [ 137.374904606133271, -5.166722029399508 ], [ 137.366620052143503, -5.166674585323062 ] ] ] } },
{ "type": "Feature", "properties": { "zone_id": 2, "pixel_count": 277300, "area_m2": 110920000, "area_ha": 11092.0, "salinity_min": 33.099, "salinity_max": 33.123, "salinity_mean": 33.113, "salinity_median": 33.113, "depth_min": 5.312, "depth_max": 9.049, "depth_mean": 7.665, "depth_median": 7.704, "temperature_min": 28.978, "temperature_max": 29.096, "temperature_mean": 29.071, "temperature_median": 29.096, "sedimentation_min": 2.972, "sedimentation_max": 10.766, "sedimentation_mean": 5.944, "sedimentation_median": 6.367, "depth_group": "10m", "source_zone_tif": "zone_10m_2_5_False.tif", "source_csv": "ringkasan_10m_2_5_False.csv" }, "geometry": { "type": "Polygon", "coordinates": [ [ [ 137.240257528024244, -5.186700296260551 ], [ 137.24025645819259, -5.186880835697678 ], [ 137.240076380165164, -5.186879763080472 ], [ 137.240067819745462, -5.188324078232291 ], [ 137.238267037471218, -5.188313346247557 ], [ 137.238257399524173, -5.189938197319089 ], [ 137.236636694577669, -5.189928531122114 ], [ 137.23662597757118, -5.191733917702616 ], [ 137.23500527109627, -5.191724243984099 ], [ 137.234995618428854, -5.193349088756102 ], [ 137.233374910884379, -5.193339407851486 ], [ 137.233365251022803, -5.194964249477302 ], [ 137.232644935705054, -5.194959944169637 ], [ 137.232642788244931, -5.1953210197719 ], [ 137.232102551847589, -5.19531779002834 ], [ 137.23210147790769, -5.195498327714767 ], [ 137.231921399133199, -5.195497250993644 ], [ 137.231919251037908, -5.195858326287516 ], [ 137.231739172199184, -5.195857249440001 ], [ 137.231724130580517, -5.198384775830286 ], [ 137.229923337127616, -5.198373999273579 ], [ 137.22991365900387, -5.199998834151498 ], [ 137.228292943995967, -5.199989127824648 ], [ 137.228272493596251, -5.203419328019043 ], [ 137.226651772918871, -5.20340961110494 ], [ 137.226632377963682, -5.206659267928757 ], [ 137.225011652072681, -5.206649540760942 ], [ 137.224991157555394, -5.210079727191441 ], [ 137.223550507120223, -5.210071071604686 ], [ 137.223549427673021, -5.210251607418527 ], [ 137.223369346488028, -5.21025052520161 ], [ 137.2233509892136, -5.213319633203811 ], [ 137.221730252423242, -5.213309885173512 ], [ 137.221699980112732, -5.218364876294533 ], [ 137.22007923348491, -5.218355114599514 ], [ 137.2200694926305, -5.219979929908987 ], [ 137.221690243410762, -5.21998969465967 ], [ 137.221664263848766, -5.224322543134805 ], [ 137.222024433568293, -5.224324714324275 ], [ 137.222021184894459, -5.224866320558947 ], [ 137.222201269965097, -5.224867406189652 ], [ 137.222200187049282, -5.225047941636401 ], [ 137.222380272209165, -5.225049027253363 ], [ 137.222379189306736, -5.225229562736562 ], [ 137.222559274555863, -5.225230648339779 ], [ 137.22255819166682, -5.225411183859429 ], [ 137.22273827700522, -5.225412269448898 ], [ 137.222737194129593, -5.225592805004995 ], [ 137.223096282211884, -5.225775511735215 ], [ 137.223090867588439, -5.226678189867544 ], [ 137.223270953399947, -5.226679275566553 ], [ 137.223251453829363, -5.22992891726066 ], [ 137.225052323274099, -5.229939778204511 ], [ 137.225031736827617, -5.233369962266647 ], [ 137.226652531356564, -5.233379739155179 ], [ 137.226642779270236, -5.23500456607742 ], [ 137.228263581033048, -5.235014341841902 ], [ 137.228244075985941, -5.238264001480671 ], [ 137.230044979690888, -5.238274865319381 ], [ 137.230034143397461, -5.240080235372987 ], [ 137.231654964600807, -5.240090011803582 ], [ 137.231652797814377, -5.240451086476432 ], [ 137.232193072538905, -5.240454344583445 ], [ 137.232191989243404, -5.240634882030823 ], [ 137.233271456998466, -5.240821934748832 ], [ 137.233256290683954, -5.24334946202094 ], [ 137.235057219400005, -5.243360321941561 ], [ 137.235047470347752, -5.244985164154942 ], [ 137.236668313597846, -5.244994936712202 ], [ 137.236663981557712, -5.245717090126973 ], [ 137.236844075647269, -5.245718175858671 ], [ 137.23684082637493, -5.246259791019189 ], [ 137.237921392633524, -5.246266305000592 ], [ 137.237919226881473, -5.2466273822187 ], [ 137.240080364715709, -5.246640405502534 ], [ 137.240078200049595, -5.24700148361669 ], [ 137.240258295217672, -5.247002568629549 ], [ 137.240257212879527, -5.247183107722268 ], [ 137.240977594135643, -5.247187447407068 ], [ 137.240975429758464, -5.247548525888956 ], [ 137.241335620819228, -5.247550695571391 ], [ 137.241331292024284, -5.248272852820206 ], [ 137.243852636563815, -5.248288036909569 ], [ 137.243863450201673, -5.246482638498204 ], [ 137.241882398825652, -5.246470713120968 ], [ 137.241885643882199, -5.245929094810682 ], [ 137.239904598773734, -5.245917164419747 ], [ 137.239906763089806, -5.245556086365506 ], [ 137.239726668409531, -5.2455550015496 ], [ 137.239730996794663, -5.244832845576116 ], [ 137.239550902358275, -5.24483176085871 ], [ 137.239562802868477, -5.242845832240404 ], [ 137.240463272594724, -5.24285125324644 ], [ 137.240468679119459, -5.241948557431057 ], [ 137.242449713006778, -5.241960477036854 ], [ 137.24261899941024, -5.243766956429302 ], [ 137.242799094179247, -5.243768040043539 ], [ 137.242800175078798, -5.243587500401541 ], [ 137.244781219461032, -5.243599416337172 ], [ 137.244780139128125, -5.243779956391651 ], [ 137.245140329609171, -5.243782122329025 ], [ 137.245138169036267, -5.244143202584143 ], [ 137.246038646413922, -5.244148616898606 ], [ 137.246028924288026, -5.245773479670797 ], [ 137.247109501167756, -5.245779977167178 ], [ 137.247106260708193, -5.246321598742999 ], [ 137.249087323545552, -5.246333507225082 ], [ 137.249075445196041, -5.248319457438048 ], [ 137.251416714524851, -5.248333528391184 ], [ 137.251410237526159, -5.249416776817404 ], [ 137.251590335739792, -5.249417859061111 ], [ 137.251589256159832, -5.249598400498487 ], [ 137.252129551181412, -5.249601647031652 ], [ 137.252128471718521, -5.249782188580021 ], [ 137.252308570185903, -5.24978327069175 ], [ 137.252309649597237, -5.249602729105968 ], [ 137.255011130350027, -5.249618954016219 ], [ 137.25499926326691, -5.251604917561504 ], [ 137.256620160888048, -5.251614650624127 ], [ 137.256609373325801, -5.253420075260524 ], [ 137.257149674757812, -5.253423319804754 ], [ 137.257150753528379, -5.253242777234687 ], [ 137.260032366052599, -5.253260073008021 ], [ 137.260015114428995, -5.256148763539628 ], [ 137.260375318322872, -5.256150925774698 ], [ 137.260372082882782, -5.256692555437401 ], [ 137.261632798778976, -5.25670012241326 ], [ 137.261623093684733, -5.258325013684838 ], [ 137.263244021010138, -5.258334741948336 ], [ 137.263242942943577, -5.258515285752466 ], [ 137.263423046219089, -5.258516366448974 ], [ 137.263404714223782, -5.261585611560067 ], [ 137.26502565329929, -5.261595341204215 ], [ 137.265014869359561, -5.263400782690938 ], [ 137.266635816127376, -5.263410511492467 ], [ 137.266616403962502, -5.266660311889465 ], [ 137.268417468800862, -5.266671123451259 ], [ 137.268407762820317, -5.268296026849876 ], [ 137.270028728571958, -5.26830575583706 ], [ 137.270021180638537, -5.269569571867283 ], [ 137.270741612285292, -5.269573895554966 ], [ 137.270740534066334, -5.269754440846024 ], [ 137.271641074726517, -5.269759844473885 ], [ 137.271629214694144, -5.271745844639552 ], [ 137.273250195368945, -5.27175557158381 ], [ 137.2732437271479, -5.27283884634655 ], [ 137.273423836609766, -5.272839927081735 ], [ 137.273419523920978, -5.273562110380415 ], [ 137.273599633627583, -5.27356319121248 ], [ 137.273593163782266, -5.274646466345759 ], [ 137.273773273837264, -5.274647547349095 ], [ 137.273771117026371, -5.27500863912447 ], [ 137.27503188918476, -5.27501620521378 ], [ 137.275022184948938, -5.276641120483656 ], [ 137.276643184617171, -5.276650847583323 ], [ 137.276634559819058, -5.278095219303112 ], [ 137.276814671495202, -5.278096300129462 ], [ 137.276813593279002, -5.278276846625912 ], [ 137.278254488449335, -5.278285491662333 ], [ 137.278256644014533, -5.277924398073528 ], [ 137.278436755975349, -5.277925478394795 ], [ 137.278437833650003, -5.277744931561335 ], [ 137.278257721741056, -5.277743851277227 ], [ 137.278270651543068, -5.275577289622858 ], [ 137.280431989451017, -5.275590244251732 ], [ 137.280436295700554, -5.274868055210057 ], [ 137.280616407228422, -5.274869134276133 ], [ 137.280617483645585, -5.274688586975416 ], [ 137.282778824272015, -5.274701531269899 ], [ 137.282773444922896, -5.275604269988255 ], [ 137.283313781697331, -5.275607505449444 ], [ 137.283312705870998, -5.275788053300652 ], [ 137.283672930677682, -5.275790210089148 ], [ 137.283671854917714, -5.2759707580133 ], [ 137.283851967428888, -5.275971836366696 ], [ 137.283849815900624, -5.276332932285415 ], [ 137.284029928552826, -5.276334010661042 ], [ 137.284015940653802, -5.278681134491681 ], [ 137.283654637681082, -5.278859524627696 ], [ 137.283642795286994, -5.280845551487153 ], [ 137.282742226288832, -5.280840153930899 ], [ 137.28274114922408, -5.281020701634072 ], [ 137.282561035484548, -5.281019621929643 ], [ 137.28255995833058, -5.281200169594436 ], [ 137.282198653564649, -5.281378557544573 ], [ 137.282197576232193, -5.281559105132597 ], [ 137.282377690052698, -5.281560185052423 ], [ 137.282375535379487, -5.28192128029891 ], [ 137.282555649341163, -5.281922360240941 ], [ 137.282554572000464, -5.282102907899398 ], [ 137.282734686051384, -5.282103987826512 ], [ 137.282733608725238, -5.282284535520821 ], [ 137.282913722865402, -5.282285615433016 ], [ 137.282912645553836, -5.282466163163168 ], [ 137.283271796804883, -5.282648870708782 ], [ 137.28325994464447, -5.284634896459363 ], [ 137.282899714902243, -5.284632735826211 ], [ 137.28289755927085, -5.284993831252312 ], [ 137.283257789220841, -5.284995992033906 ], [ 137.283245931721126, -5.28698201760329 ], [ 137.28342604732353, -5.286983098324182 ], [ 137.283418499653266, -5.288246932957326 ], [ 137.285219661367734, -5.288257739898646 ], [ 137.285208881005644, -5.290063221548062 ], [ 137.286649817222468, -5.290071866316918 ], [ 137.286642271660043, -5.291335705472679 ], [ 137.286822389218997, -5.291336786093801 ], [ 137.286821311184298, -5.291517334576625 ], [ 137.28718154651807, -5.291519495736638 ], [ 137.287180468550048, -5.291700044292338 ], [ 137.288261175758606, -5.29170652674371 ], [ 137.288251475176565, -5.293331465689437 ], [ 137.290052661521457, -5.293342268939265 ], [ 137.290045118177886, -5.294606112864006 ], [ 137.291125833959114, -5.294612593866438 ], [ 137.291123679007057, -5.294973692563669 ], [ 137.291664037712906, -5.294976932582914 ], [ 137.291657572899169, -5.296060229310678 ], [ 137.291837692854585, -5.296061309434918 ], [ 137.292015657819434, -5.296423488554185 ], [ 137.292375898124675, -5.29642564868988 ], [ 137.292374820659006, -5.296606198285619 ], [ 137.293275422334233, -5.296611597896833 ], [ 137.29326464823194, -5.298417095635142 ], [ 137.295065859581428, -5.298427894644244 ], [ 137.295056164392378, -5.300052845830319 ], [ 137.296677262008046, -5.300062563471358 ], [ 137.296669722502855, -5.301326416652796 ], [ 137.296849845010883, -5.301327496388448 ], [ 137.297027813285325, -5.301689677117329 ], [ 137.298288672872928, -5.301697233956495 ], [ 137.29827898009583, -5.303322190927104 ], [ 137.301701331358259, -5.303342695764034 ], [ 137.301691644482759, -5.304967658949156 ], [ 137.301871769074296, -5.30496873796096 ], [ 137.301874998210792, -5.304427083466567 ], [ 137.302415371739045, -5.304430319856091 ], [ 137.302417523998173, -5.304069216631949 ], [ 137.304579020203164, -5.304082156600946 ], [ 137.304575793635536, -5.304623812763973 ], [ 137.304934968343218, -5.304806521040869 ], [ 137.304929590323667, -5.305709281649811 ], [ 137.305109715792298, -5.305710359868431 ], [ 137.305107564428909, -5.306071464176908 ], [ 137.305647941370438, -5.306074698740479 ], [ 137.305644714516262, -5.306616355525685 ], [ 137.308706859486989, -5.306634677712847 ], [ 137.308700410096918, -5.307717995009967 ], [ 137.309060663777217, -5.307720150010313 ], [ 137.309057438894484, -5.308261808862865 ], [ 137.31338049838098, -5.308287655203478 ], [ 137.313370833001386, -5.309912639648376 ], [ 137.314091346869446, -5.309916945768131 ], [ 137.314275770480009, -5.309195806135 ], [ 137.31463710085859, -5.309017404397106 ], [ 137.314642468132064, -5.308114633953848 ], [ 137.316984136955227, -5.308128616239536 ], [ 137.316963749281939, -5.311559152841454 ], [ 137.31678361969719, -5.31155807689606 ], [ 137.316782546239494, -5.311738631404586 ], [ 137.317322935261302, -5.311741859194096 ], [ 137.317325081826482, -5.311380749955126 ], [ 137.317865470868043, -5.311383977053009 ], [ 137.317868689968492, -5.310842312854112 ], [ 137.3180488195664, -5.310843388338448 ], [ 137.318049892473681, -5.310662833566177 ], [ 137.320931970235534, -5.310680033611193 ], [ 137.320919102930787, -5.312846697850738 ], [ 137.320738972166822, -5.312845622799515 ], [ 137.320737899598925, -5.313026178107823 ], [ 137.320017376703817, -5.313021877232498 ], [ 137.320015231039292, -5.313382987551372 ], [ 137.323437722042797, -5.313403410645206 ], [ 137.323438793901232, -5.313222854788567 ], [ 137.325780505278061, -5.313236817117967 ], [ 137.325779434098536, -5.313417373451701 ], [ 137.326499962140417, -5.313421667919853 ], [ 137.326503174941479, -5.312879998474628 ], [ 137.326323043032318, -5.312878925046165 ], [ 137.326335891540964, -5.310712247591264 ], [ 137.328677601093545, -5.31072619235747 ], [ 137.328670111527117, -5.311990090898738 ], [ 137.330111169582182, -5.311998669950367 ], [ 137.330099401207036, -5.313984799329327 ], [ 137.329739135323024, -5.31398265407423 ], [ 137.329732713701731, -5.315065996867382 ], [ 137.327571117734834, -5.31505311829911 ], [ 137.32757968461641, -5.313608664750737 ], [ 137.32667902328788, -5.313603297921892 ], [ 137.326675810200584, -5.314144967461929 ], [ 137.326855942549145, -5.314146041042444 ], [ 137.326854871498455, -5.31432659758993 ], [ 137.327215136410842, -5.314328744667227 ], [ 137.327206567512491, -5.315773197588236 ], [ 137.329368165101869, -5.315786079173224 ], [ 137.32935638590854, -5.317772206646515 ], [ 137.328635850488894, -5.317767912010013 ], [ 137.328633707919693, -5.318129025786313 ], [ 137.328993975764831, -5.31813117335599 ], [ 137.328992904529429, -5.318311730315552 ], [ 137.330073709263814, -5.318318171986873 ], [ 137.330059783925407, -5.320665415204389 ], [ 137.330239918856648, -5.320666489109252 ], [ 137.330233489989155, -5.321749832280193 ], [ 137.331674573277269, -5.321758423390323 ], [ 137.331655286244512, -5.325008457904455 ], [ 137.333456653091474, -5.325019198664586 ], [ 137.333450224567429, -5.326102545608411 ], [ 137.333630361768883, -5.32610361961551 ], [ 137.333633576039659, -5.325561946039482 ], [ 137.335615085959688, -5.325573755446006 ], [ 137.335603305014729, -5.327559896264225 ], [ 137.33398206411033, -5.327550230871484 ], [ 137.333976705305446, -5.328453020454677 ], [ 137.333436291548111, -5.328449797163032 ], [ 137.333435219519458, -5.328630354966025 ], [ 137.333255081621672, -5.328629280393856 ], [ 137.333246503646905, -5.330073742479105 ], [ 137.333426641963825, -5.330074817344187 ], [ 137.333424497206465, -5.330435932926005 ], [ 137.333784774160392, -5.330438082645051 ], [ 137.333777267082553, -5.331701987653904 ], [ 137.335038240149828, -5.331709511809626 ], [ 137.335000690528432, -5.338029044886275 ], [ 137.335721254719402, -5.338033348371166 ], [ 137.335719108083737, -5.338394464792616 ], [ 137.336619814675856, -5.338399843331107 ], [ 137.336590827764894, -5.343274919461027 ], [ 137.336951113494706, -5.343277072483533 ], [ 137.33694681727502, -5.343999306197889 ], [ 137.337847533294422, -5.344004688564236 ], [ 137.33784968095253, -5.343643571343865 ], [ 137.338930540759947, -5.34365002800696 ], [ 137.338933761025544, -5.343108351508684 ], [ 137.339474190953268, -5.343111578800372 ], [ 137.339476337297867, -5.342750460909143 ], [ 137.339656480575627, -5.342751536494634 ], [ 137.339660772613286, -5.342029300550675 ], [ 137.341822492294455, -5.34204220171609 ], [ 137.341808549214477, -5.344389474159815 ], [ 137.341448260867452, -5.344387323542145 ], [ 137.341446115016566, -5.344748442214396 ], [ 137.342526981129367, -5.344754893873785 ], [ 137.342525908464012, -5.344935453427171 ], [ 137.343066342174353, -5.344938678655417 ], [ 137.343054542163856, -5.346924834863728 ], [ 137.342514106719193, -5.346921608430294 ], [ 137.342509814072798, -5.347643846575 ], [ 137.342329668787812, -5.347642770845712 ], [ 137.342320007709702, -5.349267806267976 ], [ 137.342139861988244, -5.349266730157254 ], [ 137.342138788298712, -5.349447289605711 ], [ 137.341598351197177, -5.349444060847681 ], [ 137.341596203392243, -5.34980517952159 ], [ 137.340515329550925, -5.349798720143797 ], [ 137.340514255277725, -5.349979279259607 ], [ 137.341595129434666, -5.349985738856629 ], [ 137.341585462161476, -5.351610772814577 ], [ 137.343386926765589, -5.351621537879244 ], [ 137.343377261249884, -5.353246575021 ], [ 137.34499858679834, -5.353256262027378 ], [ 137.344991070432883, -5.354520182032792 ], [ 137.345531514049071, -5.354523410851806 ], [ 137.345528292672327, -5.355065091163452 ], [ 137.346609181844059, -5.355071548033619 ], [ 137.346608108294248, -5.355252108353882 ], [ 137.347328702020434, -5.355256412024498 ], [ 137.347322261214117, -5.356339774794776 ], [ 137.348403154800451, -5.356346230030473 ], [ 137.348391346699032, -5.358332397397032 ], [ 137.352354647230612, -5.358356059157035 ], [ 137.352353574705631, -5.358536620620878 ], [ 137.353794779721227, -5.358545218852067 ], [ 137.35379263540429, -5.358906342358634 ], [ 137.355053692454675, -5.358913863548245 ], [ 137.355048332865181, -5.359816673566535 ], [ 137.355228484282435, -5.359817747992946 ], [ 137.355227412307329, -5.359998310029175 ], [ 137.355407563813884, -5.359999384439161 ], [ 137.35558557150776, -5.360361583010537 ], [ 137.35594587491488, -5.360363731711975 ], [ 137.355938371026213, -5.361627666930992 ], [ 137.356478827518487, -5.361630890351113 ], [ 137.356479899454314, -5.361450328071633 ], [ 137.356660051638983, -5.361451402402946 ], [ 137.356664338805246, -5.360729153126719 ], [ 137.358646012933605, -5.36074096568349 ], [ 137.35864494177676, -5.360921528404578 ], [ 137.359545704471998, -5.360926895817174 ], [ 137.359543562575595, -5.361288021619115 ], [ 137.359723715329892, -5.361289095015849 ], [ 137.359722644379502, -5.361469657951258 ], [ 137.360623408963193, -5.361475024324136 ], [ 137.360621267479871, -5.361836150554618 ], [ 137.362602953942798, -5.361847952724599 ], [ 137.362601883726171, -5.362028516237609 ], [ 137.362962190936628, -5.362030661472401 ], [ 137.362961120788867, -5.362211225056781 ], [ 137.363861889718407, -5.362216587400585 ], [ 137.36385653974952, -5.363119406211259 ], [ 137.364216848104491, -5.363121551141968 ], [ 137.364218987990768, -5.362760423476285 ], [ 137.366921303729754, -5.362776502628742 ], [ 137.366920234595881, -5.362957067006654 ], [ 137.367100389323411, -5.362958138563621 ], [ 137.367099320205739, -5.363138702976538 ], [ 137.367459629875867, -5.363140846004464 ], [ 137.367458560827146, -5.363321410488662 ], [ 137.367638715769715, -5.363322481959617 ], [ 137.367639784765714, -5.363141917439143 ], [ 137.369621490963453, -5.363153699732128 ], [ 137.369620422547541, -5.363334264651521 ], [ 137.372863224980392, -5.363353531624099 ], [ 137.372866427271049, -5.362811834905182 ], [ 137.373406895017382, -5.362815044076243 ], [ 137.373414364645498, -5.361551084260178 ], [ 137.375396078462188, -5.361562844362986 ], [ 137.375395012061745, -5.361743410453106 ], [ 137.377556887340603, -5.361756232798236 ], [ 137.377557953108379, -5.361575666273871 ], [ 137.378278579155847, -5.36157993855321 ], [ 137.378288167529632, -5.359954838474364 ], [ 137.383332552881654, -5.359984711647713 ], [ 137.383342125026871, -5.358359602357412 ], [ 137.384783379427262, -5.358368127342565 ], [ 137.384792944834629, -5.35674301534912 ], [ 137.386594511364223, -5.356753663578859 ], [ 137.386605130875779, -5.354947979855735 ], [ 137.388406695770982, -5.354958619198062 ], [ 137.388416245487491, -5.353333500491564 ], [ 137.390037652732616, -5.35334306846615 ], [ 137.390047195245302, -5.351717946735825 ], [ 137.391668601166344, -5.351727507516993 ], [ 137.391679195775538, -5.349921813340877 ], [ 137.393300599898936, -5.349931366606966 ], [ 137.393319652535695, -5.346681110933504 ], [ 137.394941051075705, -5.3466906540946 ], [ 137.394950568731417, -5.345065523186769 ], [ 137.396752121376011, -5.345076118453244 ], [ 137.396754234960838, -5.344714977517675 ], [ 137.396574079638498, -5.344713918300072 ], [ 137.396593096328559, -5.341463650299418 ], [ 137.397674023131515, -5.341470000928879 ], [ 137.397675078955047, -5.341289430256469 ], [ 137.39821554268778, -5.341292604752535 ], [ 137.398217653911161, -5.340931463188078 ], [ 137.39839780845611, -5.340932521176201 ], [ 137.398423130581619, -5.336598821144156 ], [ 137.400044511775292, -5.336608332900999 ], [ 137.400088755501429, -5.32902434249768 ], [ 137.399908604093127, -5.329023287356199 ], [ 137.399951734982494, -5.321619867475816 ], [ 137.398330393258647, -5.321610382108195 ], [ 137.39836928146164, -5.314929257246783 ], [ 137.396747960083388, -5.314919779610483 ], [ 137.3965846229774, -5.31202959642396 ], [ 137.396404477210751, -5.312028543614725 ], [ 137.396405527550996, -5.311847973024123 ], [ 137.396045236230805, -5.311845867320563 ], [ 137.396046286639262, -5.31166529680068 ], [ 137.394965413861371, -5.311658978649476 ], [ 137.394984320659432, -5.308408712963517 ], [ 137.393363022396187, -5.308399238036373 ], [ 137.393373525797728, -5.306593537941849 ], [ 137.391752235166791, -5.306584062019061 ], [ 137.391756437390796, -5.305861783242853 ], [ 137.39157629437733, -5.305860730245172 ], [ 137.391581546602339, -5.304957881926735 ], [ 137.388338983256688, -5.304938922270853 ], [ 137.388348443425713, -5.303313801058427 ], [ 137.386727170385939, -5.303304317800015 ], [ 137.386732427111355, -5.302401474261248 ], [ 137.386011863302571, -5.3023972588425 ], [ 137.386016068863398, -5.301674984566185 ], [ 137.384935225490835, -5.301668660736595 ], [ 137.384942586013153, -5.300404682220527 ], [ 137.38458230590922, -5.30040257436475 ], [ 137.38458440879711, -5.300041437778945 ], [ 137.381702174865666, -5.30002456856627 ], [ 137.381704279275652, -5.299663433131191 ], [ 137.381344000896917, -5.299661323683936 ], [ 137.381351365915918, -5.298397350127362 ], [ 137.379910256773144, -5.298388912273137 ], [ 137.37992077930474, -5.296583238548114 ], [ 137.378839952100265, -5.296576910133632 ], [ 137.378838899698366, -5.296757477294871 ], [ 137.376677248594575, -5.29674481439442 ], [ 137.376687777224191, -5.294939147065874 ], [ 137.371643959620144, -5.294909581204291 ], [ 137.371653445389853, -5.293284489624982 ], [ 137.364988461876237, -5.293245369780088 ], [ 137.364997962018634, -5.291620290174835 ], [ 137.358333045830562, -5.291581111017722 ], [ 137.358342560334222, -5.289956043408475 ], [ 137.35329888637358, -5.289926356035012 ], [ 137.353308411015803, -5.28830129749359 ], [ 137.343401303709356, -5.288242882080668 ], [ 137.34340024270324, -5.288423442140429 ], [ 137.338356665653322, -5.288393641811909 ], [ 137.338367288613938, -5.286588051387821 ], [ 137.336746149648775, -5.286578467326015 ], [ 137.336751462087676, -5.285675673712305 ], [ 137.336571335979784, -5.285674608738991 ], [ 137.336575585476254, -5.284952373971634 ], [ 137.333333325570067, -5.284933198181107 ], [ 137.333342893198022, -5.283308175809226 ], [ 137.331721771926993, -5.283298584553288 ], [ 137.331731340776741, -5.281673565045423 ], [ 137.329930103094114, -5.281662906446317 ], [ 137.329932230138013, -5.281301791718978 ], [ 137.329211736512519, -5.281297527115416 ], [ 137.329223434901223, -5.279311397637439 ], [ 137.329943926243146, -5.279315660628464 ], [ 137.329768055582946, -5.278592365580038 ], [ 137.328507197832693, -5.278584905461742 ], [ 137.328508261161346, -5.278404348370487 ], [ 137.328328138824986, -5.278403282467926 ], [ 137.328338770601391, -5.276597711852662 ], [ 137.326537554454006, -5.276587053633663 ], [ 137.326544998132647, -5.27532315669487 ], [ 137.326364877083847, -5.275322090843789 ], [ 137.326367003620703, -5.274960977494723 ], [ 137.324926037388508, -5.27495244940194 ], [ 137.324931355158498, -5.274049667474724 ], [ 137.324751234804808, -5.274048601412728 ], [ 137.324753361758013, -5.273687488706413 ], [ 137.324032881127096, -5.2736832242324 ], [ 137.324035008347295, -5.273322111814642 ], [ 137.323314528721824, -5.27331784680294 ], [ 137.323316656208931, -5.272956734673798 ], [ 137.323136536498538, -5.272955668364406 ], [ 137.323143981902604, -5.271691776129707 ], [ 137.321522909436112, -5.271682179320734 ], [ 137.321537801341208, -5.269154399292915 ], [ 137.321717919631169, -5.2691554652986 ], [ 137.321723236154583, -5.268252686473793 ], [ 137.319922057506972, -5.268242025917579 ], [ 137.319931629580424, -5.266617027259753 ], [ 137.318310576151504, -5.266607431298239 ], [ 137.318329719697886, -5.263357439630512 ], [ 137.316708677647057, -5.263347845422444 ], [ 137.316718249116121, -5.261722852413865 ], [ 137.314917099451463, -5.261712190567044 ], [ 137.31492667257686, -5.26008720076715 ], [ 137.313305645231395, -5.260077603653718 ], [ 137.313316283172497, -5.258272062624219 ], [ 137.310074246784836, -5.258252862433209 ], [ 137.310083826135696, -5.256627881364776 ], [ 137.308282704647439, -5.256617210656047 ], [ 137.308292285644711, -5.254992232802238 ], [ 137.305050284678771, -5.254973018450116 ], [ 137.305059871037059, -5.253348046468151 ], [ 137.301637780781022, -5.253327752766326 ], [ 137.301647372959479, -5.251702786993706 ], [ 137.29660433003545, -5.251672855744183 ], [ 137.296613932207862, -5.250047899180947 ], [ 137.294992964495947, -5.250038272803873 ], [ 137.295002567833535, -5.24841331913435 ], [ 137.291580543606585, -5.248392989354025 ], [ 137.291591220243617, -5.246587492188683 ], [ 137.288349324239078, -5.246568221847586 ], [ 137.288358938378252, -5.244943280291761 ], [ 137.283316026037994, -5.244913280266852 ], [ 137.283325650142814, -5.243288347953573 ], [ 137.280083801722782, -5.243269046847831 ], [ 137.280085941856726, -5.242907952100769 ], [ 137.279726807543767, -5.242725259347929 ], [ 137.279730017661507, -5.242183617436971 ], [ 137.279549915710135, -5.242182544782223 ], [ 137.279552055704812, -5.241821450242915 ], [ 137.279371953893815, -5.241820377610819 ], [ 137.279373023886592, -5.241639830376423 ], [ 137.276671501979138, -5.241623735256431 ], [ 137.276681137184426, -5.239998815106657 ], [ 137.273259230319155, -5.23997841763732 ], [ 137.273268871298029, -5.238353503744936 ], [ 137.271647976930694, -5.238343838296766 ], [ 137.271657619046209, -5.236718927316824 ], [ 137.270036731879912, -5.236709260704897 ], [ 137.270057086292667, -5.233278899112423 ], [ 137.268256113883268, -5.233268160609144 ], [ 137.268275393789708, -5.23001835064949 ], [ 137.266654530152124, -5.230008687625936 ], [ 137.26672408097545, -5.218273281184086 ], [ 137.264923158300718, -5.218262563828748 ], [ 137.264972306740191, -5.209957520909858 ], [ 137.263351500746381, -5.209947886335666 ], [ 137.263370719431379, -5.206698092253211 ], [ 137.261749924765553, -5.206688459566854 ], [ 137.261756331054329, -5.205605196797365 ], [ 137.261576243252648, -5.205604126466389 ], [ 137.261590119574237, -5.203257057463182 ], [ 137.259969337030213, -5.203247426544562 ], [ 137.259978944138084, -5.201622535519005 ], [ 137.258358168775374, -5.201612903474238 ], [ 137.258375247924221, -5.198724213445127 ], [ 137.258015077669256, -5.198722073622498 ], [ 137.25801721209092, -5.198360987495778 ], [ 137.256576533391154, -5.198352426755012 ], [ 137.256586140105156, -5.196727541812959 ], [ 137.254965383578764, -5.196717910090535 ], [ 137.254976058728573, -5.194912485622367 ], [ 137.253355309841368, -5.194902853119655 ], [ 137.253364918394283, -5.193277974020309 ], [ 137.251744176686685, -5.193268340403549 ], [ 137.251753786324258, -5.191643464233138 ], [ 137.249952970370231, -5.191632758723959 ], [ 137.249962581548743, -5.190007885820685 ], [ 137.24834185453912, -5.1899982495237 ], [ 137.24835146679689, -5.188373379552113 ], [ 137.246730746966819, -5.188363742149118 ], [ 137.246740360301231, -5.186738875110521 ], [ 137.240257528024244, -5.186700296260551 ] ] ] } },
{ "type": "Feature", "properties": { "zone_id": 3, "pixel_count": 3578, "area_m2": 1431200, "area_ha": 143.12, "salinity_min": 33.123, "salinity_max": 33.125, "salinity_mean": 33.125, "salinity_median": 33.125, "depth_min": 3.708, "depth_max": 8.488, "depth_mean": 6.923, "depth_median": 7.121, "temperature_min": 28.762, "temperature_max": 28.956, "temperature_mean": 28.956, "temperature_median": 28.956, "sedimentation_min": 18.34, "sedimentation_max": 18.34, "sedimentation_mean": 18.34, "sedimentation_median": 18.34, "depth_group": "10m", "source_zone_tif": "zone_10m_2_5_False.tif", "source_csv": "ringkasan_10m_2_5_False.csv" }, "geometry": { "type": "Polygon", "coordinates": [ [ [ 137.61826130884964, -5.333333985778749 ], [ 137.618243487932119, -5.336585027304063 ], [ 137.618423683706737, -5.336586019930115 ], [ 137.618387019169688, -5.343268716384606 ], [ 137.620008800173082, -5.343277658896453 ], [ 137.619972106613886, -5.349960364895164 ], [ 137.621593907894521, -5.349969314378489 ], [ 137.621577041151482, -5.3530397514581 ], [ 137.621757242359138, -5.353040746154969 ], [ 137.621755257496403, -5.353401974090526 ], [ 137.623377070842025, -5.353410924593095 ], [ 137.623359209501842, -5.356661981254894 ], [ 137.62498103413688, -5.356670932942732 ], [ 137.625077110874059, -5.339151315610755 ], [ 137.624896913107165, -5.339150324460721 ], [ 137.62492854016736, -5.333370655400796 ], [ 137.61826130884964, -5.333333985778749 ] ] ] } },
{ "type": "Feature", "properties": { "zone_id": 4, "pixel_count": 403141, "area_m2": 161256400, "area_ha": 16125.64, "salinity_min": 33.055, "salinity_max": 33.104, "salinity_mean": 33.089, "salinity_median": 33.099, "depth_min": 2.611, "depth_max": 9.341, "depth_mean": 6.816, "depth_median": 6.877, "temperature_min": 28.755, "temperature_max": 29.077, "temperature_mean": 28.932, "temperature_median": 28.951, "sedimentation_min": 5.719, "sedimentation_max": 19.892, "sedimentation_mean": 15.11, "sedimentation_median": 15.064, "depth_group": "10m", "source_zone_tif": "zone_10m_2_5_False.tif", "source_csv": "ringkasan_10m_2_5_False.csv" }, "geometry": { "type": "Polygon", "coordinates": [ [ [ 137.623374181056477, -5.386644929626274 ], [ 137.623365196005295, -5.388270456242058 ], [ 137.621743290521408, -5.388261447606842 ], [ 137.621733299130312, -5.390067585135103 ], [ 137.618309275401856, -5.390048546348147 ], [ 137.61830027117017, -5.391674064242006 ], [ 137.613254350475302, -5.391645963570182 ], [ 137.613245330111738, -5.393271472842175 ], [ 137.608379633262274, -5.393244328041236 ], [ 137.608369593063429, -5.395050440193097 ], [ 137.606747694859081, -5.395041380255938 ], [ 137.606738651461256, -5.396666878339889 ], [ 137.603314644138123, -5.396647731847843 ], [ 137.603305588890521, -5.398273224030052 ], [ 137.601683690685093, -5.398264145181272 ], [ 137.601673621270095, -5.400070244431584 ], [ 137.600051721049994, -5.400061158212662 ], [ 137.600042651347849, -5.401686644679646 ], [ 137.59842074959144, -5.401677551393477 ], [ 137.598411672811807, -5.403303035006461 ], [ 137.596609558213316, -5.403292923233253 ], [ 137.596600473874815, -5.404918403684867 ], [ 137.59497856935414, -5.404909295776534 ], [ 137.594968467603564, -5.406715381986603 ], [ 137.59334656106796, -5.406706266696876 ], [ 137.593337462252663, -5.408331741422021 ], [ 137.591715554181036, -5.408322619054397 ], [ 137.591706448277421, -5.409948090919932 ], [ 137.590084538669856, -5.409938961471821 ], [ 137.590076438367475, -5.411383822814254 ], [ 137.590256650835016, -5.411384837683388 ], [ 137.590243483854437, -5.413732737635367 ], [ 137.589883057568471, -5.413730706957974 ], [ 137.589881031151521, -5.414091922179992 ], [ 137.588259113603499, -5.414082780874638 ], [ 137.588244918126605, -5.416611282993549 ], [ 137.586622996641864, -5.416602133066132 ], [ 137.5866128480979, -5.41840820278814 ], [ 137.584990924594877, -5.418399045462548 ], [ 137.584979751949618, -5.420385718633836 ], [ 137.585159966121608, -5.420386736703557 ], [ 137.585160981935019, -5.420206130023831 ], [ 137.587503768602289, -5.420219359620794 ], [ 137.587489553801134, -5.422747859228904 ], [ 137.58460611292702, -5.422731567724655 ], [ 137.584607129347148, -5.422550961163734 ], [ 137.583706056144223, -5.422545867430728 ], [ 137.583705039457243, -5.422726473821018 ], [ 137.583344610309865, -5.42272443588509 ], [ 137.583341559722385, -5.423266254843568 ], [ 137.58622499931181, -5.423282553977183 ], [ 137.586212804120493, -5.42544983624824 ], [ 137.587654532338263, -5.425457983952342 ], [ 137.587652500180155, -5.425819198192043 ], [ 137.587832716468682, -5.425820216482379 ], [ 137.587827635739757, -5.426723252229933 ], [ 137.588548502305343, -5.426727325537734 ], [ 137.588558660768712, -5.424921252647527 ], [ 137.589280541190988, -5.424744716303272 ], [ 137.589281556600667, -5.424564108869708 ], [ 137.589461772824222, -5.424565126439772 ], [ 137.589463803433858, -5.424203911500697 ], [ 137.592527482666355, -5.424221200845897 ], [ 137.592526468286422, -5.424401808895063 ], [ 137.593067118751492, -5.424404858452726 ], [ 137.593074217570063, -5.423140601367164 ], [ 137.595597251918974, -5.423154822933519 ], [ 137.595591171804926, -5.424238474725911 ], [ 137.596672476217293, -5.424244567697017 ], [ 137.596673489334876, -5.424063958864071 ], [ 137.59793501233321, -5.424071064657508 ], [ 137.597936025042827, -5.423890455585327 ], [ 137.598657908328761, -5.423713905516113 ], [ 137.598660945508868, -5.423172077880358 ], [ 137.602805958456145, -5.423195398196682 ], [ 137.602788764577269, -5.426265767927835 ], [ 137.602248106965391, -5.426262726021445 ], [ 137.602240011028613, -5.427707604953835 ], [ 137.601879571936763, -5.427705576205391 ], [ 137.601877547397066, -5.428066795790045 ], [ 137.599714914435623, -5.428054617986173 ], [ 137.599723016903226, -5.426609742877461 ], [ 137.599362579410013, -5.426607713037322 ], [ 137.599363592171358, -5.426427103710988 ], [ 137.599183373529456, -5.426426088744589 ], [ 137.599182360714678, -5.426606698036947 ], [ 137.598281267751304, -5.426601622232003 ], [ 137.598280254635199, -5.426782231353189 ], [ 137.597559380666752, -5.426778169609597 ], [ 137.597558367302753, -5.426958778593557 ], [ 137.59521552999351, -5.426945571568747 ], [ 137.595221613830773, -5.425861920298381 ], [ 137.595041396136423, -5.425860904202715 ], [ 137.595036326090593, -5.426763946761097 ], [ 137.593053930775937, -5.426752764304291 ], [ 137.593055960072235, -5.426391548033354 ], [ 137.592695525219625, -5.426389514299553 ], [ 137.592694510481778, -5.426570122367574 ], [ 137.592514293053455, -5.426569105386329 ], [ 137.592332045867238, -5.426929304347621 ], [ 137.591611176206555, -5.426925235400746 ], [ 137.59161016104531, -5.427105843260688 ], [ 137.589447554714212, -5.427093630871541 ], [ 137.589438410949725, -5.42871909787521 ], [ 137.588537324031989, -5.428714005570718 ], [ 137.588536307619421, -5.428894612838845 ], [ 137.587815438489145, -5.42889053789489 ], [ 137.587814421828483, -5.429071145025404 ], [ 137.587273770180872, -5.429068088152798 ], [ 137.587263600082821, -5.430874158365462 ], [ 137.587443817798885, -5.430875177717506 ], [ 137.587431609791111, -5.433042462214567 ], [ 137.587251391433426, -5.433041442453382 ], [ 137.587244267438194, -5.434305691420366 ], [ 137.584721208794122, -5.434291405793243 ], [ 137.584720190194247, -5.434472012305934 ], [ 137.581836701991193, -5.434455672462147 ], [ 137.581837721446988, -5.434275066495628 ], [ 137.581657503779979, -5.434274044833839 ], [ 137.581644247477186, -5.436621921855643 ], [ 137.585068402244133, -5.436641332693575 ], [ 137.585061268946333, -5.43790557861798 ], [ 137.585782146713484, -5.437909663598214 ], [ 137.585780108747457, -5.438270876980968 ], [ 137.588303186758509, -5.438285168606982 ], [ 137.588299113412404, -5.439007597266776 ], [ 137.589019994936592, -5.439011679202368 ], [ 137.589014903552624, -5.439914715680206 ], [ 137.589916007568604, -5.439919817744234 ], [ 137.589909898382132, -5.441003462497991 ], [ 137.590090119609584, -5.441004482954208 ], [ 137.590086046346727, -5.441726912900936 ], [ 137.591708040865768, -5.441736095817505 ], [ 137.591698878357278, -5.44336156588227 ], [ 137.593320879993598, -5.443370747207824 ], [ 137.593302555327853, -5.446621692544008 ], [ 137.595825688009825, -5.446635974533812 ], [ 137.595813474406526, -5.448803276912041 ], [ 137.594912351602829, -5.448798175369479 ], [ 137.59491031498635, -5.44915939207457 ], [ 137.595090539585868, -5.449160412558636 ], [ 137.59508748456517, -5.449702237708802 ], [ 137.595267709359888, -5.449703258241162 ], [ 137.595265672615426, -5.450064475069621 ], [ 137.596707473064583, -5.450072637937073 ], [ 137.596679975197844, -5.454949071969862 ], [ 137.598302016366546, -5.454958259343139 ], [ 137.598292849214374, -5.456583739901713 ], [ 137.600275353058294, -5.456594966357172 ], [ 137.600264151497612, -5.45858166878904 ], [ 137.600083923113345, -5.458580648097702 ], [ 137.600080867262648, -5.459122475905044 ], [ 137.601702925403544, -5.459131661105261 ], [ 137.601688667469688, -5.461660195000632 ], [ 137.603310735153769, -5.461669380115258 ], [ 137.603301570156276, -5.463294868808756 ], [ 137.604923644964941, -5.463304052306871 ], [ 137.604914481556506, -5.464929543645591 ], [ 137.608338879992772, -5.464948922489913 ], [ 137.60832870540716, -5.466755030298406 ], [ 137.608689170193628, -5.466757069722157 ], [ 137.608690187698159, -5.466576458879264 ], [ 137.614998341660652, -5.466612112684542 ], [ 137.614988183921241, -5.468418232904849 ], [ 137.615889354872621, -5.468423322602682 ], [ 137.61589037053065, -5.46824271041729 ], [ 137.618413652969053, -5.468256953921768 ], [ 137.618403502395438, -5.47006308045049 ], [ 137.62164774216572, -5.470081384067413 ], [ 137.621638612466626, -5.471706903305522 ], [ 137.623260740846234, -5.471716051289701 ], [ 137.623251612758082, -5.4733415731583 ], [ 137.625053985701953, -5.473351735491825 ], [ 137.625044859712489, -5.474977260293114 ], [ 137.626667002631848, -5.474986404506493 ], [ 137.626657878258754, -5.476611931935513 ], [ 137.628280028295165, -5.476621074502495 ], [ 137.628270905541086, -5.478246604557935 ], [ 137.630073302547913, -5.47825676086315 ], [ 137.630063168326274, -5.480062908616351 ], [ 137.633307501194992, -5.480081182401418 ], [ 137.633298386239034, -5.481706720722764 ], [ 137.638345161673328, -5.481735120256556 ], [ 137.638355274121068, -5.479928957147473 ], [ 137.642500847086524, -5.479952245888966 ], [ 137.64250286668792, -5.479591011707669 ], [ 137.644846023129958, -5.47960416138344 ], [ 137.644845014047633, -5.479784778910711 ], [ 137.645025257141242, -5.47978579007924 ], [ 137.645033328422642, -5.478340849557256 ], [ 137.650080136658886, -5.478369132817358 ], [ 137.650089200674671, -5.476743566191183 ], [ 137.652432364317207, -5.476756679382063 ], [ 137.652433370560374, -5.476576060426686 ], [ 137.660003628184512, -5.476618362291631 ], [ 137.66001266247369, -5.474992779006191 ], [ 137.673350843698614, -5.475067056704975 ], [ 137.673344845084216, -5.476150793695588 ], [ 137.674065834376648, -5.476154801074733 ], [ 137.674062835264692, -5.476696669951782 ], [ 137.685057998134454, -5.476757681407245 ], [ 137.68504902860812, -5.478383306185878 ], [ 137.691718304235167, -5.478420226153779 ], [ 137.691709349977117, -5.480045861849582 ], [ 137.699820714423481, -5.480090678121859 ], [ 137.699821707045345, -5.479910050452641 ], [ 137.703246524545619, -5.479928939365423 ], [ 137.703243549657174, -5.480470824248099 ], [ 137.703423803703657, -5.480471817959338 ], [ 137.703416861513858, -5.481736216205203 ], [ 137.706661446825137, -5.481754097905914 ], [ 137.706652527512119, -5.48337975803646 ], [ 137.710077388448354, -5.483398619770559 ], [ 137.710068475687848, -5.485024285423408 ], [ 137.711690786785226, -5.485033215771569 ], [ 137.711681875719592, -5.486658883984233 ], [ 137.714926514709674, -5.486676736844752 ], [ 137.714917609719862, -5.488302410275724 ], [ 137.719964860838388, -5.48833015477978 ], [ 137.719955966796306, -5.489955836374762 ], [ 137.723380911187974, -5.489974644414786 ], [ 137.723372023720827, -5.491600331509487 ], [ 137.728419345521218, -5.491628021206661 ], [ 137.728410469017376, -5.493253716444229 ], [ 137.735080201864037, -5.493290252087865 ], [ 137.735071340716075, -5.494915958099282 ], [ 137.738316100656192, -5.494933710635921 ], [ 137.738306261559728, -5.496740056398632 ], [ 137.739928650392443, -5.496748929008976 ], [ 137.739919796785415, -5.498374642726845 ], [ 137.743344857865821, -5.498393364926976 ], [ 137.743336010864937, -5.500019084110685 ], [ 137.744958416738569, -5.500027948317388 ], [ 137.744940723551338, -5.503279391648349 ], [ 137.746743409613543, -5.503289241462481 ], [ 137.746734563919119, -5.504914965901036 ], [ 137.748356988567679, -5.504923828721333 ], [ 137.748347161789127, -5.506730192013713 ], [ 137.749969593971173, -5.506739053355846 ], [ 137.749960751466972, -5.508364782842265 ], [ 137.751583190694475, -5.508373642411049 ], [ 137.751576314778418, -5.509638100653101 ], [ 137.751756586347199, -5.50963908500497 ], [ 137.751754621613998, -5.510000358841931 ], [ 137.753377068181237, -5.510009216145138 ], [ 137.753371176128724, -5.511093039378199 ], [ 137.753551448458722, -5.511094023445682 ], [ 137.753548502154104, -5.511635935142437 ], [ 137.754990683273888, -5.511643806502049 ], [ 137.754982828499493, -5.513088906380347 ], [ 137.755884194933628, -5.513093825508662 ], [ 137.755883213211405, -5.513274463149878 ], [ 137.756604307163883, -5.513278397602452 ], [ 137.75659449031869, -5.515084775241633 ], [ 137.758397232918384, -5.51509461080343 ], [ 137.758388399857125, -5.516720353486855 ], [ 137.76001087538944, -5.516729203460465 ], [ 137.760002044088253, -5.518354948664718 ], [ 137.76162452666631, -5.518363796848712 ], [ 137.761606864948362, -5.521615292193451 ], [ 137.76340963625583, -5.521625124157243 ], [ 137.763400806332726, -5.523250874587546 ], [ 137.765023307703245, -5.523259721313302 ], [ 137.76501349848067, -5.525066113470327 ], [ 137.766636007388314, -5.525074958688031 ], [ 137.766627180713584, -5.526700714139062 ], [ 137.768249696668619, -5.526709557555014 ], [ 137.768242833085338, -5.527974035981236 ], [ 137.768423113179864, -5.527975018536263 ], [ 137.768421151972177, -5.528336298139779 ], [ 137.770043675267402, -5.528345139260077 ], [ 137.770034852635263, -5.529970900028568 ], [ 137.77165738297785, -5.529979739341691 ], [ 137.771648562125904, -5.531605502621525 ], [ 137.773271099515966, -5.531614340124833 ], [ 137.773261300387844, -5.533420746551669 ], [ 137.775064128248374, -5.533430564035198 ], [ 137.7750553111633, -5.535056332612457 ], [ 137.77830041832874, -5.535073995533383 ], [ 137.778291607450768, -5.536699769226822 ], [ 137.779914169394345, -5.536708596654455 ], [ 137.779910254569472, -5.537431163866322 ], [ 137.780090539610256, -5.537432144546997 ], [ 137.780085645622449, -5.538335353694152 ], [ 137.786756225005973, -5.538371606388015 ], [ 137.786747431962482, -5.539997393478726 ], [ 137.795040669066054, -5.540042373274041 ], [ 137.795031896007941, -5.541668173541119 ], [ 137.801702610991128, -5.54170427959591 ], [ 137.801693853508255, -5.543330090416523 ], [ 137.804939090999852, -5.543347633611854 ], [ 137.804947839633655, -5.541721817615019 ], [ 137.808373370065311, -5.541740310732447 ], [ 137.80838307733751, -5.539933842328613 ], [ 137.810005696151279, -5.539942592460398 ], [ 137.810023152299692, -5.536690943847114 ], [ 137.81164576487285, -5.53669968438338 ], [ 137.81165448462491, -5.535073857340668 ], [ 137.813277095379362, -5.535082590867368 ], [ 137.81328677603392, -5.533276113387633 ], [ 137.814909384478739, -5.533284839620762 ], [ 137.814918089907621, -5.531659007201323 ], [ 137.816720986319126, -5.531668694960294 ], [ 137.816729684244336, -5.530042859573873 ], [ 137.818352289339998, -5.530051571309625 ], [ 137.818370633783388, -5.526619246384461 ], [ 137.81999323215706, -5.526627948259909 ], [ 137.820001913182381, -5.525002107402853 ], [ 137.821624509738371, -5.525010802283465 ], [ 137.821633183760071, -5.523384958750087 ], [ 137.82325577849835, -5.523393646638459 ], [ 137.823265408361493, -5.521587150845105 ], [ 137.833361581083466, -5.52164109178621 ], [ 137.833416236682723, -5.511343962161974 ], [ 137.833235950105404, -5.511343002234676 ], [ 137.833296241829515, -5.499961961461943 ], [ 137.82680606935827, -5.499927439689485 ], [ 137.826805111383777, -5.5001080900287 ], [ 137.793994309518524, -5.499932480031741 ], [ 137.793993341647479, -5.500113124567638 ], [ 137.791649753017907, -5.500100511740677 ], [ 137.791744519920201, -5.482397382071272 ], [ 137.791564249400466, -5.48239641461612 ], [ 137.791692372718785, -5.458370723593399 ], [ 137.77258464097568, -5.458268319756233 ], [ 137.772583674073218, -5.458448960723561 ], [ 137.739776901864985, -5.458271717054568 ], [ 137.739775925143391, -5.458452352120746 ], [ 137.708231967216534, -5.458280236617141 ], [ 137.708407956868626, -5.425947565219877 ], [ 137.708227718180581, -5.425946582849261 ], [ 137.708256132131396, -5.420708325992071 ], [ 137.708075895025416, -5.4207073445218 ], [ 137.708077853688337, -5.420346085455164 ], [ 137.707356906022653, -5.420342159302228 ], [ 137.707358864980165, -5.419980900493763 ], [ 137.707178628253303, -5.419979918887584 ], [ 137.706994473085047, -5.420701454576613 ], [ 137.706633999369956, -5.420699490833526 ], [ 137.706633019561707, -5.420880120101758 ], [ 137.706272545872366, -5.420878156078841 ], [ 137.706271565924226, -5.421058785280002 ], [ 137.705549638534848, -5.421235485528701 ], [ 137.705367441169784, -5.421595761224028 ], [ 137.701762710613792, -5.421576101238474 ], [ 137.701766635944153, -5.420853587734761 ], [ 137.701586399978197, -5.42085260430545 ], [ 137.7015873812812, -5.420671975959349 ], [ 137.701227890932245, -5.420489380724704 ], [ 137.701238683884412, -5.418502469546251 ], [ 137.701418919090116, -5.418503452654075 ], [ 137.701420880906909, -5.418142195993974 ], [ 137.701782331956395, -5.417963533519504 ], [ 137.701784293360646, -5.417602276720058 ], [ 137.701964528399088, -5.417603259502667 ], [ 137.701965508998114, -5.417422631068111 ], [ 137.70412833140719, -5.417434419893336 ], [ 137.704129311332821, -5.417253791062204 ], [ 137.703047899851327, -5.417247897809672 ], [ 137.703050840389494, -5.416706011901653 ], [ 137.684486812961524, -5.416604554475819 ], [ 137.684485827321026, -5.41678517971038 ], [ 137.651323776703407, -5.416602517798826 ], [ 137.651322781215498, -5.416783136906189 ], [ 137.62501021813938, -5.416636906118544 ], [ 137.625077362436059, -5.404535751708571 ], [ 137.624897145459045, -5.404534748458715 ], [ 137.624996084995331, -5.386653931223448 ], [ 137.623374181056477, -5.386644929626274 ] ] ] } },
{ "type": "Feature", "properties": { "zone_id": 5, "pixel_count": 149985, "area_m2": 59994000, "area_ha": 5999.4, "salinity_min": 33.007, "salinity_max": 33.055, "salinity_mean": 33.04, "salinity_median": 33.055, "depth_min": 3.438, "depth_max": 9.347, "depth_mean": 7.524, "depth_median": 7.485, "temperature_min": 28.626, "temperature_max": 28.916, "temperature_mean": 28.887, "temperature_median": 28.874, "sedimentation_min": 5.764, "sedimentation_max": 17.097, "sedimentation_mean": 13.517, "sedimentation_median": 16.234, "depth_group": "10m", "source_zone_tif": "zone_10m_2_5_False.tif", "source_csv": "ringkasan_10m_2_5_False.csv" }, "geometry": { "type": "Polygon", "coordinates": [ [ [ 137.866611058888168, -5.541690356656233 ], [ 137.866602478981832, -5.543316270029658 ], [ 137.86497976180911, -5.543307669732759 ], [ 137.864971174919759, -5.544933580466101 ], [ 137.861725739393961, -5.544916361487677 ], [ 137.861716185565854, -5.546722923205257 ], [ 137.859913164786462, -5.546713346300425 ], [ 137.859904558717062, -5.548339248913924 ], [ 137.858281838289855, -5.548330622472141 ], [ 137.858273225228032, -5.549956522439987 ], [ 137.856650502932865, -5.549947889014718 ], [ 137.856640924933544, -5.551754441587084 ], [ 137.855018200277982, -5.551745800892863 ], [ 137.855000943032906, -5.554997590112331 ], [ 137.853919122108834, -5.554991823786021 ], [ 137.853913365441656, -5.556075752302643 ], [ 137.853551798398314, -5.556254484062953 ], [ 137.853549878973297, -5.556615793430017 ], [ 137.851746842339736, -5.556606174567849 ], [ 137.851728591069389, -5.56003860732423 ], [ 137.849925547196108, -5.560028976992566 ], [ 137.849916892928633, -5.561654863199912 ], [ 137.848294151715095, -5.56164618865474 ], [ 137.848285490436211, -5.563272072208 ], [ 137.84666274735244, -5.563263390660687 ], [ 137.846653115757022, -5.565069924985233 ], [ 137.845030370309388, -5.565061236149413 ], [ 137.845021694713751, -5.566687114378967 ], [ 137.843398947395855, -5.566678418535666 ], [ 137.843390264780737, -5.568304294107032 ], [ 137.841587210286377, -5.568294623994958 ], [ 137.841578520155082, -5.569920496622627 ], [ 137.839955769383295, -5.569911786261457 ], [ 137.839937405696389, -5.573344178292283 ], [ 137.838314648110952, -5.573335458071976 ], [ 137.838286582825702, -5.578574363091315 ], [ 137.839007814476957, -5.578578242961066 ], [ 137.839005878392697, -5.578939546968827 ], [ 137.839186186495112, -5.578940516861711 ], [ 137.839175536360358, -5.580927689160854 ], [ 137.838273993141428, -5.580922837407327 ], [ 137.838242980218439, -5.586703696344052 ], [ 137.838423290559973, -5.586704667816372 ], [ 137.838405832450121, -5.589956400963 ], [ 137.836602720552065, -5.589946678066226 ], [ 137.836584270878916, -5.59337905659881 ], [ 137.834961463469256, -5.593370295862176 ], [ 137.834943965284197, -5.596622017343212 ], [ 137.833321151521886, -5.596613247004778 ], [ 137.833302660570496, -5.600045613817899 ], [ 137.832581406644465, -5.600041712046356 ], [ 137.832578485305277, -5.600583664278917 ], [ 137.831857231227275, -5.600579761242392 ], [ 137.831856257162883, -5.600760411857351 ], [ 137.831675943667989, -5.600759435928255 ], [ 137.83166230264203, -5.603288543959854 ], [ 137.830039475665842, -5.603279754116927 ], [ 137.830029723273299, -5.605086256848828 ], [ 137.828406893911705, -5.605077459670397 ], [ 137.82839518085629, -5.607245259356243 ], [ 137.827673921540111, -5.607241346537763 ], [ 137.827670991893967, -5.607783296049874 ], [ 137.826589102883531, -5.607777424589781 ], [ 137.826585194914344, -5.608500023160078 ], [ 137.824601732285601, -5.608489252241651 ], [ 137.824602709934027, -5.608308602950069 ], [ 137.824061766418311, -5.608305664358839 ], [ 137.824060788604044, -5.608486313555184 ], [ 137.823880474107483, -5.608485333882239 ], [ 137.823875584279619, -5.609388579685976 ], [ 137.823334640152609, -5.609385639858488 ], [ 137.823329748695244, -5.610288885153853 ], [ 137.821165971749963, -5.610277118951733 ], [ 137.820987615329528, -5.609914840786387 ], [ 137.820086043676469, -5.609909935888015 ], [ 137.82007331003129, -5.61225836610446 ], [ 137.817368589092354, -5.612243636897007 ], [ 137.817371530595949, -5.611701692912791 ], [ 137.811601488690769, -5.611670231978158 ], [ 137.81159264738011, -5.613296054724968 ], [ 137.803298246879592, -5.613250716991999 ], [ 137.803288394691947, -5.615057171907925 ], [ 137.79841995901009, -5.615030497362741 ], [ 137.798411075835645, -5.616656298905912 ], [ 137.793362338608461, -5.616628585644607 ], [ 137.793353438867399, -5.618254379012028 ], [ 137.792451878820657, -5.618249424196598 ], [ 137.79244792143254, -5.618971998351886 ], [ 137.791906985127667, -5.618969024412028 ], [ 137.791905005907381, -5.619330311289541 ], [ 137.791724693759619, -5.619329319801135 ], [ 137.7917207347096, -5.620051893412422 ], [ 137.788294805835818, -5.620033042150168 ], [ 137.788285886608008, -5.621658827213055 ], [ 137.786663077782691, -5.621649888073533 ], [ 137.786654151444736, -5.623275670430774 ], [ 137.78503134075271, -5.623266724191941 ], [ 137.785021414534413, -5.625073146019075 ], [ 137.783398601476733, -5.625064192389022 ], [ 137.783389660618951, -5.626689969319255 ], [ 137.781586533087278, -5.626680012669541 ], [ 137.781576590174865, -5.628486428141901 ], [ 137.781756903336856, -5.628487424378632 ], [ 137.781730042774427, -5.633364746377389 ], [ 137.779926897627888, -5.633354772820228 ], [ 137.779912952846644, -5.63588374972114 ], [ 137.780093267992896, -5.635884747777836 ], [ 137.780092271749311, -5.636065389007533 ], [ 137.780813532880956, -5.636069380806494 ], [ 137.78081253682717, -5.636250022163634 ], [ 137.781894429831027, -5.636256008385388 ], [ 137.781890446624942, -5.636978574573226 ], [ 137.782431394231367, -5.636981567318702 ], [ 137.78241745125851, -5.63951055016417 ], [ 137.781696184735722, -5.639506557924109 ], [ 137.781693195461969, -5.640048482400553 ], [ 137.783316047368714, -5.640057464556036 ], [ 137.78329811460631, -5.643309016380654 ], [ 137.784920978147738, -5.643317999232576 ], [ 137.784912012334928, -5.6449437775916 ], [ 137.786715202132655, -5.64495375613556 ], [ 137.78670026162871, -5.64766339132055 ], [ 137.786880581621489, -5.647664389350159 ], [ 137.786879585384497, -5.647845031717584 ], [ 137.787420545724132, -5.647848025568122 ], [ 137.787418553487157, -5.648209310491797 ], [ 137.787959514452211, -5.648212304033025 ], [ 137.7879585184522, -5.648392946589258 ], [ 137.78831915936874, -5.648394942068724 ], [ 137.788317167494341, -5.648756227305737 ], [ 137.78849748811254, -5.648757225026009 ], [ 137.788494500225255, -5.64929915296813 ], [ 137.789576425616332, -5.649305138696049 ], [ 137.789575429923332, -5.649485781533429 ], [ 137.789936072090597, -5.649487776393923 ], [ 137.789924122587934, -5.651655491111638 ], [ 137.791727342049114, -5.651665465916307 ], [ 137.791720373255174, -5.652929968327859 ], [ 137.791900695769158, -5.652930965725846 ], [ 137.791899700153607, -5.653111608954386 ], [ 137.792620990755807, -5.653115598116326 ], [ 137.792619995330824, -5.653296241471838 ], [ 137.794964194083576, -5.653309200495604 ], [ 137.794955240325578, -5.654934994387029 ], [ 137.79657815486712, -5.654943963086118 ], [ 137.796576165791322, -5.655305251179879 ], [ 137.796756489902208, -5.655306247486803 ], [ 137.796748532753838, -5.656751400066193 ], [ 137.797830480773428, -5.656757378271682 ], [ 137.797831475195352, -5.656576734011687 ], [ 137.799995374050155, -5.656588684004974 ], [ 137.799985435071505, -5.658395130386761 ], [ 137.800526412184155, -5.658398117587744 ], [ 137.800527406059786, -5.658217472859433 ], [ 137.80034708037914, -5.658216477213642 ], [ 137.800359005041003, -5.656048740756654 ], [ 137.80053933005243, -5.65604973601861 ], [ 137.80054628357064, -5.654785222775284 ], [ 137.802529856530924, -5.65479616450786 ], [ 137.802517942606841, -5.656963905678298 ], [ 137.802337616962006, -5.656962910870982 ], [ 137.802335630745347, -5.657324200983982 ], [ 137.802515956501708, -5.657325195855232 ], [ 137.802514963400824, -5.657505840941753 ], [ 137.803596918950319, -5.657511809187656 ], [ 137.803584010057591, -5.659860197687422 ], [ 137.803403683326934, -5.659859202704035 ], [ 137.803402690053872, -5.660039847932219 ], [ 137.808632179934193, -5.66006868068117 ], [ 137.808625237449888, -5.661333203724151 ], [ 137.808985893703294, -5.661335190903278 ], [ 137.809164238356715, -5.661697476886713 ], [ 137.809344566675406, -5.661698470400287 ], [ 137.80934655008528, -5.661337177858744 ], [ 137.811510491077939, -5.661349094894641 ], [ 137.811509500058889, -5.661529741548708 ], [ 137.812952130404739, -5.661537682020996 ], [ 137.812951139800106, -5.661718328928719 ], [ 137.818361023572407, -5.661748074781369 ], [ 137.818370911430094, -5.65994159609534 ], [ 137.819092229215414, -5.659945557134229 ], [ 137.819094205955793, -5.659584261127049 ], [ 137.821077831282224, -5.65959514867254 ], [ 137.821075855769521, -5.65995644537912 ], [ 137.821256185648508, -5.659957434884142 ], [ 137.821257173365069, -5.659776786499719 ], [ 137.821437503220295, -5.659777775917058 ], [ 137.821445403353238, -5.65833258854085 ], [ 137.823248699203504, -5.658342477098127 ], [ 137.8232575793823, -5.656716638341759 ], [ 137.825060873413889, -5.65672651845266 ], [ 137.825070731661469, -5.654920027647687 ], [ 137.825611718822074, -5.654922989639287 ], [ 137.82561960177847, -5.653477796140496 ], [ 137.825799930450017, -5.653478783105442 ], [ 137.825982229349762, -5.653118471499988 ], [ 137.826342886629845, -5.653120445023755 ], [ 137.826349780528858, -5.651855899737869 ], [ 137.826530108826745, -5.651856886193906 ], [ 137.826531093485812, -5.651676236830452 ], [ 137.827432735176387, -5.651681168114657 ], [ 137.827437656599017, -5.650777920484975 ], [ 137.827617984754482, -5.650778906415765 ], [ 137.827621921094277, -5.650056308161901 ], [ 137.829966187126814, -5.65006911853445 ], [ 137.829976018497717, -5.648262618687918 ], [ 137.830697329981575, -5.648266557176019 ], [ 137.830699295426911, -5.647905256937713 ], [ 137.831600934943452, -5.647910178475763 ], [ 137.831619595013962, -5.644477822944802 ], [ 137.832340902971168, -5.644481756764021 ], [ 137.832341884538266, -5.644301106333329 ], [ 137.833243519924707, -5.644306022194597 ], [ 137.833348333450687, -5.624976401727046 ], [ 137.856249384189084, -5.625100368627736 ], [ 137.856250354988475, -5.624919713893699 ], [ 137.875004346246953, -5.625020559392671 ], [ 137.875089145683916, -5.60912265100125 ], [ 137.874908822093886, -5.609121686944008 ], [ 137.875089178092139, -5.575157946329771 ], [ 137.874908864899169, -5.575156988090559 ], [ 137.875085266953789, -5.541735184028741 ], [ 137.866611058888168, -5.541690356656233 ] ] ] } },
{ "type": "Feature", "properties": { "zone_id": 6, "pixel_count": 271024, "area_m2": 108409600, "area_ha": 10840.96, "salinity_min": 32.989, "salinity_max": 33.009, "salinity_mean": 33.001, "salinity_median": 33.007, "depth_min": 2.59, "depth_max": 9.36, "depth_mean": 6.825, "depth_median": 6.896, "temperature_min": 28.694, "temperature_max": 28.974, "temperature_mean": 28.801, "temperature_median": 28.786, "sedimentation_min": 8.562, "sedimentation_max": 19.045, "sedimentation_mean": 14.361, "sedimentation_median": 14.461, "depth_group": "10m", "source_zone_tif": "zone_10m_2_5_False.tif", "source_csv": "ringkasan_10m_2_5_False.csv" }, "geometry": { "type": "Polygon", "coordinates": [ [ [ 137.910310362958825, -5.666581984891867 ], [ 137.910309401724845, -5.666762648711125 ], [ 137.885061064057396, -5.666627289016611 ], [ 137.885006746690919, -5.676744217651013 ], [ 137.883383632076828, -5.676735462716595 ], [ 137.883357394553428, -5.681613258576768 ], [ 137.881734268873714, -5.681604491525271 ], [ 137.881715782117283, -5.685037008642943 ], [ 137.879912301476452, -5.685027256216467 ], [ 137.879909379795436, -5.685569231625156 ], [ 137.880089727886229, -5.685570207214137 ], [ 137.880075116076483, -5.688280084550786 ], [ 137.878271628171177, -5.688270321452692 ], [ 137.878261877422318, -5.690076903061559 ], [ 137.876638735948376, -5.69006810865846 ], [ 137.876629953037479, -5.691694029466769 ], [ 137.873383668649865, -5.691676421938497 ], [ 137.873374874093599, -5.693302337580041 ], [ 137.869948242052601, -5.693283726741988 ], [ 137.869938456659014, -5.695090293610838 ], [ 137.866692174071943, -5.695072637924466 ], [ 137.866683355419582, -5.696698542922889 ], [ 137.86163358869689, -5.696671034387439 ], [ 137.861624753326225, -5.698296931379525 ], [ 137.858378478712154, -5.698279218935908 ], [ 137.858368648510947, -5.700085765374758 ], [ 137.854942025761119, -5.700067043148028 ], [ 137.854933166258149, -5.701692929457542 ], [ 137.851686893524374, -5.70167516876303 ], [ 137.851678022342725, -5.70330104987033 ], [ 137.846628271029545, -5.703273377910952 ], [ 137.846625308672913, -5.703815335610324 ], [ 137.846986004706707, -5.703817313832874 ], [ 137.84698007981018, -5.704901229574797 ], [ 137.847701473609249, -5.704905186100263 ], [ 137.847684684014723, -5.707976282591318 ], [ 137.847504334560597, -5.707975293008659 ], [ 137.847503346595062, -5.708155945700186 ], [ 137.846240900912221, -5.708149016822051 ], [ 137.846236947155973, -5.708871626692389 ], [ 137.847679744150753, -5.708879546193526 ], [ 137.847666896785938, -5.711228031406829 ], [ 137.84568304339021, -5.711217136653646 ], [ 137.845693921400823, -5.709229960687068 ], [ 137.84551357190233, -5.709228970263378 ], [ 137.845331244676515, -5.709589284390055 ], [ 137.842986703040623, -5.709576402196205 ], [ 137.842989671827439, -5.709034446514698 ], [ 137.842809322862479, -5.709033455276591 ], [ 137.842816249311767, -5.707768892195087 ], [ 137.842635900772677, -5.70776790112156 ], [ 137.842632932316548, -5.708309856641035 ], [ 137.840829446988295, -5.708299941857319 ], [ 137.840647118262183, -5.708660253047209 ], [ 137.840106073042506, -5.708657277153794 ], [ 137.840098148943497, -5.710102488257067 ], [ 137.839917800150204, -5.710101495927051 ], [ 137.839915818694266, -5.710462798626641 ], [ 137.841178261704528, -5.710469744194468 ], [ 137.841173309478279, -5.711373002026266 ], [ 137.841534008331053, -5.711374986282339 ], [ 137.841539950231208, -5.710291076501289 ], [ 137.842261346967234, -5.710295043578568 ], [ 137.842264316811679, -5.70975308829153 ], [ 137.844969556573488, -5.709767955372844 ], [ 137.8449586750354, -5.711755129908558 ], [ 137.844778324875705, -5.711754138817621 ], [ 137.844775356346531, -5.712296095387163 ], [ 137.842611154884253, -5.712284196758735 ], [ 137.842609174353697, -5.712645500374507 ], [ 137.842789524413206, -5.712646492300374 ], [ 137.842777639232054, -5.71481431426427 ], [ 137.840793782890984, -5.714803395807739 ], [ 137.840796756475726, -5.714261441376434 ], [ 137.840436056074907, -5.714259455658155 ], [ 137.840440020859432, -5.713536849984195 ], [ 137.840080312266025, -5.713354212934301 ], [ 137.840084276864161, -5.712631607486991 ], [ 137.839182529273756, -5.712626643060929 ], [ 137.839187485712898, -5.711723387012414 ], [ 137.839007136572064, -5.71172239411593 ], [ 137.839004162635206, -5.712264347654139 ], [ 137.838823813357266, -5.712263354606412 ], [ 137.838822821924907, -5.712444005751601 ], [ 137.838462123351974, -5.712442019423646 ], [ 137.838459148525629, -5.712983972661729 ], [ 137.838278799117973, -5.712982979318275 ], [ 137.838267888347247, -5.714970140743056 ], [ 137.837726838455978, -5.714967159330778 ], [ 137.837724853926943, -5.715328461201352 ], [ 137.836641761678436, -5.715503147216633 ], [ 137.836637790757379, -5.716225750177933 ], [ 137.83681814089249, -5.716226744598604 ], [ 137.836814169686619, -5.716949347665531 ], [ 137.836994520079116, -5.716950342156239 ], [ 137.836993527254293, -5.717130992951332 ], [ 137.83717387773504, -5.71713198741719 ], [ 137.837174870503475, -5.716951336590473 ], [ 137.841322939061882, -5.716974192990888 ], [ 137.841312031121618, -5.718961360008536 ], [ 137.840770975884226, -5.718958379390855 ], [ 137.840769983893011, -5.719139030835324 ], [ 137.838425413777742, -5.719126108539124 ], [ 137.838424421021443, -5.719306759571495 ], [ 137.836981610869003, -5.719298802390593 ], [ 137.836977637720082, -5.720021405495217 ], [ 137.837157989103162, -5.72002240046707 ], [ 137.837156002450172, -5.720383702074793 ], [ 137.837877408752661, -5.720387681650122 ], [ 137.837874429210984, -5.720929634431354 ], [ 137.838054781035538, -5.720930629278763 ], [ 137.838052794627885, -5.721291931189614 ], [ 137.838233146597162, -5.721292926043739 ], [ 137.838411512288843, -5.721655222873424 ], [ 137.838772216612512, -5.72165721242552 ], [ 137.838771223522826, -5.72183786350282 ], [ 137.839492632778359, -5.721841842055176 ], [ 137.839491639882482, -5.722022493257587 ], [ 137.840032697328041, -5.722025476673155 ], [ 137.840028726103071, -5.722748081848907 ], [ 137.840209078874381, -5.72274907633409 ], [ 137.840207093183608, -5.723110378977315 ], [ 137.840387446099641, -5.723111373469153 ], [ 137.840376523143419, -5.725098538260973 ], [ 137.840196169606429, -5.725097543421614 ], [ 137.840195176362784, -5.72527819472689 ], [ 137.838752348762142, -5.725270233723207 ], [ 137.838741416009867, -5.727257395214043 ], [ 137.83603611043992, -5.727242453358427 ], [ 137.836037105333077, -5.727061802794672 ], [ 137.834954985453493, -5.727055822677961 ], [ 137.834948018159025, -5.728320375267844 ], [ 137.834587310996966, -5.72831838099994 ], [ 137.834585319828221, -5.728679681601536 ], [ 137.83422461256788, -5.728677686980679 ], [ 137.834221625236353, -5.729219637683351 ], [ 137.833680564076758, -5.729216645042734 ], [ 137.833678572023814, -5.729577945314698 ], [ 137.83331786451771, -5.729575949811331 ], [ 137.833299928259578, -5.732827650883578 ], [ 137.83348028301404, -5.732828649233475 ], [ 137.833469317496451, -5.734815800028139 ], [ 137.83328896211998, -5.734814801329958 ], [ 137.833287965006633, -5.734995451362678 ], [ 137.833647678872438, -5.735178098860444 ], [ 137.833630724440326, -5.738249150270405 ], [ 137.83254858601947, -5.738243153961632 ], [ 137.832547588072998, -5.738423803842783 ], [ 137.831645806650982, -5.738418805201596 ], [ 137.831626834221993, -5.741851149685147 ], [ 137.832708978477825, -5.741857151495408 ], [ 137.832693997194951, -5.744566899656529 ], [ 137.832513638889509, -5.744565899021564 ], [ 137.832511640728825, -5.744927198690732 ], [ 137.83341343314197, -5.744932201614744 ], [ 137.833366452909502, -5.753422749769933 ], [ 137.83553078993711, -5.753434768850695 ], [ 137.835516791724473, -5.755963873057801 ], [ 137.835336429335314, -5.755962871337339 ], [ 137.83533442896649, -5.756324171854033 ], [ 137.835154066495761, -5.756323170013419 ], [ 137.834971703333338, -5.756683468500793 ], [ 137.837316419003344, -5.756696489555066 ], [ 137.837304420839473, -5.758864296688942 ], [ 137.836582966563981, -5.75886028971621 ], [ 137.836577964837375, -5.759763542000206 ], [ 137.836758328642389, -5.759764543986881 ], [ 137.836757328258187, -5.759945194471364 ], [ 137.838921697088239, -5.759957214252678 ], [ 137.838920697353814, -5.760137865115276 ], [ 137.839281426052196, -5.760139867678747 ], [ 137.839275427658123, -5.761223773205998 ], [ 137.839816521967492, -5.761226777193262 ], [ 137.839814522588711, -5.76158807921477 ], [ 137.839994887535909, -5.761589080493225 ], [ 137.839978888825755, -5.764479496981398 ], [ 137.840159254714251, -5.764480498708487 ], [ 137.84016325492928, -5.763757894491637 ], [ 137.842327645347694, -5.763769909258698 ], [ 137.842315651360707, -5.765937726394392 ], [ 137.841594184648926, -5.765933720867325 ], [ 137.84159018472414, -5.766656326031853 ], [ 137.843393854733989, -5.76666633940357 ], [ 137.843384858159482, -5.768292203788329 ], [ 137.845008168498282, -5.768301213508007 ], [ 137.845004171241271, -5.769023821003031 ], [ 137.845364907677407, -5.769025822788479 ], [ 137.845363908397417, -5.769206474722038 ], [ 137.845723645876603, -5.769389128337925 ], [ 137.845720648091714, -5.769931084316004 ], [ 137.846622491479565, -5.769936088000713 ], [ 137.846612499641424, -5.771742609418887 ], [ 137.848416194494376, -5.771752615665402 ], [ 137.84840720424512, -5.773378487666263 ], [ 137.850030536942711, -5.773387490964806 ], [ 137.850013557050801, -5.776458587051374 ], [ 137.850193928477779, -5.77645958766815 ], [ 137.850192929431643, -5.776640240398764 ], [ 137.85325924951843, -5.776657242687583 ], [ 137.853250265392688, -5.778283122020521 ], [ 137.855053992505304, -5.778293118493446 ], [ 137.855045010939051, -5.779919000550833 ], [ 137.8600954780905, -5.779946968222784 ], [ 137.860085511525369, -5.781753512515539 ], [ 137.860626636190062, -5.781756507338307 ], [ 137.860627632817994, -5.781575852820773 ], [ 137.868383781854391, -5.781618720769574 ], [ 137.86837483313775, -5.783244623514221 ], [ 137.88496962778197, -5.783336012102428 ], [ 137.884978529266021, -5.781710083496457 ], [ 137.890029157419832, -5.78173779356964 ], [ 137.890039029004129, -5.779931197389588 ], [ 137.910061340365786, -5.780040572887343 ], [ 137.910052513056513, -5.781666540424928 ], [ 137.916726721302751, -5.781702852819206 ], [ 137.916735529619018, -5.780076875002693 ], [ 137.919260909634374, -5.780090590546842 ], [ 137.919261887382248, -5.779909925906945 ], [ 137.938382813039084, -5.780013405622932 ], [ 137.93837406660387, -5.781639416635953 ], [ 137.943244560465246, -5.781665679549046 ], [ 137.943243590025077, -5.781846348258887 ], [ 137.943423979175606, -5.78184732018998 ], [ 137.943416215000383, -5.783292670066139 ], [ 137.946663233197455, -5.783310159453954 ], [ 137.946654505387613, -5.78493618291398 ], [ 137.950081934071619, -5.784954629062339 ], [ 137.950073213529549, -5.786580657635133 ], [ 137.953320270725555, -5.786598118833172 ], [ 137.953310588591194, -5.788404822610543 ], [ 137.956738059508609, -5.788423239558332 ], [ 137.956729352728701, -5.790049278053527 ], [ 137.958352900081081, -5.790057997127062 ], [ 137.958416658145836, -5.778133694293532 ], [ 137.958236267639961, -5.778132727744242 ], [ 137.958386446098757, -5.749947994094742 ], [ 137.954418057935158, -5.749926820029041 ], [ 137.954417096382286, -5.75010749082991 ], [ 137.919063012854252, -5.74991762915261 ], [ 137.919062040151118, -5.750098293947994 ], [ 137.916717167772987, -5.750085623487555 ], [ 137.916756081141756, -5.742859046681915 ], [ 137.916575708828731, -5.742858072866708 ], [ 137.916756012998462, -5.709254469106911 ], [ 137.916575651223098, -5.709253500969942 ], [ 137.916754890327269, -5.675649858121311 ], [ 137.916574539026868, -5.675648895662609 ], [ 137.916622540990346, -5.666615652268666 ], [ 137.910310362958825, -5.666581984891867 ] ] ] } },
{ "type": "Feature", "properties": { "zone_id": 7, "pixel_count": 1605, "area_m2": 642000, "area_ha": 64.2, "salinity_min": 32.979, "salinity_max": 32.989, "salinity_mean": 32.989, "salinity_median": 32.989, "depth_min": 2.196, "depth_max": 6.461, "depth_mean": 4.057, "depth_median": 4.143, "temperature_min": 28.593, "temperature_max": 28.786, "temperature_mean": 28.785, "temperature_median": 28.786, "sedimentation_min": 19.882, "sedimentation_max": 19.882, "sedimentation_mean": 19.882, "sedimentation_median": 19.882, "depth_group": "10m", "source_zone_tif": "zone_10m_2_5_False.tif", "source_csv": "ringkasan_10m_2_5_False.csv" }, "geometry": { "type": "MultiPolygon", "coordinates": [ [ [ [ 137.998876578137299, -5.83670963629 ], [ 137.998885234121531, -5.835083536899389 ], [ 137.999246064993997, -5.835085462859768 ], [ 137.999247026503411, -5.83490478508309 ], [ 137.999968688381387, -5.834908636191596 ], [ 137.999930213604301, -5.842135751034302 ], [ 137.999749795784055, -5.842134787143342 ], [ 137.999735354387099, -5.844844954216199 ], [ 137.999554935731879, -5.844843989817314 ], [ 137.999538559597426, -5.847915511631363 ], [ 138.000079818597214, -5.84791840618517 ], [ 138.000051867662705, -5.853158062776057 ], [ 137.999871446290967, -5.853157097112356 ], [ 137.99987433912122, -5.852615063813377 ], [ 137.998972233583459, -5.852610235077125 ], [ 137.998974162563286, -5.852248879838017 ], [ 137.997170919937531, -5.852058541305436 ], [ 137.997172849890944, -5.851697186658962 ], [ 137.99681297411837, -5.851514576637535 ], [ 137.996815869076784, -5.850972544834201 ], [ 137.996635448943636, -5.850971578489447 ], [ 137.996711589225725, -5.836698072439121 ], [ 137.998876578137299, -5.83670963629 ] ] ], [ [ [ 137.99526826570937, -5.836690358589241 ], [ 137.995269228758815, -5.836509681485167 ], [ 137.99508881351332, -5.836508717024341 ], [ 137.995094591518836, -5.835424654552602 ], [ 137.995275006418666, -5.835425618833096 ], [ 137.995273080653334, -5.835786973055716 ], [ 137.99545349569874, -5.835787937338631 ], [ 137.995631985118223, -5.836150255901424 ], [ 137.995992815591023, -5.836152184298997 ], [ 137.995991852832674, -5.836332861525905 ], [ 137.996533098942052, -5.836335753779696 ], [ 137.996532136326238, -5.836516431095423 ], [ 137.996712551814284, -5.836517395094669 ], [ 137.996711589225725, -5.836698072439121 ], [ 137.99526826570937, -5.836690358589241 ] ] ] ] } },
{ "type": "Feature", "properties": { "zone_id": 8, "pixel_count": 2495859, "area_m2": 998343600, "area_ha": 99834.36, "salinity_min": 32.86, "salinity_max": 32.989, "salinity_mean": 32.895, "salinity_median": 32.889, "depth_min": 1.538, "depth_max": 9.273, "depth_mean": 6.545, "depth_median": 6.698, "temperature_min": 28.701, "temperature_max": 29.149, "temperature_mean": 28.993, "temperature_median": 29.014, "sedimentation_min": 2.743, "sedimentation_max": 19.882, "sedimentation_mean": 10.528, "sedimentation_median": 10.513, "depth_group": "10m", "source_zone_tif": "zone_10m_2_5_False.tif", "source_csv": "ringkasan_10m_2_5_False.csv" }, "geometry": { "type": "Polygon", "coordinates": [ [ [ 137.998058548912496, -5.854773534416861 ], [ 137.998057583724659, -5.854954211868488 ], [ 137.997516318966319, -5.854951311893386 ], [ 137.997515353574784, -5.8551319892536 ], [ 137.997334931991475, -5.855131022449437 ], [ 137.997330104290199, -5.856034409080543 ], [ 137.99678883885511, -5.856031507870185 ], [ 137.996967329112579, -5.856393829521251 ], [ 137.997328172997527, -5.856395763723745 ], [ 137.997316582695476, -5.858563891472055 ], [ 137.996775314831893, -5.858560989000107 ], [ 137.996774348602884, -5.858741666213769 ], [ 137.996593925984484, -5.858740698577244 ], [ 137.996582328177482, -5.860908824677656 ], [ 137.996762751490024, -5.86090979267468 ], [ 137.996714383196178, -5.869943650879749 ], [ 137.995090548418659, -5.869934923298415 ], [ 137.995080860448525, -5.87174169183811 ], [ 137.993637449183552, -5.871733927636776 ], [ 137.993636479755963, -5.871914604242941 ], [ 137.993275627127247, -5.871912662551982 ], [ 137.993267869686377, -5.873358074872449 ], [ 137.990020193145, -5.873340584871695 ], [ 137.990011454307705, -5.874966668755898 ], [ 137.986583352056755, -5.87494818152786 ], [ 137.986573628329694, -5.876754935549362 ], [ 137.984949789033209, -5.876746168409884 ], [ 137.984941030378025, -5.878372244473616 ], [ 137.981693349783257, -5.878354691189011 ], [ 137.981675806269379, -5.881606833217136 ], [ 137.980051960270202, -5.88159804462191 ], [ 137.980006081081541, -5.890089734003269 ], [ 137.978923502068625, -5.890083863802926 ], [ 137.978741117725917, -5.890444233228584 ], [ 137.978380258127345, -5.890442275791971 ], [ 137.978355812248992, -5.894959123784122 ], [ 137.976731932476952, -5.894950305634331 ], [ 137.976713330902697, -5.89838310438208 ], [ 137.975089443648898, -5.898374276339182 ], [ 137.975080623813454, -5.900000336285819 ], [ 137.973817598435176, -5.899993464858239 ], [ 137.973815637320314, -5.90035481107468 ], [ 137.973274340838458, -5.90035186512063 ], [ 137.973267474750656, -5.901616576200442 ], [ 137.970019694296894, -5.901598885635254 ], [ 137.970009872513771, -5.903405610183177 ], [ 137.966942523503093, -5.903388879915873 ], [ 137.966941540165806, -5.903569551847808 ], [ 137.966580676041445, -5.903567582411596 ], [ 137.966572807307813, -5.905012957333582 ], [ 137.960077257247121, -5.904977458816527 ], [ 137.960068383689133, -5.906603495659732 ], [ 137.955196733077543, -5.906576814731864 ], [ 137.955195745398868, -5.90675748466385 ], [ 137.955015314266603, -5.906756495633467 ], [ 137.955006423250012, -5.908382524687094 ], [ 137.953382539719883, -5.908373618318341 ], [ 137.953373641487872, -5.909999644795863 ], [ 137.951749755724535, -5.909990731227238 ], [ 137.95174085027449, -5.911616755127284 ], [ 137.949936530432353, -5.911606842867221 ], [ 137.949926626727205, -5.913413532912335 ], [ 137.948302736249559, -5.913404604135439 ], [ 137.948284892359823, -5.916656640935472 ], [ 137.947021860801129, -5.916649689210728 ], [ 137.947020868772313, -5.916830357695394 ], [ 137.946659010596846, -5.917009039323124 ], [ 137.946652064498437, -5.918273718241336 ], [ 137.945028164823299, -5.918264772571276 ], [ 137.945018233945973, -5.920071453876685 ], [ 137.942311731276163, -5.92005652931063 ], [ 137.942310737142151, -5.920237196975207 ], [ 137.941588009637485, -5.920413882285772 ], [ 137.941581047982083, -5.921678555034378 ], [ 137.940318012962535, -5.921671582164747 ], [ 137.940317017907631, -5.921852249480697 ], [ 137.938512684207211, -5.921842282956906 ], [ 137.938511688536806, -5.922022949965362 ], [ 137.938331255278314, -5.922021952960416 ], [ 137.938324284310625, -5.923286621767683 ], [ 137.936700382692351, -5.923277644159094 ], [ 137.936690416275894, -5.925084311012635 ], [ 137.933262176644973, -5.925065336884238 ], [ 137.933253194222374, -5.926691331694848 ], [ 137.931629290402384, -5.926682334085073 ], [ 137.931620300731851, -5.928308326301424 ], [ 137.928372491143648, -5.928290311871765 ], [ 137.92836348948174, -5.929916299004348 ], [ 137.927100451445938, -5.929909286329489 ], [ 137.927099450696431, -5.930089951344599 ], [ 137.908334487528691, -5.929985421525539 ], [ 137.908325424590686, -5.931611377742137 ], [ 137.905799390223393, -5.931597254109999 ], [ 137.905616943345308, -5.931957567500151 ], [ 137.905075650805685, -5.93195453915102 ], [ 137.905058506040035, -5.935025779970717 ], [ 137.903254189650028, -5.935015676398383 ], [ 137.903245104079588, -5.936641624475851 ], [ 137.901621217256576, -5.936632523735759 ], [ 137.901612124405972, -5.938258469194265 ], [ 137.899988235370358, -5.93824936119054 ], [ 137.899978123954497, -5.940055964337325 ], [ 137.89835423217869, -5.940046848788214 ], [ 137.898345124477942, -5.941672788992546 ], [ 137.896901663029553, -5.941664680055802 ], [ 137.896892548568445, -5.943290617916434 ], [ 137.895088219299566, -5.943280473666056 ], [ 137.895078083276246, -5.945087068055772 ], [ 137.891649855157993, -5.945067771893394 ], [ 137.891640720020263, -5.946693701414717 ], [ 137.890016821691404, -5.946684551204934 ], [ 137.890007679255916, -5.948310478097603 ], [ 137.888203345479894, -5.948300302813983 ], [ 137.888202328909557, -5.948480961039671 ], [ 137.887300162906399, -5.948475871037702 ], [ 137.88729914601106, -5.948656529106382 ], [ 137.886577413539499, -5.948652455922058 ], [ 137.886570292747763, -5.949917061493023 ], [ 137.886028992491077, -5.949914005333421 ], [ 137.886027974933171, -5.95009466317328 ], [ 137.885666090428373, -5.950273283153438 ], [ 137.885663037119144, -5.950815256473937 ], [ 137.885301152026983, -5.950993875901925 ], [ 137.885297079911993, -5.951716506722328 ], [ 137.881688409540374, -5.951696107861589 ], [ 137.881679234865857, -5.953322021516952 ], [ 137.880055332548636, -5.953312831826491 ], [ 137.880046150562919, -5.954938742844924 ], [ 137.876617910671655, -5.954919321397704 ], [ 137.876601562967096, -5.957809820111277 ], [ 137.87461678736085, -5.95779856090475 ], [ 137.874619855111035, -5.957256593453735 ], [ 137.874439421330777, -5.957255569630027 ], [ 137.87426103282624, -5.956893234231716 ], [ 137.873719732122339, -5.956890162418353 ], [ 137.873720754873432, -5.956709506752261 ], [ 137.873359888012942, -5.956707458644889 ], [ 137.873350681057957, -5.95833335902797 ], [ 137.868298543463055, -5.958304652913025 ], [ 137.868289319128451, -5.959930545298445 ], [ 137.864680654010755, -5.959910007025405 ], [ 137.864679627750036, -5.960090661101228 ], [ 137.850064658939203, -5.960007237635557 ], [ 137.850055378280274, -5.961633101340812 ], [ 137.846807626214627, -5.96161450520997 ], [ 137.846616869800584, -5.963419980641096 ], [ 137.844992992627084, -5.963410672048409 ], [ 137.844983691694665, -5.965036527574764 ], [ 137.844442398287754, -5.965033422797691 ], [ 137.844440330710142, -5.965394723821435 ], [ 137.844079468362708, -5.965392653549072 ], [ 137.844076366403982, -5.965934604885084 ], [ 137.843354641385133, -5.965930463254144 ], [ 137.84329356398888, -5.976588829587203 ], [ 137.844917477291517, -5.97659816369263 ], [ 137.844910227172107, -5.9778627173044 ], [ 137.845090662555833, -5.977863754352846 ], [ 137.845076158458397, -5.980392861817726 ], [ 137.845978339985777, -5.980398048382653 ], [ 137.845974195991261, -5.981120651097445 ], [ 137.846335069297453, -5.981122725562122 ], [ 137.846332997345172, -5.981484027037523 ], [ 137.847054744812084, -5.981488175509968 ], [ 137.847041277086873, -5.983836636607244 ], [ 137.846680401754469, -5.983834561669179 ], [ 137.846674183357123, -5.984918466334716 ], [ 137.848298126545558, -5.984927803396245 ], [ 137.848287765318929, -5.986734313901055 ], [ 137.849911716403284, -5.986743649008737 ], [ 137.849909644839556, -5.987104951660653 ], [ 137.850090084126236, -5.987105988662057 ], [ 137.850082833064477, -5.988370548121318 ], [ 137.851706791799558, -5.988379880456107 ], [ 137.851699542902708, -5.989644441833017 ], [ 137.852962626596423, -5.989651698544543 ], [ 137.852960556024499, -5.990013002223611 ], [ 137.866132815888108, -5.990088511105778 ], [ 137.866133846873907, -5.989907856973652 ], [ 137.866675176058209, -5.989910953235968 ], [ 137.866684451909862, -5.988285065139086 ], [ 137.871736856463087, -5.988313930003904 ], [ 137.871746114857473, -5.986688033904356 ], [ 137.872107000781654, -5.986690093341747 ], [ 137.872109057618673, -5.986328782957248 ], [ 137.87246994343289, -5.98633084203283 ], [ 137.8724709716858, -5.986150186775959 ], [ 137.872651414581213, -5.986151216193722 ], [ 137.872655527040621, -5.98542859502748 ], [ 137.874459955368565, -5.985438884700313 ], [ 137.874642453115456, -5.985078602062932 ], [ 137.876266440530827, -5.985087856615896 ], [ 137.876267467321981, -5.984907200692888 ], [ 137.87662835364327, -5.984909256547072 ], [ 137.876637592280446, -5.983283352616286 ], [ 137.878261577503309, -5.983292598502133 ], [ 137.878270808801602, -5.981666691930958 ], [ 137.881518777342251, -5.981685164277086 ], [ 137.881519801821611, -5.981504507422786 ], [ 137.881700244758633, -5.981505533071431 ], [ 137.881708438987033, -5.980060277938503 ], [ 137.883332422586847, -5.98006950387074 ], [ 137.883342657225626, -5.9782629320255 ], [ 137.886590621450438, -5.97828136391924 ], [ 137.886599820374983, -5.97665544409423 ], [ 137.888404244037559, -5.976665672961157 ], [ 137.888413435105775, -5.975039750223888 ], [ 137.891661396061579, -5.975058142259071 ], [ 137.891671594758833, -5.973251555711032 ], [ 137.89491955527248, -5.97326992301882 ], [ 137.894928721864773, -5.971643989974952 ], [ 137.898357125572147, -5.971663351628766 ], [ 137.898366279545201, -5.970037413166455 ], [ 137.89999025942285, -5.970046574526946 ], [ 137.899999406085357, -5.968420633442271 ], [ 137.900540731683975, -5.968423685329785 ], [ 137.900541747646486, -5.968243025109465 ], [ 137.90324837898126, -5.968258276118527 ], [ 137.903257513282767, -5.966632329890779 ], [ 137.905061932781308, -5.966642487069366 ], [ 137.905071059248968, -5.965016537944678 ], [ 137.908319012682426, -5.965034800992026 ], [ 137.908328127080154, -5.96340884674478 ], [ 137.911034754722465, -5.963424047185516 ], [ 137.91103576639415, -5.963243385132013 ], [ 137.91157709258863, -5.963246423536032 ], [ 137.911586194640819, -5.961620464159381 ], [ 137.918262554507919, -5.961657883915585 ], [ 137.918271634438526, -5.960031914152509 ], [ 137.923324028380335, -5.960060170420746 ], [ 137.923334097763302, -5.958253528597467 ], [ 137.928386499596513, -5.958281730068427 ], [ 137.928395544563642, -5.956655744562414 ], [ 137.933267512218862, -5.956682887647759 ], [ 137.933276540385378, -5.955056894571664 ], [ 137.938328960320348, -5.955084989894218 ], [ 137.938338972215206, -5.953278322209782 ], [ 137.943210955671248, -5.953305362157565 ], [ 137.943213953876295, -5.952763359347068 ], [ 137.943394397964141, -5.952764359911006 ], [ 137.943400393188, -5.95168035407016 ], [ 137.948272385704144, -5.951707342103997 ], [ 137.948281362179785, -5.950081325827456 ], [ 137.949905359921416, -5.950090309835547 ], [ 137.949906356624808, -5.949909641078961 ], [ 137.951710800899093, -5.949919617417423 ], [ 137.951719764557339, -5.948293595802287 ], [ 137.958396215569621, -5.948330446969543 ], [ 137.958405157180835, -5.946704415101979 ], [ 137.961653166075791, -5.946722308663195 ], [ 137.961644233977125, -5.948348345457397 ], [ 137.965072708638274, -5.94836721763633 ], [ 137.965063784097879, -5.949993259516313 ], [ 137.968311832447512, -5.950011123756761 ], [ 137.968302914942342, -5.951637170443758 ], [ 137.969926947597429, -5.951646097873204 ], [ 137.969918032372362, -5.953272146907303 ], [ 137.971722521297124, -5.953282063411112 ], [ 137.971712618462846, -5.955088787462779 ], [ 137.972073517790676, -5.955090770663155 ], [ 137.972074508094181, -5.954910098203451 ], [ 137.974961706179016, -5.954925954844319 ], [ 137.974951811176908, -5.956732684225193 ], [ 137.976756319833271, -5.956742589997829 ], [ 137.976748406337407, -5.958187975826026 ], [ 137.976928857841585, -5.95818896632135 ], [ 137.976927868576041, -5.958369639574066 ], [ 137.979995549818227, -5.95838646949599 ], [ 137.979986654056574, -5.960012533334827 ], [ 137.983415259468728, -5.960031328264786 ], [ 137.983406371300816, -5.96165739715819 ], [ 137.986654543478835, -5.961675188145885 ], [ 137.986647636171, -5.962939912121509 ], [ 137.986828090882284, -5.962940900160794 ], [ 137.986826117209574, -5.963302249916302 ], [ 137.99007430933537, -5.963320025626898 ], [ 137.990065435842126, -5.964946104340982 ], [ 137.991689540370231, -5.964954987471315 ], [ 137.991680669185797, -5.966581068514932 ], [ 137.99330478094717, -5.966589949305459 ], [ 137.993296897626038, -5.968035356752472 ], [ 137.993477355111708, -5.968036343452655 ], [ 137.993475384095575, -5.968397695361114 ], [ 137.994919046017117, -5.968405587319502 ], [ 137.994910179185098, -5.970031673006134 ], [ 137.996714764624159, -5.970041535348212 ], [ 137.996705900639711, -5.971667623630865 ], [ 137.999954171626342, -5.971685365836779 ], [ 137.999946298958776, -5.9731307818765 ], [ 138.000126759217864, -5.973131767233802 ], [ 138.000125775057029, -5.973312444262727 ], [ 138.004998215095071, -5.973339027395355 ], [ 138.004989370619796, -5.974965127882352 ], [ 138.008418148033655, -5.974983813842439 ], [ 138.008409311198875, -5.976609919341458 ], [ 138.011657646268361, -5.976627607002912 ], [ 138.011648816548586, -5.978253717239057 ], [ 138.015077635383705, -5.978272371885925 ], [ 138.015067832935131, -5.980079166586796 ], [ 138.016692019393076, -5.980087998237337 ], [ 138.016683199395402, -5.981714115771413 ], [ 138.019931589203082, -5.981731769536374 ], [ 138.019922776335591, -5.983357891794235 ], [ 138.024975861423059, -5.983385322622117 ], [ 138.024967061010358, -5.985011452278273 ], [ 138.026591276725185, -5.985020261889415 ], [ 138.02660007235059, -5.983394129822885 ], [ 138.030028970075932, -5.983412707064027 ], [ 138.030038728912757, -5.981605887879819 ], [ 138.034911375726693, -5.981632242357803 ], [ 138.034909427389721, -5.981993607808712 ], [ 138.035089896328032, -5.981994583131719 ], [ 138.035084050952548, -5.983078679630175 ], [ 138.035264520275348, -5.983079655072014 ], [ 138.035263546000351, -5.983260337846715 ], [ 138.03833153007389, -5.9832769118097 ], [ 138.03831303225104, -5.98670989384985 ], [ 138.039937272723506, -5.986718666444067 ], [ 138.039910982135211, -5.991597120970031 ], [ 138.038286727288039, -5.991588341176922 ], [ 138.038276979172934, -5.993395173271319 ], [ 138.035028466097998, -5.993377593950363 ], [ 138.035010892764177, -5.996629881774371 ], [ 138.038259425024279, -5.996647470701915 ], [ 138.038251620068053, -5.998092936086538 ], [ 138.038432094840829, -5.998093912922891 ], [ 138.038431119145855, -5.99827459611954 ], [ 138.040055393980339, -5.99828338524414 ], [ 138.040072942315618, -5.995031082699256 ], [ 138.041697209977315, -5.995039862222677 ], [ 138.041705975715303, -5.993413708388399 ], [ 138.043510715072728, -5.993423455119162 ], [ 138.043511688302175, -5.993242771057163 ], [ 138.046579751058403, -5.993259326394411 ], [ 138.046576834299628, -5.993801380084244 ], [ 138.046757309025679, -5.993802353482847 ], [ 138.04675050262523, -5.995067145585542 ], [ 138.048374780232564, -5.995075905366694 ], [ 138.048339771986576, -6.001580558995694 ], [ 138.047617861997537, -6.001576662099176 ], [ 138.047616888757346, -6.001757346779141 ], [ 138.046714501645909, -6.001752474175351 ], [ 138.046696972883808, -6.005004795525199 ], [ 138.045072668356937, -6.004996016310701 ], [ 138.045036586882702, -6.011681332314867 ], [ 138.046660911173007, -6.011690121372401 ], [ 138.046616020718886, -6.020001604984263 ], [ 138.0484208556569, -6.020011378545256 ], [ 138.048414023127322, -6.021276171347079 ], [ 138.04877499130555, -6.021278125758299 ], [ 138.04876425282896, -6.023265657819925 ], [ 138.050027646973064, -6.023272498656786 ], [ 138.050009098110422, -6.02670551212283 ], [ 138.051633474334125, -6.026714308241791 ], [ 138.051624689097082, -6.028340474735107 ], [ 138.053249072557577, -6.028349268415242 ], [ 138.053243217608014, -6.029433380942603 ], [ 138.053423705165471, -6.029434357896989 ], [ 138.053411992764694, -6.03160258315942 ], [ 138.055036388555749, -6.031611376248948 ], [ 138.055026630309271, -6.033418233138343 ], [ 138.056651033874857, -6.033427024047452 ], [ 138.056633471188604, -6.036679370879877 ], [ 138.058257886822531, -6.036688161725639 ], [ 138.058249106695996, -6.038314337362369 ], [ 138.060054021148716, -6.038324101945395 ], [ 138.060045243983268, -6.039950280120929 ], [ 138.061669674364225, -6.03995906552182 ], [ 138.061660899625707, -6.041585245969923 ], [ 138.063285337246441, -6.041594028913075 ], [ 138.063275590088068, -6.043400898594477 ], [ 138.066704977635567, -6.043419430049044 ], [ 138.066696212866162, -6.045045617668704 ], [ 138.074999009638532, -6.045090406069687 ], [ 138.074990267196682, -6.046716605714554 ], [ 138.082571158865903, -6.046757400028028 ], [ 138.082572127857446, -6.046576709956256 ], [ 138.0849186040993, -6.046589315006545 ], [ 138.084909889104665, -6.048215529018161 ], [ 138.0850903880212, -6.04821649848129 ], [ 138.085089419600877, -6.048397188949426 ], [ 138.088338406211221, -6.048414629580531 ], [ 138.088329698785003, -6.0500408484557 ], [ 138.091578704614733, -6.050058274420461 ], [ 138.091576771459444, -6.050419657426191 ], [ 138.091757272182292, -6.050420625025036 ], [ 138.091750505631154, -6.051685465706185 ], [ 138.093375017226293, -6.051694173235631 ], [ 138.093366320102149, -6.053320399227782 ], [ 138.096615360119671, -6.053337804449973 ], [ 138.096606670306414, -6.054964035041977 ], [ 138.098411702032166, -6.054973698841117 ], [ 138.098403015226836, -6.056599931937599 ], [ 138.101652089417939, -6.056617316383995 ], [ 138.101643409933047, -6.058243554072201 ], [ 138.105073008780465, -6.058261888219165 ], [ 138.105063373500542, -6.060068824362896 ], [ 138.108312487669025, -6.060086178810351 ], [ 138.108303823117097, -6.061712425914602 ], [ 138.111733464145743, -6.061730728372046 ], [ 138.111724807470125, -6.063356980312207 ], [ 138.114973960505608, -6.063374304194115 ], [ 138.114965311172682, -6.065000560704519 ], [ 138.11839499321016, -6.065018830874988 ], [ 138.118386351764769, -6.066645092209965 ], [ 138.12326014310554, -6.066671024826258 ], [ 138.123251513870656, -6.068297293053371 ], [ 138.129930467513191, -6.068332768858835 ], [ 138.129921855895162, -6.069959046552236 ], [ 138.143279922216266, -6.070029770685606 ], [ 138.143271348205957, -6.071656067354853 ], [ 138.148325808086014, -6.07168274928018 ], [ 138.148317246860103, -6.07330905303829 ], [ 138.151747082061462, -6.07332713668606 ], [ 138.151738528765691, -6.074953445212051 ], [ 138.154987865641147, -6.074970561694748 ], [ 138.154979319740789, -6.076596874726545 ], [ 138.158409195712068, -6.076614925863909 ], [ 138.158399708947343, -6.078421945621965 ], [ 138.158760750328298, -6.078423845047875 ], [ 138.158761699013894, -6.078243143021282 ], [ 138.163274724465538, -6.078266864837164 ], [ 138.163265251338146, -6.080073892145673 ], [ 138.166334129102438, -6.080090006334387 ], [ 138.166335075522653, -6.079909303127229 ], [ 138.169945529350741, -6.07992823817061 ], [ 138.169936075880344, -6.081735275849878 ], [ 138.173366029040352, -6.081753247230971 ], [ 138.173357528751126, -6.08337958586733 ], [ 138.176606977319381, -6.083396595927792 ], [ 138.176598484457543, -6.08502293903511 ], [ 138.178403743072749, -6.085032383184003 ], [ 138.178395253312345, -6.086658728724244 ], [ 138.180019993378494, -6.086667225597066 ], [ 138.180011506180932, -6.088293573314599 ], [ 138.181636253431151, -6.088302067594539 ], [ 138.181627768799075, -6.089928417488046 ], [ 138.183252523233506, -6.089936909172459 ], [ 138.183243098575559, -6.091743967019212 ], [ 138.185048390007466, -6.091753399317703 ], [ 138.185039910800128, -6.093379753800616 ], [ 138.186664680401321, -6.093388239996888 ], [ 138.186656203767683, -6.095014596651683 ], [ 138.188280980553287, -6.095023080244192 ], [ 138.188272506496048, -6.096649439069552 ], [ 138.190077822160418, -6.096658862085797 ], [ 138.190069351224707, -6.09828522333354 ], [ 138.19169414263493, -6.098293701167474 ], [ 138.191685674281075, -6.099920064583007 ], [ 138.193310472875737, -6.09992853980509 ], [ 138.193301066323443, -6.101735612667215 ], [ 138.194925872645484, -6.101744085527559 ], [ 138.19491740920796, -6.103370453262537 ], [ 138.196722757690623, -6.103379864341719 ], [ 138.196714297386137, -6.105006234493076 ], [ 138.198339118332854, -6.105014701572467 ], [ 138.19833066062111, -6.106641073886204 ], [ 138.199955488752522, -6.106649538342859 ], [ 138.199947033636221, -6.108275912817664 ], [ 138.201752406351318, -6.108285314550175 ], [ 138.20173456060482, -6.111718776737661 ], [ 138.20335940879778, -6.111727237916809 ], [ 138.203324647363331, -6.118413461675279 ], [ 138.201699779038194, -6.118404991171703 ], [ 138.201656483054222, -6.126717579498654 ], [ 138.200031591961618, -6.126709092491125 ], [ 138.199979716389322, -6.136648039150694 ], [ 138.198354797582397, -6.136639533354581 ], [ 138.198328339988393, -6.141699352098356 ], [ 138.196703408181236, -6.141690834313983 ], [ 138.196686378153316, -6.144943569826378 ], [ 138.195061438803521, -6.144935042571709 ], [ 138.195043442301397, -6.148368480333454 ], [ 138.193599044460342, -6.148360892147496 ], [ 138.193596200511848, -6.148903013180297 ], [ 138.193415650727076, -6.148902064298968 ], [ 138.193401426239177, -6.151612668857329 ], [ 138.19159592083227, -6.151603172481837 ], [ 138.191586428207557, -6.15341023920644 ], [ 138.189961470295941, -6.153401684732676 ], [ 138.189944366551941, -6.156654399937205 ], [ 138.189041607674483, -6.156649642788479 ], [ 138.189040656892018, -6.156830349035083 ], [ 138.188318450058517, -6.156826542106852 ], [ 138.188243229104529, -6.171102322373026 ], [ 138.18842378558503, -6.171103276419923 ], [ 138.188408530314774, -6.173994573098736 ], [ 138.189311318026625, -6.173999344668385 ], [ 138.189300829161425, -6.175987112479265 ], [ 138.188398038091407, -6.175982339361884 ], [ 138.18836845057578, -6.181584225210708 ], [ 138.18692397119159, -6.181576578062819 ], [ 138.18691250474987, -6.183745046947601 ], [ 138.186731944221293, -6.183744090440894 ], [ 138.186725253142384, -6.185009030335255 ], [ 138.177516682147399, -6.184960157277227 ], [ 138.177514763916122, -6.185321565786013 ], [ 138.17516749139628, -6.185309081750525 ], [ 138.174988852115433, -6.184946713294321 ], [ 138.173544380326973, -6.18493902563223 ], [ 138.173542459404786, -6.185300432896957 ], [ 138.173181341499031, -6.185298510256194 ], [ 138.173178459534256, -6.1858406209732 ], [ 138.172095105402775, -6.185834851072439 ], [ 138.172093183215878, -6.1861962578706 ], [ 138.169926476576194, -6.186184710778282 ], [ 138.169941862607288, -6.183293461676277 ], [ 138.163802916135126, -6.183260712471117 ], [ 138.163620432255243, -6.183621152360131 ], [ 138.162717648338173, -6.183616329744874 ], [ 138.16271475650683, -6.184158435566164 ], [ 138.158200843107778, -6.184134297411837 ], [ 138.15820470493955, -6.183411492489799 ], [ 138.158024149021827, -6.183410526281884 ], [ 138.158014492968221, -6.185217538261218 ], [ 138.1563894855, -6.185208837075454 ], [ 138.156386586471854, -6.18575093987408 ], [ 138.153497687126816, -6.185735457491443 ], [ 138.15350058909047, -6.185193356059832 ], [ 138.153320033309654, -6.185192387976119 ], [ 138.153316163722565, -6.185915189768204 ], [ 138.152774495819045, -6.185912284807863 ], [ 138.15277062503705, -6.186635086235936 ], [ 138.15168728854016, -6.186629273978401 ], [ 138.151678574291594, -6.188255575571636 ], [ 138.150053566536826, -6.188246850742988 ], [ 138.150035151656994, -6.191680148863016 ], [ 138.148410135773133, -6.191671414194666 ], [ 138.148392670573088, -6.194924007331601 ], [ 138.148031554045218, -6.194922064592557 ], [ 138.148028641901959, -6.195464163233985 ], [ 138.146584175475084, -6.195456389140474 ], [ 138.146568631814574, -6.198347578029833 ], [ 138.145846395372871, -6.198343687683463 ], [ 138.145845423403472, -6.198524386863047 ], [ 138.145484305233367, -6.198522441264717 ], [ 138.145474582724802, -6.200329432413177 ], [ 138.145113463444375, -6.200327485997978 ], [ 138.145112490912027, -6.200508185048077 ], [ 138.144931931253836, -6.200507211719868 ], [ 138.144909553624217, -6.204663288833585 ], [ 138.14509011469292, -6.20466426281912 ], [ 138.145070644686285, -6.208278242895401 ], [ 138.146695706650519, -6.208287011145114 ], [ 138.146668444698292, -6.213346589522626 ], [ 138.148293524477168, -6.213355359992148 ], [ 138.148275996935041, -6.216607950145195 ], [ 138.150081654937338, -6.216617694407283 ], [ 138.150072893192117, -6.218243991884116 ], [ 138.151697992840354, -6.218252758770568 ], [ 138.15168826036188, -6.220059758402484 ], [ 138.153313367880031, -6.220068522870233 ], [ 138.153305584250205, -6.221514124528481 ], [ 138.15348615238841, -6.221515098278447 ], [ 138.153485179366527, -6.221695798507993 ], [ 138.154929726001569, -6.221703586519236 ], [ 138.154923890218498, -6.222787789234892 ], [ 138.15510445904664, -6.222788762630123 ], [ 138.155106404299801, -6.222427361673483 ], [ 138.15600924825722, -6.222432227441199 ], [ 138.156017025657093, -6.220986622420246 ], [ 138.158364416915731, -6.220999263252201 ], [ 138.158362474337935, -6.221360665255676 ], [ 138.158543043220732, -6.221361637253323 ], [ 138.158542071950194, -6.221542338281429 ], [ 138.158903209925114, -6.221544282148916 ], [ 138.15908183669751, -6.221906656213026 ], [ 138.159442975091054, -6.221908599824861 ], [ 138.159431320603005, -6.224077013727395 ], [ 138.159250750653428, -6.224076041611014 ], [ 138.159068237669175, -6.224436471616995 ], [ 138.15834595778108, -6.224432582061628 ], [ 138.158344985960014, -6.224613283037751 ], [ 138.158525555950462, -6.224614255547433 ], [ 138.158521668624786, -6.225337059551865 ], [ 138.158882809184405, -6.225339004613987 ], [ 138.15887697807176, -6.226423210920412 ], [ 138.159960402657049, -6.226429045651972 ], [ 138.159949713659074, -6.228416758961061 ], [ 138.161755430374853, -6.228426481710809 ], [ 138.161738914644786, -6.231498406781493 ], [ 138.16300292538665, -6.231505212419416 ], [ 138.163001954045882, -6.231685914080542 ], [ 138.163363100353905, -6.231687858050309 ], [ 138.16334755696812, -6.234579085348614 ], [ 138.163528131151395, -6.234580057695346 ], [ 138.163526187834606, -6.234941461139472 ], [ 138.164248485348139, -6.234945350136551 ], [ 138.16426402472149, -6.232054120611135 ], [ 138.16625033440269, -6.232064805267943 ], [ 138.166234805878474, -6.23495603978806 ], [ 138.165151357886003, -6.234950209994595 ], [ 138.16514067369539, -6.236937931648582 ], [ 138.16496009845207, -6.236936959488187 ], [ 138.164958155375501, -6.237298363350486 ], [ 138.165861032495854, -6.237303223819013 ], [ 138.165859089921327, -6.237664627959539 ], [ 138.166039665554848, -6.23766559992481 ], [ 138.166045492564109, -6.236581387316355 ], [ 138.167851246776223, -6.236591101872182 ], [ 138.167852217227278, -6.236410399482299 ], [ 138.168032792744526, -6.236411370570072 ], [ 138.16803473343731, -6.23604996572944 ], [ 138.170201640400165, -6.236061613288553 ], [ 138.170198731538221, -6.236603721567681 ], [ 138.17164333995234, -6.236611482349654 ], [ 138.171629768763069, -6.239141323992746 ], [ 138.170907460872371, -6.239137442509655 ], [ 138.170906491040142, -6.239318145360484 ], [ 138.170725914077366, -6.239317174807024 ], [ 138.170723004223703, -6.239859283266225 ], [ 138.170903581371618, -6.239860253904656 ], [ 138.170902611424822, -6.24004095674994 ], [ 138.176681097245279, -6.240071985479435 ], [ 138.176690775679845, -6.238264947910124 ], [ 138.179038285887231, -6.238277531594956 ], [ 138.17904118645427, -6.237735419195256 ], [ 138.179221764177413, -6.237736386654119 ], [ 138.17922273091429, -6.237555682489874 ], [ 138.179945041845741, -6.237559551595052 ], [ 138.179949873868111, -6.23665603018832 ], [ 138.18211680570181, -6.236667629884294 ], [ 138.182117771280502, -6.236486925260131 ], [ 138.183201238368014, -6.236492721605832 ], [ 138.183208959010472, -6.23504708320882 ], [ 138.185014734837267, -6.235056736591965 ], [ 138.18502437690853, -6.233249685652014 ], [ 138.186649572040494, -6.233258365885198 ], [ 138.186658242475488, -6.231632017638858 ], [ 138.188102857869524, -6.231639727179361 ], [ 138.188107671316033, -6.230736199201096 ], [ 138.188288248060303, -6.230737162475376 ], [ 138.188292098058668, -6.230014339955265 ], [ 138.193348251546666, -6.230041283448862 ], [ 138.193356896853373, -6.228414925610577 ], [ 138.196608242362856, -6.228251509412709 ], [ 138.196616875135163, -6.226625146900764 ], [ 138.19986725941493, -6.226642412620108 ], [ 138.199871091031184, -6.225919582781549 ], [ 138.199509937261212, -6.225917665578597 ], [ 138.199520473221781, -6.223929884025408 ], [ 138.20150681291048, -6.223940422200226 ], [ 138.201501070511057, -6.225024668554255 ], [ 138.201862224288817, -6.225026584121413 ], [ 138.201867009076864, -6.224123045216359 ], [ 138.203853353493599, -6.224133574890336 ], [ 138.203851441017633, -6.224494991072569 ], [ 138.204032018075765, -6.224495948002026 ], [ 138.204030105609689, -6.224857364234725 ], [ 138.20421068281928, -6.224858321158558 ], [ 138.20420972660537, -6.225039029300827 ], [ 138.21161341906992, -6.225078211277083 ], [ 138.211604834592038, -6.226704594810026 ], [ 138.218286276838398, -6.22673987453055 ], [ 138.218277710584459, -6.228366267236705 ], [ 138.224959211894486, -6.228401471845928 ], [ 138.224950663876029, -6.230027873703165 ], [ 138.235063310579562, -6.23008100979512 ], [ 138.23505479134684, -6.231707425517899 ], [ 138.238305313572823, -6.231724468386949 ], [ 138.238296802059637, -6.233350888479979 ], [ 138.239922071563996, -6.233359404658684 ], [ 138.239909780372926, -6.235708681163365 ], [ 138.240090366814854, -6.23570962745616 ], [ 138.240085638484572, -6.236613195418694 ], [ 138.241710920494967, -6.236621710519272 ], [ 138.241702412737624, -6.23824813500251 ], [ 138.243327702007662, -6.238256647338777 ], [ 138.243318251845295, -6.240063788007192 ], [ 138.244943548930593, -6.240072297824828 ], [ 138.244926541606873, -6.243325155150249 ], [ 138.246732441020782, -6.243334609598509 ], [ 138.246723939528636, -6.244961040575335 ], [ 138.248349256387911, -6.244969546526804 ], [ 138.248331311944384, -6.248403127378758 ], [ 138.249956641627108, -6.248411633032538 ], [ 138.249948143124243, -6.250038068124649 ], [ 138.251754073202989, -6.250047515452164 ], [ 138.251737080562464, -6.253300390255379 ], [ 138.253362430031473, -6.253308892016527 ], [ 138.253275489226951, -6.269934712348496 ], [ 138.251650088467727, -6.269926187809467 ], [ 138.25162356585443, -6.274986210826293 ], [ 138.249998151712191, -6.274977674322864 ], [ 138.249936460876739, -6.286724136030935 ], [ 138.25174251711951, -6.286733638616544 ], [ 138.251716873901444, -6.291612943803172 ], [ 138.253342342020062, -6.291621497493974 ], [ 138.253315743311248, -6.296681523550033 ], [ 138.254941229376271, -6.296690079124314 ], [ 138.254924128783102, -6.299942956895951 ], [ 138.256730238269228, -6.299952462113596 ], [ 138.256703636899118, -6.305012501000625 ], [ 138.25832915352683, -6.305021057284105 ], [ 138.258285429821626, -6.313333987311919 ], [ 138.259910974543345, -6.313342549901836 ], [ 138.25991002393755, -6.313523265986277 ], [ 138.260090640219005, -6.313524217100073 ], [ 138.259909533273571, -6.347860253020661 ], [ 138.260090161485067, -6.347861209285004 ], [ 138.260026062632818, -6.359969169634089 ], [ 138.258400371813963, -6.35996054444209 ], [ 138.258382161076469, -6.363394139298066 ], [ 138.256756461742725, -6.36338550430925 ], [ 138.256739190008403, -6.366638378729498 ], [ 138.254932848718539, -6.366628773365563 ], [ 138.254924203802176, -6.368255207931576 ], [ 138.253298493915821, -6.368246555487137 ], [ 138.25328888013749, -6.370053702396445 ], [ 138.251663166833254, -6.370045042368525 ], [ 138.251654506945783, -6.371671472237892 ], [ 138.250028790790935, -6.371662804871372 ], [ 138.250011454029647, -6.374915659807966 ], [ 138.248927637702195, -6.374909875749941 ], [ 138.248926673905459, -6.375090589734437 ], [ 138.248384765928847, -6.375087696770689 ], [ 138.248367409412197, -6.378340546762852 ], [ 138.246741676765453, -6.37833185999779 ], [ 138.246724300984255, -6.381584705067897 ], [ 138.24509856036957, -6.381576008719538 ], [ 138.245097594214883, -6.381756722072922 ], [ 138.244916956445252, -6.38175575546849 ], [ 138.244899559748944, -6.385008595091555 ], [ 138.243273810845125, -6.384999888337297 ], [ 138.243256394861675, -6.388252723032058 ], [ 138.241630637982041, -6.388244006683512 ], [ 138.241612233808212, -6.391677549198217 ], [ 138.240167108870963, -6.391669792831961 ], [ 138.240166139444597, -6.391850505360715 ], [ 138.239985498890036, -6.391849535502523 ], [ 138.239969013285759, -6.394921647805219 ], [ 138.238343239873416, -6.394912912003419 ], [ 138.238324794392753, -6.398346444071379 ], [ 138.236699012422889, -6.398337698410315 ], [ 138.236654286857487, -6.406650446689937 ], [ 138.238280095059963, -6.406659203804835 ], [ 138.238243124840693, -6.413526263932988 ], [ 138.238423772747296, -6.413527237679602 ], [ 138.238328248134223, -6.431237017582564 ], [ 138.23850890229815, -6.431237993976115 ], [ 138.23850792623486, -6.431418705973287 ], [ 138.238869234774029, -6.43142065862467 ], [ 138.238868258810044, -6.431601370675732 ], [ 138.239952185481428, -6.431607227267486 ], [ 138.239924857821308, -6.436667168764858 ], [ 138.241731422343861, -6.436676932394279 ], [ 138.241716783058649, -6.439387619025737 ], [ 138.241897440620619, -6.439388595452529 ], [ 138.241896464508272, -6.439569307910869 ], [ 138.242257779843612, -6.439571260628419 ], [ 138.242436485627024, -6.439933661969691 ], [ 138.243339775231846, -6.439938542605096 ], [ 138.24333001711085, -6.441745669291093 ], [ 138.244955945898198, -6.441754452901805 ], [ 138.24493838456803, -6.445007285049374 ], [ 138.246744986243669, -6.445017043522713 ], [ 138.246736207926403, -6.446643461906145 ], [ 138.248362156989828, -6.446652241308892 ], [ 138.248353381580472, -6.44827866180998 ], [ 138.249979338073558, -6.448287438273984 ], [ 138.249960815704441, -6.451720996997665 ], [ 138.251586785374258, -6.451729772998513 ], [ 138.251578013280124, -6.453356197602734 ], [ 138.253384654642957, -6.453365945122519 ], [ 138.253375886041141, -6.454992372088028 ], [ 138.255001870824373, -6.455001141619989 ], [ 138.254993105142688, -6.456627570697727 ], [ 138.258245091825501, -6.456645098681105 ], [ 138.258243145890987, -6.457006528338574 ], [ 138.258423812209912, -6.457007501562976 ], [ 138.258418947206707, -6.457911075819008 ], [ 138.258960947289125, -6.457913995520442 ], [ 138.258959001476768, -6.458275425377621 ], [ 138.260043003159296, -6.458281263383299 ], [ 138.260033276266142, -6.460088414230622 ], [ 138.261659286420269, -6.460097169391656 ], [ 138.261641781372447, -6.463350045002167 ], [ 138.263267804138906, -6.463358799423669 ], [ 138.263242518161263, -6.468057403128189 ], [ 138.263423189160562, -6.468058376234369 ], [ 138.263421243436198, -6.468419807303434 ], [ 138.265047284831212, -6.468428562870058 ], [ 138.265029778692337, -6.471681446673949 ], [ 138.263765071564734, -6.471674633784664 ], [ 138.263764098289414, -6.471855349346177 ], [ 138.263401780086241, -6.472034117680059 ], [ 138.263269134836747, -6.49661141307698 ], [ 138.261643005584347, -6.496602613824144 ], [ 138.261579389935179, -6.508349089901447 ], [ 138.26176007503679, -6.508350069636458 ], [ 138.261714986766663, -6.516662957995032 ], [ 138.263341180626298, -6.516671784062295 ], [ 138.263316665996541, -6.521189663064343 ], [ 138.263678045942584, -6.521191625073352 ], [ 138.263677065125563, -6.52137234026956 ], [ 138.26385775520481, -6.521373321204602 ], [ 138.26403648385272, -6.521735732572799 ], [ 138.264939935449888, -6.521740636230402 ], [ 138.264913453604379, -6.526619951085833 ], [ 138.266720376321928, -6.526629760952201 ], [ 138.266701741102793, -6.530063357462456 ], [ 138.268327984973865, -6.530072185496596 ], [ 138.268314255501423, -6.532602207094142 ], [ 138.268856340007062, -6.53260514975734 ], [ 138.268853397852553, -6.533147297452058 ], [ 138.26939548318984, -6.533150239779212 ], [ 138.269394502610339, -6.533330955756639 ], [ 138.271743542794042, -6.533343699467521 ], [ 138.271734723901545, -6.534970146398609 ], [ 138.281673054586122, -6.535023954606374 ], [ 138.281681841450421, -6.533397494171118 ], [ 138.284934393694698, -6.533415057199103 ], [ 138.284944142612829, -6.531607873902248 ], [ 138.28675111347107, -6.531617619362107 ], [ 138.286759879321266, -6.52999115182486 ], [ 138.290012423326573, -6.530008672950267 ], [ 138.290021176472408, -6.528382200895932 ], [ 138.293273718913611, -6.52839969667168 ], [ 138.293283430383667, -6.526592500479957 ], [ 138.29671666700014, -6.526610940367149 ], [ 138.296725393924334, -6.524984459038004 ], [ 138.301604205181746, -6.525010616371169 ], [ 138.301612914184489, -6.523384128351019 ], [ 138.305046152656161, -6.523402502502055 ], [ 138.305055814452345, -6.52159528832166 ], [ 138.308308353642644, -6.521612669040024 ], [ 138.308317036460011, -6.519986171784095 ], [ 138.309943304143843, -6.51999485211165 ], [ 138.309951979519639, -6.518368352556108 ], [ 138.311578244185228, -6.518377025470681 ], [ 138.311586912122038, -6.5167505236169 ], [ 138.312851782101291, -6.516757263905323 ], [ 138.312852744617231, -6.516576541281482 ], [ 138.313394831966633, -6.516579428927578 ], [ 138.313403491641083, -6.514952924521807 ], [ 138.316656010434968, -6.514970233841995 ], [ 138.316664657450843, -6.513343724962847 ], [ 138.318290914931339, -6.513352369605943 ], [ 138.318299554517864, -6.511725858434154 ], [ 138.319925808978496, -6.511734495676277 ], [ 138.319935400131214, -6.509927258487943 ], [ 138.323368598973929, -6.509945470411431 ], [ 138.323377217663733, -6.508318952231539 ], [ 138.328255975112626, -6.508344785781046 ], [ 138.328264575942683, -6.506718260975553 ], [ 138.331155691515647, -6.506733543717485 ], [ 138.331156645996913, -6.506552818303947 ], [ 138.331698730745529, -6.506555681901041 ], [ 138.331707318118788, -6.504929152393117 ], [ 138.336586076159307, -6.504954892175635 ], [ 138.336594645687626, -6.5033283560625 ], [ 138.340027846587276, -6.50334643652584 ], [ 138.340039254538311, -6.501177715449059 ], [ 138.341665504042851, -6.501186268885403 ], [ 138.341672152830512, -6.499921179817512 ], [ 138.344924650280831, -6.499938267688324 ], [ 138.344933186353387, -6.498311720186858 ], [ 138.348366376569032, -6.498329730207158 ], [ 138.348374899456218, -6.496703178044942 ], [ 138.358674495315029, -6.496757055079149 ], [ 138.358675438500597, -6.496576325542816 ], [ 138.363192830985668, -6.496599889195551 ], [ 138.363195655556211, -6.496057698595159 ], [ 138.363376351410579, -6.496058640225408 ], [ 138.363381999443419, -6.494974258827721 ], [ 138.36663452244693, -6.4949911943174 ], [ 138.366642982271088, -6.493364617848502 ], [ 138.368269241809998, -6.493373075639842 ], [ 138.368277694261565, -6.491746496919574 ], [ 138.368458389320722, -6.491747436115275 ], [ 138.368459328284217, -6.491566705112884 ], [ 138.369362803658873, -6.491571399994973 ], [ 138.369364680862901, -6.491209937722348 ], [ 138.370087461128719, -6.491213692259703 ], [ 138.370094028702084, -6.489948573522951 ], [ 138.371358892044668, -6.489955140196994 ], [ 138.37136170496899, -6.48941294587822 ], [ 138.371723094349875, -6.489414821334196 ], [ 138.371728718707288, -6.48833043234231 ], [ 138.37317427421246, -6.488337930331313 ], [ 138.373175210997971, -6.488157198617113 ], [ 138.37335590549182, -6.488158135550187 ], [ 138.373363398302388, -6.486712281574948 ], [ 138.374989645319829, -6.486720709186329 ], [ 138.375007422927041, -6.483286801132798 ], [ 138.376633661118859, -6.483295219043791 ], [ 138.376642073534896, -6.481668628710248 ], [ 138.378268308682124, -6.481677039290933 ], [ 138.378276713743446, -6.480050446714444 ], [ 138.380083638434797, -6.480059783341235 ], [ 138.380092968448253, -6.478252455496054 ], [ 138.383345428038922, -6.478269240526108 ], [ 138.383353812386019, -6.476642641095088 ], [ 138.394918145782356, -6.476702137735487 ], [ 138.394909798387687, -6.478328752232033 ], [ 138.396716741045395, -6.478338027190001 ], [ 138.396708397285494, -6.479964643919847 ], [ 138.398334653133475, -6.479972988006444 ], [ 138.398326312433568, -6.481599606733401 ], [ 138.399952575618812, -6.481607947730578 ], [ 138.399926629286199, -6.486668545157858 ], [ 138.401733608869279, -6.486677814123092 ], [ 138.401707659852036, -6.491738417730243 ], [ 138.403333959928005, -6.491746760861927 ], [ 138.40330893371825, -6.496626633896483 ], [ 138.40493525155938, -6.496634978138176 ], [ 138.404918567176367, -6.499888230466301 ], [ 138.405279973747923, -6.49989008497011 ], [ 138.405279046716402, -6.500070821249071 ], [ 138.406724674570768, -6.500078236896335 ], [ 138.406716334738462, -6.501704865214238 ], [ 138.40834267330348, -6.501713204994665 ], [ 138.40832599768035, -6.504966465493045 ], [ 138.409952348811373, -6.504974804260775 ], [ 138.409944013024557, -6.506601436439918 ], [ 138.411751078133506, -6.506610697949352 ], [ 138.41174182009749, -6.508418069496329 ], [ 138.413368186742758, -6.508426401676079 ], [ 138.413351526106311, -6.511679674302113 ], [ 138.414977905324719, -6.511688005455571 ], [ 138.414969577042854, -6.513314643694383 ], [ 138.416595963611627, -6.513322971719138 ], [ 138.416587638431793, -6.514949611939975 ], [ 138.418394742917513, -6.514958861498776 ], [ 138.418377172829821, -6.518392884280631 ], [ 138.420003580146101, -6.518401207786042 ], [ 138.41998693653909, -6.521654496242014 ], [ 138.421613356439821, -6.521662818702284 ], [ 138.421598564306066, -6.524554633997298 ], [ 138.421779278793167, -6.524555558805333 ], [ 138.421777429434712, -6.524917035743259 ], [ 138.423403862159461, -6.524925356571291 ], [ 138.423378901289624, -6.529805300951089 ], [ 138.423740334563604, -6.529807150706766 ], [ 138.423739409850214, -6.529987889419195 ], [ 138.425004427585606, -6.529994361706668 ], [ 138.424987786426669, -6.533247661538333 ], [ 138.42661425016513, -6.5332559825705 ], [ 138.426589288283679, -6.538135937719817 ], [ 138.426950728453875, -6.538137787518225 ], [ 138.426949803703621, -6.538318526629441 ], [ 138.428395565947085, -6.538325923437912 ], [ 138.42838724668411, -6.539952577230357 ], [ 138.430013736452395, -6.539960895770182 ], [ 138.42999710208278, -6.543214207181385 ], [ 138.43162360446334, -6.543222524642415 ], [ 138.431615289360707, -6.544849182259838 ], [ 138.431796012561335, -6.544850106329596 ], [ 138.431795088595521, -6.545030846083468 ], [ 138.43342159915764, -6.5450391600245 ], [ 138.433404973823059, -6.548292479517514 ], [ 138.435031497003166, -6.548300792370108 ], [ 138.435023186426321, -6.549927454025605 ], [ 138.436649716971345, -6.549935763703443 ], [ 138.436632176594514, -6.553369831212061 ], [ 138.438258720347477, -6.553378140023344 ], [ 138.438250413729321, -6.555004805479937 ], [ 138.440057692880941, -6.555014033632686 ], [ 138.440049390002429, -6.556640701282944 ], [ 138.441675948722349, -6.556649003143807 ], [ 138.441667649001687, -6.558275672755399 ], [ 138.443294215088116, -6.558283971429291 ], [ 138.443285918527977, -6.559910643000904 ], [ 138.444912491981029, -6.559918938485173 ], [ 138.444909727748836, -6.560461163008137 ], [ 138.44509045845723, -6.560462084480391 ], [ 138.445084008129271, -6.561727275163173 ], [ 138.44671058976752, -6.561735567100303 ], [ 138.446687557140905, -6.566254110439738 ], [ 138.46060407760703, -6.566324886389018 ], [ 138.460604994213185, -6.566144142707942 ], [ 138.497113979885114, -6.566327975861483 ], [ 138.497114883321558, -6.566147227075859 ], [ 138.533624892747554, -6.566328399708749 ], [ 138.533625783013207, -6.566147645892297 ], [ 138.541397845333819, -6.566185868452671 ], [ 138.541398732776003, -6.5660051135737 ], [ 138.54157947889604, -6.566006001013929 ], [ 138.541745862377127, -6.532024053942854 ], [ 138.54156512845978, -6.532023171134074 ], [ 138.54171746863264, -6.500752509753367 ], [ 138.540994577900392, -6.500748994919464 ], [ 138.540995456566463, -6.500568239627346 ], [ 138.539730399196742, -6.500562086359889 ], [ 138.539732157355843, -6.500200576116471 ], [ 138.539551435103164, -6.500199696869847 ], [ 138.539552314209658, -6.50001894177068 ], [ 138.523106699825092, -6.499938662894792 ], [ 138.523105814857246, -6.500119415743024 ], [ 138.487323757758844, -6.499942894977453 ], [ 138.487322860013506, -6.50012364287496 ], [ 138.458408785685009, -6.499979150953216 ], [ 138.458414233592038, -6.498894687853987 ], [ 138.458233523082157, -6.498893779747193 ], [ 138.458414601608268, -6.462744985786466 ], [ 138.458233903964413, -6.462744082708308 ], [ 138.458254663339886, -6.458586968375974 ], [ 138.458073967193741, -6.458586065819476 ], [ 138.458074869529838, -6.458405321726665 ], [ 138.43259698093587, -6.458277424237436 ], [ 138.43259606957966, -6.45845816472163 ], [ 138.416695232445619, -6.458377695166678 ], [ 138.416748374277574, -6.4478948764365 ], [ 138.416567687817178, -6.447893960663382 ], [ 138.41672568458651, -6.416626219114705 ], [ 138.413473531147673, -6.416609804911231 ], [ 138.413472618980791, -6.416790542956248 ], [ 138.377157472532502, -6.416605846762508 ], [ 138.377156547567637, -6.416786579561868 ], [ 138.374988512202464, -6.416775471375485 ], [ 138.375082799288492, -6.398340750782566 ], [ 138.374902136318951, -6.398339827369196 ], [ 138.375071534251333, -6.365085005291228 ], [ 138.374890882933954, -6.365084086652416 ], [ 138.374949596822432, -6.353517182628007 ], [ 138.374407655117494, -6.353514431381862 ], [ 138.374408571846004, -6.35333369854013 ], [ 138.374227924727137, -6.353332781358521 ], [ 138.374233424916667, -6.352248384436692 ], [ 138.37405277820173, -6.352247467349953 ], [ 138.374053694869758, -6.352066734551079 ], [ 138.373150462008823, -6.352062148305166 ], [ 138.373151378964621, -6.351881415636424 ], [ 138.37297073253518, -6.351880498224808 ], [ 138.372978984505181, -6.350253904380344 ], [ 138.37279833866819, -6.350252987142624 ], [ 138.372797421826277, -6.35043371977126 ], [ 138.370629673105697, -6.35042270769685 ], [ 138.370630590702007, -6.350241975384094 ], [ 138.370449945211305, -6.350241057328729 ], [ 138.370448109866345, -6.350602521900177 ], [ 138.368461009845078, -6.350592418560458 ], [ 138.368471110528958, -6.34860436653652 ], [ 138.369374333954312, -6.348608958457822 ], [ 138.369376169467131, -6.348247494171876 ], [ 138.369556814106488, -6.348248412314809 ], [ 138.369557731760096, -6.348067680143406 ], [ 138.369738376363244, -6.348068598197119 ], [ 138.369739293927353, -6.347887865997981 ], [ 138.370101500499743, -6.347708969610893 ], [ 138.370106087158689, -6.346805308323988 ], [ 138.370828664291793, -6.346808978669712 ], [ 138.370829581292298, -6.346628246302816 ], [ 138.371191786741321, -6.346449348624906 ], [ 138.371195453867756, -6.345726418927228 ], [ 138.373182539621297, -6.345736504071932 ], [ 138.373187119475176, -6.34483284047105 ], [ 138.37499356072388, -6.344842000870091 ], [ 138.375049343074863, -6.333817286101779 ], [ 138.374868702658262, -6.333816371948404 ], [ 138.37487144368697, -6.333274172807108 ], [ 138.374329523161038, -6.333271430207235 ], [ 138.374328609323328, -6.33345216317684 ], [ 138.363490245396179, -6.333397191046416 ], [ 138.363489327770196, -6.333577922433594 ], [ 138.362224857797372, -6.333571494124101 ], [ 138.362222103442491, -6.334113687722666 ], [ 138.360235079776999, -6.334103579011359 ], [ 138.36023783620081, -6.333561386284896 ], [ 138.360057198034326, -6.333560467014062 ], [ 138.360058116851462, -6.333379736128903 ], [ 138.337659199883092, -6.333265263719583 ], [ 138.337658273292504, -6.333445991312427 ], [ 138.333323045340506, -6.333423723329593 ], [ 138.333419422507262, -6.314628112836408 ], [ 138.333238794856328, -6.314627186997214 ], [ 138.333342265845999, -6.294385746530749 ], [ 138.332439162937391, -6.294381131354134 ], [ 138.332449310416592, -6.292393133269816 ], [ 138.333352409899703, -6.292397746977467 ], [ 138.33341964671007, -6.279204654798524 ], [ 138.333239031300394, -6.279203734131013 ], [ 138.33329694579021, -6.267817910627216 ], [ 138.333116334318703, -6.267816991579924 ], [ 138.33311725279404, -6.26763626420535 ], [ 138.332756030056004, -6.267634425977985 ], [ 138.332768887610911, -6.265104243337193 ], [ 138.33313102668285, -6.26492535342155 ], [ 138.333137452417873, -6.263660261616485 ], [ 138.333318062463348, -6.263661180049586 ], [ 138.333418857698007, -6.243781154188732 ], [ 138.333238254459502, -6.243780238692938 ], [ 138.333415236341381, -6.208719066948061 ], [ 138.333234645081092, -6.208718156570615 ], [ 138.333419666332446, -6.171849658019792 ], [ 138.333239087592489, -6.171848753027728 ], [ 138.333265300214919, -6.166607639125623 ], [ 138.330917802059872, -6.166595878737983 ], [ 138.330916897761142, -6.166776606475304 ], [ 138.316651425538765, -6.166704915517755 ], [ 138.316643242256163, -6.168331446042409 ], [ 138.318268419040294, -6.168339634774231 ], [ 138.318261147558388, -6.169785441526476 ], [ 138.318441723380573, -6.169786351295001 ], [ 138.318440814384218, -6.169967077159776 ], [ 138.320065998553957, -6.169975262569265 ], [ 138.32005873000125, -6.171421071371012 ], [ 138.320239306644083, -6.171421980770164 ], [ 138.320238398013998, -6.171602706891105 ], [ 138.321683012621207, -6.171609980099261 ], [ 138.321665752778813, -6.175043780216249 ], [ 138.323290956728243, -6.175051962485002 ], [ 138.323245516838512, -6.18408828830309 ], [ 138.323426098247182, -6.184089198478294 ], [ 138.323396072836061, -6.190053172541176 ], [ 138.321590239770558, -6.1900440591875 ], [ 138.32157657291549, -6.192754951977895 ], [ 138.321757157018823, -6.192755863991291 ], [ 138.321737102611763, -6.196731840119668 ], [ 138.319931249316141, -6.196722711325265 ], [ 138.319923035940491, -6.198349244409926 ], [ 138.318478350842753, -6.19834193502444 ], [ 138.318477437619237, -6.198522660701196 ], [ 138.318296852042806, -6.198521746725 ], [ 138.318281322047312, -6.201594082564839 ], [ 138.316836630071634, -6.201586764893352 ], [ 138.316835715807315, -6.20176749030386 ], [ 138.316655129371213, -6.201766575291752 ], [ 138.316646899218028, -6.203393103683153 ], [ 138.315021617545312, -6.203384863634228 ], [ 138.315013380220222, -6.205011389738273 ], [ 138.313388095777441, -6.20500314253627 ], [ 138.313379851277801, -6.206629666351594 ], [ 138.309948691969595, -6.206612234647581 ], [ 138.309939517162576, -6.208419478087439 ], [ 138.309036579065406, -6.208414885762998 ], [ 138.309034743162982, -6.208776334165197 ], [ 138.308672649754186, -6.20895522084253 ], [ 138.308670813442603, -6.209316669128754 ], [ 138.308490225652264, -6.209315750221792 ], [ 138.308488389108874, -6.209677198448655 ], [ 138.308307801222924, -6.209676279426318 ], [ 138.308297697610129, -6.211664244279917 ], [ 138.306672401780105, -6.211655967643412 ], [ 138.306664127757102, -6.213282482035164 ], [ 138.305038829157382, -6.213274198232252 ], [ 138.305029627675253, -6.215081433887676 ], [ 138.303404325752524, -6.215073142672824 ], [ 138.303396037104875, -6.216699652459459 ], [ 138.301590143138753, -6.216690431722133 ], [ 138.301581846743886, -6.218316938967162 ], [ 138.29833123452579, -6.21830032175026 ], [ 138.298322925950941, -6.219926824504912 ], [ 138.295072312627696, -6.219910182956483 ], [ 138.295063067201824, -6.221717403237339 ], [ 138.280074191859683, -6.221640386561234 ], [ 138.280082558837194, -6.220013908601316 ], [ 138.276651407674109, -6.21999622325223 ], [ 138.276657921963903, -6.218731188386318 ], [ 138.27575499125436, -6.218726531606957 ], [ 138.275756852847053, -6.218365093334202 ], [ 138.275034509267925, -6.218361367020797 ], [ 138.275042887283973, -6.216734895707561 ], [ 138.273417620826876, -6.216726510111679 ], [ 138.273423208250051, -6.215642197314833 ], [ 138.273242623595053, -6.215641265438035 ], [ 138.273246348237734, -6.214918390321912 ], [ 138.271621089798742, -6.21491000164489 ], [ 138.271637855181865, -6.211657067774831 ], [ 138.270012608936781, -6.211648678540853 ], [ 138.270020993248892, -6.210022213652553 ], [ 138.268395754218631, -6.210013821652296 ], [ 138.268421839903425, -6.204953714846489 ], [ 138.266616038578178, -6.204944392221619 ], [ 138.266641188665631, -6.200065009885575 ], [ 138.265015984746896, -6.200056620923245 ], [ 138.265090429213245, -6.185599205633797 ], [ 138.264909856038713, -6.185598275410547 ], [ 138.26496464893458, -6.174935927649745 ], [ 138.266589776043219, -6.174944282919356 ], [ 138.266614803787093, -6.1700648952009 ], [ 138.268420486719151, -6.170074165640894 ], [ 138.268423264504122, -6.169532010567993 ], [ 138.268242696269567, -6.169531083880881 ], [ 138.26825750789709, -6.16663959038935 ], [ 138.270063181725703, -6.166648850138009 ], [ 138.270071504667783, -6.165022382435413 ], [ 138.271696608536018, -6.165030708776964 ], [ 138.271704924302128, -6.16340423875113 ], [ 138.274955128869806, -6.163420872182408 ], [ 138.274964355016181, -6.161613678222168 ], [ 138.276589455165691, -6.16162198507033 ], [ 138.276597751404125, -6.159995508180828 ], [ 138.28002851529601, -6.160013023976457 ], [ 138.280036798885362, -6.15838654231765 ], [ 138.284912097228812, -6.158411388706098 ], [ 138.284921282158962, -6.156604179388498 ], [ 138.286365813977426, -6.156611530572532 ], [ 138.286367649659525, -6.156250088257944 ], [ 138.286548216138613, -6.156251006827358 ], [ 138.286550969273151, -6.155708843263801 ], [ 138.288356633747583, -6.155718024791413 ], [ 138.288357550795354, -6.15553730332929 ], [ 138.286551886929772, -6.155528122073235 ], [ 138.286561979340064, -6.153540188887466 ], [ 138.288728768273018, -6.153551202079202 ], [ 138.288721434511189, -6.154996974291891 ], [ 138.291610500358075, -6.155011648374713 ], [ 138.291755775050177, -6.1262768403783 ], [ 138.291575217885622, -6.126275928016185 ], [ 138.291644417273403, -6.112541041233783 ], [ 138.290561102458099, -6.11253557815332 ], [ 138.29057201856233, -6.110366913060051 ], [ 138.291113673670878, -6.11036964389625 ], [ 138.291119129155362, -6.109285310788739 ], [ 138.29129968055048, -6.109286220783804 ], [ 138.291300589641565, -6.109105498567391 ], [ 138.291661692393177, -6.109107318321867 ], [ 138.291716180473912, -6.098263979621293 ], [ 138.291535632706058, -6.098263071401006 ], [ 138.291550147169517, -6.095371514030552 ], [ 138.291730693972767, -6.095372421817057 ], [ 138.2917316008336, -6.095191699442872 ], [ 138.291370507375092, -6.095189883863748 ], [ 138.291382295639949, -6.092840493582052 ], [ 138.291562841572102, -6.092841401049317 ], [ 138.291563748109695, -6.092660678683442 ], [ 138.291383202237768, -6.092659771243291 ], [ 138.291385921866919, -6.09211760421895 ], [ 138.290483193822098, -6.092113066520325 ], [ 138.290484100611565, -6.091932344311783 ], [ 138.290123916588499, -6.091749806708816 ], [ 138.290129357308132, -6.090665473746809 ], [ 138.289948812318073, -6.090664566122579 ], [ 138.289949719069, -6.090483843984675 ], [ 138.289227539623852, -6.090480212993385 ], [ 138.289229353525201, -6.090118768930595 ], [ 138.28868771959057, -6.090116045216937 ], [ 138.288691347786937, -6.089393157400904 ], [ 138.288331166217034, -6.089210619604436 ], [ 138.288334794346611, -6.088487731978695 ], [ 138.288154250353358, -6.088486824077311 ], [ 138.288155157377417, -6.088306102194665 ], [ 138.287071894355194, -6.088300653683646 ], [ 138.287069172117072, -6.088842818838839 ], [ 138.284361016174756, -6.088829186846879 ], [ 138.284374638439971, -6.086118367063343 ], [ 138.284735723736162, -6.086120184630339 ], [ 138.284918081899463, -6.085759650499769 ], [ 138.286362423439272, -6.085766917441349 ], [ 138.286363330653671, -6.085586195810119 ], [ 138.288349302476803, -6.085596181261027 ], [ 138.28835111549941, -6.085234737397169 ], [ 138.290337089317177, -6.085244714962266 ], [ 138.290337995125441, -6.085063992729856 ], [ 138.291060168004407, -6.085067619019802 ], [ 138.291061073544569, -6.084886896677571 ], [ 138.291422160028105, -6.084888709406912 ], [ 138.29142306542056, -6.084707987009109 ], [ 138.291242522225247, -6.084707080701669 ], [ 138.291063790000692, -6.08434472964283 ], [ 138.290883246980542, -6.084343823269164 ], [ 138.290882341462378, -6.0845245455883 ], [ 138.288354741215528, -6.084511849653358 ], [ 138.288358366492844, -6.083788961888088 ], [ 138.288177824064348, -6.08378805469246 ], [ 138.287999094378023, -6.083425703654511 ], [ 138.287818552124691, -6.083424796392736 ], [ 138.287814926344879, -6.084147683842981 ], [ 138.285648418557486, -6.08413679070113 ], [ 138.285652047224943, -6.083413904554544 ], [ 138.284388254525425, -6.083407546977874 ], [ 138.284386439404415, -6.083768989673375 ], [ 138.282400480843904, -6.083758992636132 ], [ 138.282402297288371, -6.083397550538872 ], [ 138.277347148424667, -6.083372072180245 ], [ 138.277343508688233, -6.084094953319858 ], [ 138.27499647949503, -6.084083106616988 ], [ 138.275000122359586, -6.083360226895151 ], [ 138.272653100952112, -6.08334837143395 ], [ 138.272649454959463, -6.084071249736789 ], [ 138.272288374675327, -6.084069424698067 ], [ 138.27228746298789, -6.084250144215816 ], [ 138.270301522736332, -6.084240101896663 ], [ 138.270305171967436, -6.083517225019407 ], [ 138.270124632350814, -6.083516311829271 ], [ 138.270125544649716, -6.083335592633923 ], [ 138.252793876042205, -6.0832476486614 ], [ 138.252792957968921, -6.083428365225217 ], [ 138.250084906935712, -6.083414573442569 ], [ 138.250092257961001, -6.0819688441958 ], [ 138.24991172192901, -6.081967924482157 ], [ 138.249975971685018, -6.069317791831767 ], [ 138.249434376370431, -6.069315038110763 ], [ 138.249438044389194, -6.068592173519535 ], [ 138.249076981465237, -6.068590337625453 ], [ 138.249089817705851, -6.066060312158053 ], [ 138.249451795495958, -6.06588143111128 ], [ 138.249453628504028, -6.065519998767379 ], [ 138.249995220039409, -6.065522750754106 ], [ 138.250008961355775, -6.062812006765165 ], [ 138.249828431715457, -6.062811089909181 ], [ 138.24984033657438, -6.060461778566014 ], [ 138.250020865435602, -6.060462695064165 ], [ 138.250049233123406, -6.054860489325187 ], [ 138.249868706118718, -6.054859573680327 ], [ 138.249880595071431, -6.052510261571195 ], [ 138.250061121298103, -6.052511176858228 ], [ 138.250091277868592, -6.046547536503723 ], [ 138.249910753615524, -6.046546622125004 ], [ 138.249935406265621, -6.041667279677172 ], [ 138.234049523055035, -6.041586645602988 ], [ 138.234048605099474, -6.041767359578152 ], [ 138.200291812680547, -6.041594469675542 ], [ 138.20029088352905, -6.041775178441092 ], [ 138.166715579438147, -6.041601134052717 ], [ 138.166748471431191, -6.035276509960511 ], [ 138.166567963799935, -6.035275569641167 ], [ 138.166664562826156, -6.016663097841613 ], [ 138.165040050638851, -6.016654658573359 ], [ 138.165048481711608, -6.015028327708207 ], [ 138.163243476242883, -6.015018947642616 ], [ 138.163251910343689, -6.013392619223214 ], [ 138.161627412687324, -6.013384174376202 ], [ 138.161636786534075, -6.011577145227646 ], [ 138.160012296548814, -6.011568698118805 ], [ 138.160020735369301, -6.009942374072125 ], [ 138.158396252520333, -6.009933924448534 ], [ 138.158413132804839, -6.006681280635557 ], [ 138.156608165277078, -6.006671891636542 ], [ 138.156615669386838, -6.005226274300658 ], [ 138.156254677175667, -6.005224396243046 ], [ 138.156255615178736, -6.005043694126956 ], [ 138.15499214376041, -6.005037119253119 ], [ 138.155000588232753, -6.003410801941381 ], [ 138.153376131856731, -6.003402346561477 ], [ 138.153385517210495, -6.001595329762265 ], [ 138.151580574346013, -6.00158593210298 ], [ 138.1515890240413, -5.999959619433981 ], [ 138.147257185722879, -5.999937046988886 ], [ 138.147256245560072, -6.000117747717283 ], [ 138.125055828066991, -6.000001523814346 ], [ 138.125078558963025, -5.995664790561475 ], [ 138.124898070982908, -5.995663842662193 ], [ 138.125023742588411, -5.97163110242492 ], [ 138.121594625878288, -5.971613153811782 ], [ 138.121603121495866, -5.96998688222617 ], [ 138.119978811495912, -5.969978375142423 ], [ 138.119987309534537, -5.968352105782447 ], [ 138.118363006668204, -5.96834359625036 ], [ 138.118371507125204, -5.966717329117334 ], [ 138.116747211392436, -5.966708817139553 ], [ 138.116755714265167, -5.965082552234792 ], [ 138.113326663324614, -5.965064571741147 ], [ 138.113336119388379, -5.96325761609399 ], [ 138.110087565130158, -5.963240567496475 ], [ 138.110090404561589, -5.962698482336946 ], [ 138.109909929779008, -5.962697534719048 ], [ 138.109915608206961, -5.961613364537524 ], [ 138.10829133965845, -5.961604834884462 ], [ 138.108299860099123, -5.959978581865259 ], [ 138.105051339641818, -5.95996151292024 ], [ 138.105059867252749, -5.958335264483048 ], [ 138.093509683017032, -5.95827443693714 ], [ 138.093508731854769, -5.958455129355756 ], [ 138.059580751920748, -5.958275047048994 ], [ 138.059579789664468, -5.958455733967209 ], [ 138.041713875207961, -5.958360063358886 ], [ 138.041744839016047, -5.952578174795551 ], [ 138.041564378607035, -5.952577206426829 ], [ 138.041742799197607, -5.919150641850227 ], [ 138.041562349663195, -5.919149678898275 ], [ 138.041575810959614, -5.916620099597515 ], [ 138.039049532069583, -5.916606617928083 ], [ 138.039048569924631, -5.916787301757958 ], [ 138.00476392688401, -5.916603196833673 ], [ 138.004762953608605, -5.916783875001541 ], [ 138.000071454013039, -5.916758516650824 ], [ 138.000080226071219, -5.915132420109045 ], [ 137.999899784713563, -5.91513144426825 ], [ 138.000080535419158, -5.881525430522918 ], [ 137.999900104923285, -5.881524460205778 ], [ 138.000001684973086, -5.862553306298115 ], [ 137.999821260594302, -5.86255233907394 ], [ 137.999833814695563, -5.860203528918269 ], [ 138.00001423832208, -5.860204495752322 ], [ 138.000032576318546, -5.856771618399295 ], [ 137.999671731293404, -5.85676968581364 ], [ 137.999673661204156, -5.85640833039511 ], [ 137.999493238852665, -5.856407364075459 ], [ 137.999494203820404, -5.856226686394226 ], [ 137.998411670694338, -5.85622088744061 ], [ 137.998412635978667, -5.856040209938171 ], [ 137.99823221395485, -5.856039243273297 ], [ 137.998238970501404, -5.85477450092944 ], [ 137.998058548912496, -5.854773534416861 ] ] ] } }
]
}
